product_handle*,rating*,author*,content,author_country,author_email,commented_at*,reply,reply_at,verify_purchase,feature,item_type,photo_url_1,photo_url_2,photo_url_3,photo_url_4,photo_url_5,video_url
serenity-in-stripes-1,5,Rue,Love the vibrant purple swirls! This piece adds such energy to my living room.,US,,11/25/2024,,,yes,,,,,,,,
serenity-in-stripes-1,3,BeatBargainBrowser,"Interesting abstract design, but the colors are a bit too muted for my taste.",US,,11/23/2024,,,yes,,,,,,,,
serenity-in-stripes-1,5,Perseus,Absolutely stunning! The interplay of shapes and colors is mesmerizing. I can't stop staring at it.,US,,11/21/2024,,,yes,,,,,,,,
serenity-in-stripes-1,5,Cypress,The perfect blend of modern and classic. It's become a real conversation starter in my home office.,US,,11/20/2024,,,yes,,,,,,,,
serenity-in-stripes-1,2,Talia,"Meh. It's okay, I guess.",US,,11/19/2024,,,yes,,,,,,,,
serenity-in-stripes-1,5,ZephyrZenith,"This artwork exceeded my expectations! The quality is superb, and it arrived well-packaged. The abstract design is both soothing and intriguing - I find myself noticing new details every day. Highly recommend!",US,,11/16/2024,,,yes,,,,,,,,
serenity-in-stripes-1,5,TaiwanBubbleTea_Chewy,Absolutely love it! The purple ribbons are so graceful.,US,,11/13/2024,,,yes,,,,,,,,
serenity-in-stripes-1,3,WallArtWizard,"Not sure what it's supposed to be, but it looks nice on my wall.",US,,11/20/2024,,,yes,,,,,,,,
serenity-in-stripes-1,5,AetherAscent,"This painting is a masterpiece! The way the artist has blended the cool grays with pops of purple and coral is simply breathtaking. It's become the focal point of my dining room, and I've received countless compliments. Thank you, Zenarart!",US,,11/24/2024,,,yes,,,,,,,,
serenity-in-stripes-1,5,PrismaPlanet,Beautiful abstract piece. Love how it ties my room together.,US,,11/16/2024,,,yes,,,,,,,,
serenity-in-stripes-1,3,Apus,It's fine. Nothing special.,US,,11/25/2024,,,yes,,,,,,,,
serenity-in-stripes-1,5,Acacia,Wow! This artwork is even more stunning in person. The subtle textures and depth aren't fully captured online. So happy with my purchase!,US,,11/23/2024,,,yes,,,,,,,,
serenity-in-stripes-1,5,Kyla,Elegant and eye-catching. Love it!,US,,11/21/2024,,,yes,,,,,,,,
serenity-in-stripes-1,3,Alaric,The colors looked different on my screen. Bit disappointed.,US,,11/20/2024,,,yes,,,,,,,,
serenity-in-stripes-1,5,YogaMatMaster,This piece speaks to my soul! The flowing lines and harmonious color palette create such a sense of movement and emotion. It's like having a window into another world right on my wall. Absolutely in love!,US,,11/19/2024,,,yes,,,,,,,,
serenity-in-stripes-1,5,DecorDiva,Gorgeous artwork! Arrived quickly and securely packaged.,US,,11/16/2024,,,yes,,,,,,,,
serenity-in-stripes-1,5,BasketballWizard,This painting is everything I hoped for and more! The abstract design is both calming and intriguing. I find myself getting lost in the swirls and shapes. It's become my favorite piece in the house!,US,,11/13/2024,,,yes,,,,,,,,
serenity-in-stripes-1,5,OrbitalOnyx,Stunning piece! The purple ribbons are so elegant.,US,,11/20/2024,,,yes,,,,,,,,
serenity-in-stripes-1,5,FrameFanatic,I'm in awe of this artwork! The way the artist has captured movement and fluidity is remarkable. It's like watching a dance frozen in time. Absolutely worth every penny!,US,,11/24/2024,,,yes,,,,,,,,
serenity-in-stripes-1,5,LinearProgramPro,Love the mix of abstract and geometric elements!,US,,11/16/2024,,,yes,,,,,,,,
serenity-in-stripes-1,5,Brody,"This painting is a showstopper! The subtle color transitions and bold purple strokes create such visual interest. It's become the centerpiece of my living room, and I couldn't be happier!",US,,11/25/2024,,,yes,,,,,,,,
serenity-in-stripes-1,5,Poppy,Absolutely love the energy of this piece!,US,,11/23/2024,,,yes,,,,,,,,
serenity-in-stripes-1,5,PlantBasedPurchaser,Wow! This artwork is a true conversation starter. The interplay of shapes and colors is so dynamic and engaging. I find myself noticing new details every time I look at it. Thrilled with my purchase!,US,,11/21/2024,,,yes,,,,,,,,
serenity-in-stripes-1,5,RiverRafter_Rapids,Beautiful abstract piece. Love the purple accents!,US,,11/20/2024,,,yes,,,,,,,,
serenity-in-stripes-1,5,BaliFolk_Indonesia,"This painting is a dream come true! The ethereal quality of the shapes and colors creates such a soothing atmosphere in my bedroom. It's like falling into a beautiful, abstract world every time I look at it. Couldn't be happier!",US,,11/19/2024,,,yes,,,,,,,,
serenity-in-stripes-1,5,BudgetBuyer101,Love the movement and flow in this piece!,US,,11/25/2024,,,yes,,,,,,,,
serenity-in-stripes-1,5,WallDecorDreamer,"This artwork is simply magical! The way the artist has captured light and shadow within the abstract forms is breathtaking. It's become the focal point of my home, and I fall in love with it more each day. Thank you, Zenarart, for bringing such beauty into my life!",US,,11/23/2024,,,yes,,,,,,,,
serenity-in-stripes-1,5,Nylah,Absolutely stunning! The colors are so vibrant.,US,,11/21/2024,,,yes,,,,,,,,
serenity-in-stripes-1,5,EtherealEpoch,I'm in awe of this piece! The way the shapes intertwine and flow is mesmerizing. It's like watching a beautiful dance unfold on my wall. So glad I made this purchase!,US,,11/20/2024,,,yes,,,,,,,,
red-star-rising,5,Scutum,This painting is a kaleidoscope of joy! The vibrant pinks and reds against the turquoise background are simply stunning. It's become the focal point of my living room.,US,,11/19/2024,,,yes,,,,,,,,
red-star-rising,5,MuralMaven,Absolutely mesmerizing! I can't stop finding new details in this piece. The way the artist has blended organic and geometric forms is truly masterful.,US,,11/16/2024,,,yes,,,,,,,,
red-star-rising,5,PremierePro_42,The perfect blend of whimsy and sophistication. It's sparked so many great conversations with guests!,US,,11/13/2024,,,yes,,,,,,,,
red-star-rising,5,Milo,"This artwork exceeded all my expectations! The colors are even more vibrant in person, and the intricate details are simply breathtaking. It's like having a portal to another world right on my wall. Absolutely in love!",US,,11/20/2024,,,yes,,,,,,,,
red-star-rising,4,VodkaMartini_Olive,"Cool piece, but wish it came in different color options.",US,,11/24/2024,,,yes,,,,,,,,
red-star-rising,5,Arden,The pink and red tones are so warm and inviting. Love it!,US,,11/16/2024,,,yes,,,,,,,,
red-star-rising,5,MediterraneanMoodBuyer,"This painting is a masterpiece! The way the artist has created a cohesive image from so many disparate shapes and colors is mind-blowing. It's become the centerpiece of my home office, inspiring creativity every day.",US,,11/25/2024,,,yes,,,,,,,,
red-star-rising,5,LucentLabyrinth,Beautiful abstract piece. I Love how it ties my eclectic decor together.,US,,11/23/2024,,,yes,,,,,,,,
red-star-rising,5,Plantain,Wow~ This artwork is even more stunning in person. The texture and depth aren't fully captured online. It's like a new painting every time I look at it!,US,,11/21/2024,,,yes,,,,,,,,
red-star-rising,5,Maxwell,Elegant and eye-catching. A true conversation starter!,US,,11/20/2024,,,yes,,,,,,,,
red-star-rising,5,Beckett,This piece speaks to my soul! The interplay of organic and geometric forms creates such a sense of balance and chaos simultaneously. It's like watching the universe unfold on my wall. Absolutely in love!,US,,11/19/2024,,,yes,,,,,,,,
red-star-rising,5,Enzo,Gorgeous artwork! Arrived quickly and securely packaged.,US,,11/16/2024,,,yes,,,,,,,,
red-star-rising,5,SparkSage_99,This painting is everything I hoped for and more! The abstract design is both calming and energizing. I find myself getting lost in the shapes and colors. It's become my favorite piece in the house!,US,,11/13/2024,,,yes,,,,,,,,
red-star-rising,5,Amelia,Stunning piece! The pink forms almost look like a fantastical creature.,US,,11/20/2024,,,yes,,,,,,,,
red-star-rising,5,MetabolomicsMaste,I'm in awe of this artwork! The way the artist has captured movement and energy within a structured framework is remarkable. It's like looking at the building blocks of joy. Absolutely worth every penny!,US,,11/24/2024,,,yes,,,,,,,,
red-star-rising,5,Axel,Love the mix of organic and geometric elements!,US,,11/16/2024,,,yes,,,,,,,,
red-star-rising,5,OrbitalOnyx,"This painting is a showstopper! The way the pink forms seem to burst out of the turquoise background creates such visual drama. It's become the centerpiece of my dining room, and I couldn't be happier!",US,,11/25/2024,,,yes,,,,,,,,
red-star-rising,5,TableLinenLover,Absolutely love the energy of this piece!,US,,11/23/2024,,,yes,,,,,,,,
red-star-rising,5,PageTurnerPurchaser,"Wow! This artwork is a true feast for the eyes. The longer I look, the more I see. It's like a puzzle that never stops revealing new secrets. Thrilled with my purchase!",US,,11/21/2024,,,yes,,,,,,,,
red-star-rising,5,PCPartsProspector,Beautiful abstract piece. The colors are so uplifting!,US,,11/20/2024,,,yes,,,,,,,,
red-star-rising,5,Lynx,"This painting is a dream come true! The way the shapes and colors flow together creates such a sense of harmony, despite the complexity. It's like having a window into a magical realm. Couldn't be happier!",US,,11/19/2024,,,yes,,,,,,,,
red-star-rising,3,TheatricalTreasureTrove,"Decent artwork, but overpriced in my opinion.",US,,11/25/2024,,,yes,,,,,,,,
red-star-rising,5,BermudianPeppermint_Cool,Love the playful energy in this piece!,US,,11/23/2024,,,yes,,,,,,,,
red-star-rising,5,AdventurousAppetiteBuyer,"This artwork is simply magical! The way the artist has balanced structure and fluidity is breathtaking. It's become the focal point of my home, and I fall in love with it more each day. Thank you, Zenarart, for bringing such beauty into my life!",US,,11/21/2024,,,yes,,,,,,,,
red-star-rising,5,SortingSuper,Absolutely stunning! The colors are so vibrant and joyful.,US,,11/20/2024,,,yes,,,,,,,,
pirate-ship-adventure,5,AuroraApex,Absolutely stunning! I can't stop finding new details in this piece. The way the artist blends colors and shapes is truly masterful.,US,,11/19/2024,,,yes,,,,,,,,
pirate-ship-adventure,5,PhotoWhiz_23,The perfect blend of complexity and harmony. It's sparked so many great conversations with guests!,US,,11/16/2024,,,yes,,,,,,,,
pirate-ship-adventure,4,Lilah,"Cool piece, but wish it came in different color schemes.",US,,11/13/2024,,,yes,,,,,,,,
pirate-ship-adventure,5,EconomyEditionEnthusiast,The interplay of warm and cool tones is so captivating. Love it!,US,,11/20/2024,,,yes,,,,,,,,
pirate-ship-adventure,5,Jasmine,"This painting is a masterpiece! The way the artist has created a cohesive image from so many disparate elements is mind-blowing. It's become the centerpiece of my home office, inspiring creativity every day.",US,,11/24/2024,,,yes,,,,,,,,
pirate-ship-adventure,2,NeonNomad,"Arrived with a small tear. Customer service was helpful, but still disappointed.",US,,11/16/2024,,,yes,,,,,,,,
pirate-ship-adventure,3,DebateChamp,It's fine. Adds some color to the room.,US,,11/25/2024,,,yes,,,,,,,,
pirate-ship-adventure,5,WallWonderSeeker,Wow! This artwork is even more stunning in person. The texture and depth aren't fully captured online. It's like a new painting every time I look at it!,US,,11/23/2024,,,yes,,,,,,,,
pirate-ship-adventure,5,Lucia,Elegant and thought-provoking. A true conversation starter!,US,,11/21/2024,,,yes,,,,,,,,
pirate-ship-adventure,3,SpectrumSymphony,Colors are more intense than they appeared online. Takes some getting used to.,US,,11/20/2024,,,yes,,,,,,,,
pirate-ship-adventure,5,ProdOpsProdigy,Gorgeous artwork! Arrived quickly and securely packaged.,US,,11/19/2024,,,yes,,,,,,,,
pirate-ship-adventure,5,LemmaLord_2023,This painting is everything I hoped for and more! The abstract design is both calming and energizing. I find myself getting lost in the shapes and colors. It's become my favorite piece in the house!,US,,11/16/2024,,,yes,,,,,,,,
pirate-ship-adventure,5,Luca,I'm in awe of this artwork! The way the artist has captured movement and energy within a structured composition is remarkable. It's like looking at the building blocks of imagination. Absolutely worth every penny!,US,,11/13/2024,,,yes,,,,,,,,
pirate-ship-adventure,5,Nico,Love the mix of geometric and fluid elements!,US,,11/20/2024,,,yes,,,,,,,,
pirate-ship-adventure,5,USVirginIslandsLemongrass_Fresh,Absolutely love the energy of this piece!,US,,11/24/2024,,,yes,,,,,,,,
pirate-ship-adventure,5,Saffron,"Wow! This artwork is a true feast for the eyes. The longer I look, the more I see. It's like a puzzle that never stops revealing new secrets. Thrilled with my purchase!",US,,11/16/2024,,,yes,,,,,,,,
pirate-ship-adventure,3,Bodhi,It's okay. Nothing to write home about.,US,,11/25/2024,,,yes,,,,,,,,
pirate-ship-adventure,5,Aster,"This painting is a dream come true! The way the shapes and colors flow together creates such a sense of harmony, despite the complexity. It's like having a portal to a magical realm. Couldn't be happier!",US,,11/23/2024,,,yes,,,,,,,,
pirate-ship-adventure,5,Orion,Love the playful energy in this piece!,US,,11/21/2024,,,yes,,,,,,,,
pirate-ship-adventure,5,OrbitalOmen,Absolutely stunning! The colors are so rich and the composition is intriguing.,US,,11/20/2024,,,yes,,,,,,,,
pirate-ship-adventure,5,Kaiden,I'm in awe of this piece! The way the shapes intertwine and flow is mesmerizing. It's like watching a beautiful dance of color and form unfold on my wall. So glad I made this purchase!,US,,11/19/2024,,,yes,,,,,,,,
mirror-reflection-a,5,ZeroWasteZealot,The pink sky against the blue building is so surreal. It's like a dream within a dream.,US,,11/25/2024,,,yes,,,,,,,,
mirror-reflection-a,5,Valentina,The contrast in Mirror Reflection between nature and urban life is thought-provoking.,US,,11/23/2024,,,yes,,,,,,,,
mirror-reflection-a,5,EgyptianHibiscus_Karkade,The tree in the building in Mirror Reflection gives me hope for urban environments.,US,,11/21/2024,,,yes,,,,,,,,
mirror-reflection-a,5,NimbusNectar,The juxtaposition in Mirror Reflection between nature and urban life is brilliant.,US,,11/20/2024,,,yes,,,,,,,,
mirror-reflection-a,4,Streamingstar,Mirror Reflection feels like a commentary on urban life. Thought-provoking!,US,,11/19/2024,,,yes,,,,,,,,
mirror-reflection-a,5,CoralReefDiver_Fish,The contrast between the pink sky and blue building in Mirror Reflection is stunning.,US,,11/16/2024,,,yes,,,,,,,,
mirror-reflection-a,5,StellarSolstice,Mirror Reflection makes me think about the role of nature in our cities. Inspiring!,US,,11/13/2024,,,yes,,,,,,,,
mirror-reflection-a,5,Knox,Mirror Reflection is a beautiful commentary on urban life and nature.,US,,11/20/2024,,,yes,,,,,,,,
mirror-reflection-a,5,Everett,The contrast in Mirror Reflection between the urban landscape and nature is striking.,US,,11/24/2024,,,yes,,,,,,,,
mirror-reflection-a,5,PaintingPlacer,Mirror Reflection makes me hopeful for the future of our cities. Inspiring!,US,,11/16/2024,,,yes,,,,,,,,
mirror-reflection-a,5,HealthHavenHoarder,Mirror Reflection is a perfect blend of surrealism and urban commentary.,US,,11/25/2024,,,yes,,,,,,,,
mirror-reflection-a,5,CosmoConsumer,Mirror Reflection makes me think about the relationship between nature and urban development.,US,,11/23/2024,,,yes,,,,,,,,
mirror-reflection-a,5,Emery,The contrast between the pink sky and blue building in Mirror Reflection is striking. It's both surreal and hopeful.,US,,11/21/2024,,,yes,,,,,,,,
mirror-reflection-a,4,Octavius,The juxtaposition of nature and urban elements in Mirror Reflection is thought-provoking. Great conversation starter.,US,,11/20/2024,,,yes,,,,,,,,
mirror-reflection-a,5,Asa,Mirror Reflection perfectly captures the feeling of urban isolation. The colors are beautiful.,US,,11/19/2024,,,yes,,,,,,,,
mirror-reflection-a,4,BelizianAllspice_Warm,The contrast between nature and urban life in Mirror Reflection is striking. It's thought-provoking.,US,,11/16/2024,,,yes,,,,,,,,
mirror-reflection-a,5,VortexVista,The juxtaposition of colors and shapes in Mirror Reflection is beautiful. It tells a story.,US,,11/13/2024,,,yes,,,,,,,,
mirror-reflection-a,4,Elliana,Mirror Reflection beautifully captures the tension between nature and urban development.,US,,11/20/2024,,,yes,,,,,,,,
mirror-reflection-a,4,Koa,Mirror Reflection perfectly captures the feeling of urban isolation. It's poignant.,US,,11/24/2024,,,yes,,,,,,,,
mirror-reflection-a,5,Jonah,The contrast between nature and urban life in Mirror Reflection is beautifully depicted.,US,,11/16/2024,,,yes,,,,,,,,
mirror-reflection-a,4,BeerBuff,Mirror Reflection beautifully captures the juxtaposition of nature and urban life.,US,,11/25/2024,,,yes,,,,,,,,
mirror-reflection-a,5,AfterEffectsAce,The contrast of colors and shapes in Mirror Reflection tells a compelling story.,US,,11/23/2024,,,yes,,,,,,,,
mirror-reflection-a,5,ObsessionObjectObtainer,The juxtaposition of nature and urban elements in Mirror Reflection is thought-provoking.,US,,11/21/2024,,,yes,,,,,,,,
mesmerizing-blue-circles-with-elegant-swirls,5,Amaranth,I love how the blue circles create a sense of movement. It's hypnotic!,US,,11/20/2024,,,yes,,,,,,,,
mesmerizing-blue-circles-with-elegant-swirls,5,Ada,Mesmerizing blue circles with elegant swirls reminds me of water droplets. So soothing!,US,,11/19/2024,,,yes,,,,,,,,
mesmerizing-blue-circles-with-elegant-swirls,5,Kaylee,Mesmerizing blue circles with elegant swirls is mesmerizing. I can't stop looking at it!,US,,11/25/2024,,,yes,,,,,,,,
mesmerizing-blue-circles-with-elegant-swirls,4,Boone,Mesmerizing blue circles with elegant swirls would look perfect in my beach house!,US,,11/23/2024,,,yes,,,,,,,,
mesmerizing-blue-circles-with-elegant-swirls,5,FrequentistFan,This wall art reminds me of spinning vinyl records. Very cool!,US,,11/21/2024,,,yes,,,,,,,,
mesmerizing-blue-circles-with-elegant-swirls,4,GadgetGuru777,The symmetry in Mesmerizing blue circles with elegant swirls is so satisfying.,US,,11/20/2024,,,yes,,,,,,,,
mesmerizing-blue-circles-with-elegant-swirls,3,HeirloomPlantHunter,Mesmerizing blue circles with elegant swirls would make a great album cover!,US,,11/19/2024,,,yes,,,,,,,,
mesmerizing-blue-circles-with-elegant-swirls,4,Dean,The patterns in Mesmerizing blue circles with elegant swirls are hypnotic. I love it!,US,,11/16/2024,,,yes,,,,,,,,
mesmerizing-blue-circles-with-elegant-swirls,5,Brianna,The patterns in Mesmerizing blue circles with elegant swirls are mesmerizing. It's like optical art!,US,,11/13/2024,,,yes,,,,,,,,
mesmerizing-blue-circles-with-elegant-swirls,4,Delphinium,Mesmerizing blue circles with elegant swirls reminds me of ripples in a pond. Very zen!,US,,11/20/2024,,,yes,,,,,,,,
mesmerizing-blue-circles-with-elegant-swirls,5,Cinnamon,The symmetry in Mesmerizing blue circles with elegant swirls is so satisfying. It's visually perfect!,US,,11/24/2024,,,yes,,,,,,,,
mesmerizing-blue-circles-with-elegant-swirls,4,Gemma,The patterns in Mesmerizing blue circles with elegant swirls remind me of peacock feathers. Beautiful!,US,,11/16/2024,,,yes,,,,,,,,
mesmerizing-blue-circles-with-elegant-swirls,5,Natalia,Mesmerizing blue circles with elegant swirls would look perfect in a modern art gallery!,US,,11/25/2024,,,yes,,,,,,,,
mesmerizing-blue-circles-with-elegant-swirls,5,Quinn,The circular patterns in Mesmerizing blue circles with elegant swirls are mesmerizing.,US,,11/23/2024,,,yes,,,,,,,,
mesmerizing-blue-circles-with-elegant-swirls,4,NomadNecessitiesNavigator,Mesmerizing blue circles with elegant swirls reminds me of bubbles in a bath. So relaxing!,US,,11/21/2024,,,yes,,,,,,,,
mesmerizing-blue-circles-with-elegant-swirls,5,MangroveNavigator_Root,The patterns in Mesmerizing blue circles with elegant swirls are hypnotic. I can't look away!,US,,11/20/2024,,,yes,,,,,,,,
mesmerizing-blue-circles-with-elegant-swirls,4,Dahlia,Mesmerizing blue circles with elegant swirls reminds me of a kaleidoscope. Very cool!,US,,11/19/2024,,,yes,,,,,,,,
mesmerizing-blue-circles-with-elegant-swirls,4,BiodegradableBuyer,Mesmerizing blue circles with elegant swirls feels like a modern take on op art. The circular patterns are hypnotic.,US,,11/16/2024,,,yes,,,,,,,,
mesmerizing-blue-circles-with-elegant-swirls,5,Calvin,Mesmerizing blue circles with elegant swirls reminds me of ripples on water. It's soothing and meditative.,US,,11/13/2024,,,yes,,,,,,,,
mesmerizing-blue-circles-with-elegant-swirls,4,Brady,The optical illusion effect in Mesmerizing blue circles with elegant swirls is fascinating. It keeps drawing me in.,US,,11/20/2024,,,yes,,,,,,,,
mesmerizing-blue-circles-with-elegant-swirls,5,WebGLWizard_101,The circular patterns in Mesmerizing blue circles with elegant swirls create a sense of movement and depth. It's captivating.,US,,11/24/2024,,,yes,,,,,,,,
mesmerizing-blue-circles-with-elegant-swirls,4,RunningRoadrunner,"Mesmerizing blue circles with elegant swirls reminds me of spinning vinyl records. It's got a cool, retro vibe.",US,,11/16/2024,,,yes,,,,,,,,
mesmerizing-blue-circles-with-elegant-swirls,5,Hailey,The optical illusion in Mesmerizing blue circles with elegant swirls is mesmerizing. I can't stop looking at it!,US,,11/25/2024,,,yes,,,,,,,,
mesmerizing-blue-circles-with-elegant-swirls,5,TensorFlowTitan,The circular patterns in Mesmerizing blue circles with elegant swirls create a hypnotic effect. It's captivating.,US,,11/23/2024,,,yes,,,,,,,,
mesmerizing-blue-circles-with-elegant-swirls,5,EarlGreyTea_Bergamot,Mesmerizing blue circles with elegant swirls reminds me of ripples in water. It's very calming.,US,,11/21/2024,,,yes,,,,,,,,
mesmerizing-blue-circles-with-elegant-swirls,5,Apollo,The optical illusion in Mesmerizing blue circles with elegant swirls is fascinating. It's a great conversation piece.,US,,11/20/2024,,,yes,,,,,,,,
mesmerizing-blue-circles-with-elegant-swirls,3,CosmicCascade,"Mesmerizing blue circles with elegant swirls creates an interesting visual effect, but it's a bit overwhelming.",US,,11/19/2024,,,yes,,,,,,,,
mesmerizing-blue-circles-with-elegant-swirls,5,CozyHomebody,The circular patterns in Mesmerizing blue circles with elegant swirls create a sense of infinity. It's captivating.,US,,11/25/2024,,,yes,,,,,,,,
mesmerizing-blue-circles-with-elegant-swirls,4,Elise,"Mesmerizing blue circles with elegant swirls reminds me of spinning records. It's got a cool, retro vibe.",US,,11/23/2024,,,yes,,,,,,,,
mesmerizing-blue-circles-with-elegant-swirls,5,RugRenegadeShopper,The optical illusion in Mesmerizing blue circles with elegant swirls is mesmerizing. It's a great conversation starter.,US,,11/21/2024,,,yes,,,,,,,,
finding-harmony-in-chaos-and-order,5,Soren,This painting is a kaleidoscope of emotions! The vibrant colors and intricate geometric shapes create a mesmerizing effect. It's become the focal point of my living room.,US,,11/20/2024,,,yes,,,,,,,,
finding-harmony-in-chaos-and-order,5,CraftyCommodities,Not my style. Too abstract.,US,,11/19/2024,,,yes,,,,,,,,
finding-harmony-in-chaos-and-order,2,RoadCyclingGear,"This artwork exceeded all my expectations! The colors are even more vibrant in person, and the intricate details are simply breathtaking. It's like having a window into another dimension right on my wall. Absolutely in love!",US,,11/16/2024,,,yes,,,,,,,,
finding-harmony-in-chaos-and-order,5,Leon,"Not sure what it represents, but it looks interesting on my wall.",US,,11/13/2024,,,yes,,,,,,,,
finding-harmony-in-chaos-and-order,5,GymEquipmentBuyer,Too abstract for my liking. Prefer more realistic art.,US,,11/20/2024,,,yes,,,,,,,,
finding-harmony-in-chaos-and-order,4,NovaNimbus,This piece speaks to my soul! The interplay of geometric and organic forms creates such a sense of balance and chaos simultaneously. It's like watching the universe unfold on my wall. Absolutely in love!,US,,11/24/2024,,,yes,,,,,,,,
finding-harmony-in-chaos-and-order,5,Musca,It's alright. Adds some visual interest to the room.,US,,11/16/2024,,,yes,,,,,,,,
finding-harmony-in-chaos-and-order,5,ScandinavianStyleFan,Meh. It's just okay.,US,,11/25/2024,,,yes,,,,,,,,
finding-harmony-in-chaos-and-order,5,Josue,Not really what I was expecting. A bit overwhelming in person.,US,,11/23/2024,,,yes,,,,,,,,
finding-harmony-in-chaos-and-order,3,WordReferenceWiz,Beautiful abstract piece. The colors are so vibrant and alive!,US,,11/21/2024,,,yes,,,,,,,,
finding-harmony-in-chaos-and-order,5,AmericanoSimple_Black,"Decent artwork, but overpriced in my opinion.",US,,11/20/2024,,,yes,,,,,,,,
finding-harmony-in-chaos-and-order,5,BoxingGearBuyer,Not really my thing. Too abstract and busy for my taste.,US,,11/19/2024,,,yes,,,,,,,,
feeling-blue,5,Fennel,"Intriguing composition, grows on you.",US,,11/16/2024,,,yes,,,,,,,,
feeling-blue,5,Aries,Love the dreamy underwater feel.,US,,11/13/2024,,,yes,,,,,,,,
feeling-blue,5,Harper,Brings life to my dining room.,US,,11/20/2024,,,yes,,,,,,,,
feeling-blue,5,MojitoMint_Fresh,Calming yet intriguing. Perfect balance.,US,,11/24/2024,,,yes,,,,,,,,
feeling-blue,3,InfinityIndigo,Grows on you the more you look at it.,US,,11/16/2024,,,yes,,,,,,,,
feeling-blue,5,Bentley,Adds a touch of whimsy to my space.,US,,11/25/2024,,,yes,,,,,,,,
feeling-blue,5,LipBalmBuff,Perfect blend of colors and shapes.,US,,11/23/2024,,,yes,,,,,,,,
feeling-blue,5,SeabornSage_42,Serene yet thought-provoking.,US,,11/21/2024,,,yes,,,,,,,,
feeling-blue,5,Carter,Love the balance of colors and shapes.,US,,11/20/2024,,,yes,,,,,,,,
feeling-blue,5,Avery,"Love the dreamy, ethereal quality.",US,,11/19/2024,,,yes,,,,,,,,
feeling-blue,3,Aylin,Perfect blend of color and form.,US,,11/25/2024,,,yes,,,,,,,,
feeling-blue,5,SuburbanChicShopper,Calming yet thought-provoking.,US,,11/23/2024,,,yes,,,,,,,,
feeling-blue,5,CitySlicker,Love the interplay of colors and shapes.,US,,11/21/2024,,,yes,,,,,,,,
feeling-blue,3,EtherealEcho,Serene and captivating. Perfect!,US,,11/20/2024,,,yes,,,,,,,,
feeling-blue,5,Burdock,"Love the dreamlike, surreal quality.",US,,11/19/2024,,,yes,,,,,,,,
feeling-blue,3,TechGeek_42,Perfect balance of chaos and order.,US,,11/16/2024,,,yes,,,,,,,,
feeling-blue,5,Ash,Calming yet intriguing. Well done!,US,,11/13/2024,,,yes,,,,,,,,
feeling-blue,5,BubbleTeaPearls_Boba,Love the harmony of colors and forms.,US,,11/20/2024,,,yes,,,,,,,,
feeling-blue,5,GrillMasterGearPro,"Adore the whimsical, dreamy quality.",US,,11/24/2024,,,yes,,,,,,,,
feeling-blue,5,Sierra,Calming yet stimulating. Well executed.,US,,11/16/2024,,,yes,,,,,,,,
feeling-blue,5,Ashley,The repetition of blue faces is haunting yet beautiful. It makes me contemplate human emotions.,US,,11/25/2024,,,yes,,,,,,,,
feeling-blue,5,BoxingBoss,The repetition in Feeling Blue is powerful. It speaks volumes about identity.,US,,11/23/2024,,,yes,,,,,,,,
feeling-blue,3,Thyme,The repetition in Feeling Blue is a bit much for me.,US,,11/21/2024,,,yes,,,,,,,,
feeling-blue,5,AzureAdventurer,The emotion in the faces in Feeling Blue is palpable. Powerful work!,US,,11/20/2024,,,yes,,,,,,,,
feeling-blue,5,ProbabilityPro,The repetition in Feeling Blue is powerful. It makes me think about individuality.,US,,11/19/2024,,,yes,,,,,,,,
feeling-blue,5,Draco,The blue faces in Feeling Blue are hauntingly beautiful.,US,,11/16/2024,,,yes,,,,,,,,
feeling-blue,4,Cecilia,Feeling Blue makes me think about conformity vs. individuality. Thought-provoking!,US,,11/13/2024,,,yes,,,,,,,,
feeling-blue,5,WallArtWrangler,The repetition in Feeling Blue is powerful. It makes me think about identity.,US,,11/20/2024,,,yes,,,,,,,,
feeling-blue,5,ArtfulAmbiance,The blue faces in Feeling Blue are haunting yet beautiful.,US,,11/24/2024,,,yes,,,,,,,,
feeling-blue,4,Finn,The repetition in Feeling Blue is fascinating. It's like a study in human expression.,US,,11/16/2024,,,yes,,,,,,,,
feeling-blue,5,PaleoPickerPro,The repetition in Feeling Blue is powerful. It's like a statement on humanity.,US,,11/25/2024,,,yes,,,,,,,,
feeling-blue,5,GlobalVillageVendor,The repetition in Feeling Blue is fascinating. It makes me think about identity.,US,,11/23/2024,,,yes,,,,,,,,
feeling-blue,5,Saffron,The repetition of blue faces in Feeling Blue is haunting and powerful. It makes a strong statement.,US,,11/21/2024,,,yes,,,,,,,,
feeling-blue,5,FireSpirit,The repeating faces in Feeling Blue create a powerful rhythm. It's mesmerizing.,US,,11/20/2024,,,yes,,,,,,,,
feeling-blue,5,HandmadeHunter,The repetition in Feeling Blue creates a powerful statement. It's visually arresting.,US,,11/19/2024,,,yes,,,,,,,,
feeling-blue,3,ConfluenceCapt,"The blue faces in Feeling Blue are striking, but the repetition is a bit overwhelming.",US,,11/25/2024,,,yes,,,,,,,,
feeling-blue,5,CosplayCreator,The repetitive pattern in Feeling Blue is powerful and thought-provoking.,US,,11/23/2024,,,yes,,,,,,,,
feeling-blue,5,ReggaeVibe_Irie,The repetition in Feeling Blue creates a powerful rhythm. It's mesmerizing.,US,,11/21/2024,,,yes,,,,,,,,
feeling-blue,3,GalleryWallGuru,"Feeling Blue is conceptually interesting, but the repetition is a bit much.",US,,11/20/2024,,,yes,,,,,,,,
erene-beauty-captured-in-blue-and-white-hues,5,Hannah,Too chaotic for my taste.,US,,11/19/2024,,,yes,,,,,,,,
erene-beauty-captured-in-blue-and-white-hues,5,Yarrow,Bit overpriced for what it is.,US,,11/16/2024,,,yes,,,,,,,,
erene-beauty-captured-in-blue-and-white-hues,2,BoardGameBuyer,Perfect addition to my abstract collection.,US,,11/13/2024,,,yes,,,,,,,,
erene-beauty-captured-in-blue-and-white-hues,5,Calla,A masterpiece of modern art.,US,,11/20/2024,,,yes,,,,,,,,
erene-beauty-captured-in-blue-and-white-hues,5,Hephaestus,Absolutely love the energy in this piece.,US,,11/24/2024,,,yes,,,,,,,,
erene-beauty-captured-in-blue-and-white-hues,4,VortexVanguard,"Not worth the price, in my opinion.",US,,11/16/2024,,,yes,,,,,,,,
erene-beauty-captured-in-blue-and-white-hues,5,MetalHead_Shred,A bit too busy for my taste.,US,,11/25/2024,,,yes,,,,,,,,
erene-beauty-captured-in-blue-and-white-hues,2,NimbusNova,"Interesting, but not for everyone.",US,,11/23/2024,,,yes,,,,,,,,
erene-beauty-captured-in-blue-and-white-hues,3,AfricanTribal_Rhythm,Adds a perfect pop of color to my room.,US,,11/21/2024,,,yes,,,,,,,,
erene-beauty-captured-in-blue-and-white-hues,5,MuralMaster,A true masterpiece of modern art.,US,,11/20/2024,,,yes,,,,,,,,
erene-beauty-captured-in-blue-and-white-hues,4,GalacticGroove,"Not quite what I expected, but intriguing.",US,,11/19/2024,,,yes,,,,,,,,
erene-beauty-captured-in-blue-and-white-hues,5,Ezra,Bit too chaotic for my taste.,US,,11/16/2024,,,yes,,,,,,,,
erene-beauty-captured-in-blue-and-white-hues,5,VortexVoyager,"Interesting, but not my cup of tea.",US,,11/13/2024,,,yes,,,,,,,,
erene-beauty-captured-in-blue-and-white-hues,5,AirFreshenerFanatic,A true masterpiece of abstract art.,US,,11/20/2024,,,yes,,,,,,,,
erene-beauty-captured-in-blue-and-white-hues,5,RadianceResourceRanger,Not quite what I hoped for.,US,,11/24/2024,,,yes,,,,,,,,
erene-beauty-captured-in-blue-and-white-hues,5,GolfGearGuru,Not sure it was worth the investment.,US,,11/16/2024,,,yes,,,,,,,,
erene-beauty-captured-in-blue-and-white-hues,5,SmallBusinessSupporter,A true masterpiece of contemporary art.,US,,11/25/2024,,,yes,,,,,,,,
erene-beauty-captured-in-blue-and-white-hues,5,Sawyer,Not quite what I was looking for.,US,,11/23/2024,,,yes,,,,,,,,
erene-beauty-captured-in-blue-and-white-hues,4,ExplorationEmporiumEnthusiast,A bit too chaotic for my liking.,US,,11/21/2024,,,yes,,,,,,,,
erene-beauty-captured-in-blue-and-white-hues,5,Kaden,Not convinced it's worth the price tag.,US,,11/20/2024,,,yes,,,,,,,,
erene-beauty-captured-in-blue-and-white-hues,5,OrbitalOpal,A true gem of modern abstract art.,US,,11/19/2024,,,yes,,,,,,,,
erene-beauty-captured-in-blue-and-white-hues,4,VortexVerde,The contrast between the dark background and the vibrant blue strip is striking. It reminds me of a stormy sea.,US,,11/25/2024,,,yes,,,,,,,,
erene-beauty-captured-in-blue-and-white-hues,4,LuxuryLover365,The simplicity of Erene beauty captured in blue and white hues is its strength. It's subtly powerful.,US,,11/23/2024,,,yes,,,,,,,,
erene-beauty-captured-in-blue-and-white-hues,5,Elowen,Erene beauty captured in blue and white hues captures the essence of rain beautifully.,US,,11/21/2024,,,yes,,,,,,,,
erene-beauty-captured-in-blue-and-white-hues,5,Willow,The simplicity of Erene beauty captured in blue and white hues is its strength. It's hauntingly beautiful.,US,,11/20/2024,,,yes,,,,,,,,
erene-beauty-captured-in-blue-and-white-hues,5,EpicureanEmporiumEnthusiast,The simplicity of Erene beauty captured in blue and white hues is its beauty. It's subtly emotional.,US,,11/19/2024,,,yes,,,,,,,,
erene-beauty-captured-in-blue-and-white-hues,5,SketchSage_365,Erene beauty captured in blue and white hues captures the feeling of a rainy day perfectly.,US,,11/16/2024,,,yes,,,,,,,,
erene-beauty-captured-in-blue-and-white-hues,5,Keira,The minimalism of Erene beauty captured in blue and white hues speaks volumes. It's powerful in its simplicity.,US,,11/13/2024,,,yes,,,,,,,,
erene-beauty-captured-in-blue-and-white-hues,4,Cleo,The simplicity of Erene beauty captured in blue and white hues is its strength. It's emotionally evocative.,US,,11/20/2024,,,yes,,,,,,,,
erene-beauty-captured-in-blue-and-white-hues,5,FoodieExplorer,The minimalism of Erene beauty captured in blue and white hues is powerful. It speaks volumes.,US,,11/24/2024,,,yes,,,,,,,,
erene-beauty-captured-in-blue-and-white-hues,5,CelestialCircuit,Erene beauty captured in blue and white hues perfectly captures the mood of a rainy day.,US,,11/16/2024,,,yes,,,,,,,,
erene-beauty-captured-in-blue-and-white-hues,4,TeaTime_Guru,The contrast in Erene beauty captured in blue and white hues between light and dark is striking.,US,,11/25/2024,,,yes,,,,,,,,
erene-beauty-captured-in-blue-and-white-hues,5,LunarLoom,Erene beauty captured in blue and white hues captures the essence of solitude beautifully.,US,,11/23/2024,,,yes,,,,,,,,
erene-beauty-captured-in-blue-and-white-hues,3,GameTheoryGuru_99,"Erene beauty captured in blue and white hues is too somber for my taste. The contrast is striking, but it doesn't uplift my mood.",US,,11/21/2024,,,yes,,,,,,,,
erene-beauty-captured-in-blue-and-white-hues,5,Weston,The stark simplicity of Erene beauty captured in blue and white hues is powerful. It evokes a sense of isolation and reflection.,US,,11/20/2024,,,yes,,,,,,,,
erene-beauty-captured-in-blue-and-white-hues,2,Jeremiah,Erene beauty captured in blue and white hues feels too somber and heavy for my taste. It's well-executed but not my style.,US,,11/19/2024,,,yes,,,,,,,,
erene-beauty-captured-in-blue-and-white-hues,5,Quinn,The minimalist approach in Erene beauty captured in blue and white hues speaks volumes. It's a powerful piece.,US,,11/16/2024,,,yes,,,,,,,,
erene-beauty-captured-in-blue-and-white-hues,3,SkiingSnowman,"The starkness of Erene beauty captured in blue and white hues is compelling, but it's a bit too dark for my space.",US,,11/13/2024,,,yes,,,,,,,,
erene-beauty-captured-in-blue-and-white-hues,5,Chamomile,Erene beauty captured in blue and white hues evokes a sense of calm and contemplation. It's perfect for my meditation room.,US,,11/20/2024,,,yes,,,,,,,,
erene-beauty-captured-in-blue-and-white-hues,5,Dawson,The simplicity of Erene beauty captured in blue and white hues is its strength. It's deeply moving.,US,,11/24/2024,,,yes,,,,,,,,
erene-beauty-captured-in-blue-and-white-hues,5,Kai,Erene beauty captured in blue and white hues has a powerful simplicity. It's perfect for my minimalist decor.,US,,11/16/2024,,,yes,,,,,,,,
erene-beauty-captured-in-blue-and-white-hues,5,ZenithZero,The stark contrast in Erene beauty captured in blue and white hues creates a powerful mood. It's perfect for my office.,US,,11/25/2024,,,yes,,,,,,,,
erene-beauty-captured-in-blue-and-white-hues,5,Kronos,The minimalism of Erene beauty captured in blue and white hues speaks volumes. It's deeply moving.,US,,11/23/2024,,,yes,,,,,,,,
erene-beauty-captured-in-blue-and-white-hues,5,WineAficionado,Erene beauty captured in blue and white hues has a powerful simplicity. It's perfect for my minimalist aesthetic.,US,,11/21/2024,,,yes,,,,,,,,
erene-beauty-captured-in-blue-and-white-hues,5,Delilah,The stark contrast in Erene beauty captured in blue and white hues creates a powerful mood. It's perfect for my study.,US,,11/20/2024,,,yes,,,,,,,,
erene-beauty-captured-in-blue-and-white-hues,2,Ruby,Erene beauty captured in blue and white hues is too minimalist for my liking. It doesn't evoke much emotion.,US,,11/19/2024,,,yes,,,,,,,,
astronauts-journey,5,EnglishCottageLover,Adds a pop of color to my room.,US,,11/25/2024,,,yes,,,,,,,,
astronauts-journey,5,Adriana,"Confusing at first, but now I love it.",US,,11/23/2024,,,yes,,,,,,,,
astronauts-journey,4,Piper,"Not sure what it represents, but I like it.",US,,11/21/2024,,,yes,,,,,,,,
astronauts-journey,4,CosmicChord,Vibrant and full of life. Beautiful!,US,,11/20/2024,,,yes,,,,,,,,
astronauts-journey,3,StrengthTrainingPro,Intriguing use of color and form.,US,,11/19/2024,,,yes,,,,,,,,
astronauts-journey,4,Reishi,Not sure it was worth the price.,US,,11/16/2024,,,yes,,,,,,,,
astronauts-journey,4,MopMasterBuyer,This painting speaks volumes. Love it!,US,,11/13/2024,,,yes,,,,,,,,
astronauts-journey,4,FlinkPhoenix_77,Grows on you over time.,US,,11/20/2024,,,yes,,,,,,,,
astronauts-journey,4,Theodore,This piece transforms my living room.,US,,11/24/2024,,,yes,,,,,,,,
astronauts-journey,5,CosmicCrux,Adds character to my office.,US,,11/16/2024,,,yes,,,,,,,,
astronauts-journey,4,SpectrumShard,This piece is a conversation starter!,US,,11/25/2024,,,yes,,,,,,,,
astronauts-journey,4,SciFiNerd123,This piece transforms my dining room.,US,,11/23/2024,,,yes,,,,,,,,
astronauts-journey,5,NetNomad_365,This painting tells a beautiful story.,US,,11/21/2024,,,yes,,,,,,,,
astronauts-journey,5,ChronosCalibur,Adds a unique touch to my space.,US,,11/20/2024,,,yes,,,,,,,,
astronauts-journey,5,RadiantRhapsody,This piece is a true conversation starter!,US,,11/19/2024,,,yes,,,,,,,,
astronauts-journey,4,StyleIconInvestor,Too abstract for my taste.,US,,11/16/2024,,,yes,,,,,,,,
astronauts-journey,4,June,This piece elevates my entire living room.,US,,11/13/2024,,,yes,,,,,,,,
astronauts-journey,5,Dandelion,This painting tells an intriguing story.,US,,11/20/2024,,,yes,,,,,,,,
astronauts-journey,5,Angelo,Adds a unique flair to my home office.,US,,11/24/2024,,,yes,,,,,,,,
astronauts-journey,5,CoutureCartCreator,This piece never fails to intrigue guests.,US,,11/16/2024,,,yes,,,,,,,,
astronauts-journey,4,CompostConnoisseur,Too abstract for my personal taste.,US,,11/25/2024,,,yes,,,,,,,,
astronauts-journey,5,Matthew,The swirling pink and blue hues create a dreamy atmosphere. It's like looking into a magical whirlpool.,US,,11/23/2024,,,yes,,,,,,,,
astronauts-journey,4,Marina,The tiny astronaut in Astronaut's Journey adds a whimsical touch to the abstract swirls.,US,,11/21/2024,,,yes,,,,,,,,
astronauts-journey,3,FoodieExplorer,I find the pink tones in Astronaut's Journey a bit overwhelming.,US,,11/20/2024,,,yes,,,,,,,,
astronauts-journey,5,Caius,I love how Astronaut's Journey feels both cosmic and microscopic at the same time.,US,,11/19/2024,,,yes,,,,,,,,
astronauts-journey,3,NeonNexus,Astronaut's Journey feels a bit chaotic to me. Not sure where to focus.,US,,11/25/2024,,,yes,,,,,,,,
astronauts-journey,5,Madelyn,The colors in Astronaut's Journey are dreamy. It's like a fantasy world.,US,,11/23/2024,,,yes,,,,,,,,
astronauts-journey,4,AstralAether,The swirls in Astronaut's Journey remind me of a lava lamp. Very retro!,US,,11/21/2024,,,yes,,,,,,,,
astronauts-journey,5,LavenderTea_Relaxing,Astronaut's Journey feels like a journey through space. Love it!,US,,11/20/2024,,,yes,,,,,,,,
astronauts-journey,4,OrbitalOpal,The colors in Astronaut's Journey are soothing. It's like a visual lullaby.,US,,11/19/2024,,,yes,,,,,,,,
astronauts-journey,5,TennisTitanBuyer,Astronaut's Journey feels like a journey through a pink nebula. Cosmic!,US,,11/16/2024,,,yes,,,,,,,,
astronauts-journey,5,Fable,The swirls in Astronaut's Journey are hypnotic. I can't stop looking!,US,,11/13/2024,,,yes,,,,,,,,
astronauts-journey,5,Emerson,Astronaut's Journey feels like a journey through a cotton candy universe. Delightful!,US,,11/20/2024,,,yes,,,,,,,,
astronauts-journey,2,TimeWarpTrader,The colors in Astronaut's Journey are too bright for my taste.,US,,11/24/2024,,,yes,,,,,,,,
astronauts-journey,5,Aurora,Astronaut's Journey reminds me of a beautiful abstract sunset.,US,,11/16/2024,,,yes,,,,,,,,
astronauts-journey,5,Messiah,Astronaut's Journey feels like a journey through a dream. Love it!,US,,11/25/2024,,,yes,,,,,,,,
astronauts-journey,5,KotlinKnight_22,Astronaut's Journey feels like a journey through a cosmic whirlpool. Amazing!,US,,11/23/2024,,,yes,,,,,,,,
astronauts-journey,5,Lacerta,"The swirling pinks and blues in Astronaut's Journey create a dreamy, ethereal effect. It's like looking into a magical portal.",US,,11/21/2024,,,yes,,,,,,,,
astronauts-journey,5,PoleDancer_Strength,The tiny astronaut in Astronaut's Journey adds a whimsical touch to an otherwise abstract piece. Love it!,US,,11/20/2024,,,yes,,,,,,,,
astronauts-journey,5,Lydia,Astronaut's Journey feels like a journey through a colorful nebula. It's dreamy and inspiring.,US,,11/19/2024,,,yes,,,,,,,,
astronauts-journey,5,Jasper,The swirling colors in Astronaut's Journey create a sense of movement and energy. It's vibrant!,US,,11/16/2024,,,yes,,,,,,,,
astronauts-journey,4,Brielle,Astronaut's Journey feels chaotic but in a good way. It's full of energy and life.,US,,11/13/2024,,,yes,,,,,,,,
astronauts-journey,3,FrenchGuianaCouachi_Native,"The colors in Astronaut's Journey are gorgeous, but the composition is a bit confusing.",US,,11/20/2024,,,yes,,,,,,,,
astronauts-journey,5,Liliana,"The swirling colors in Astronaut's Journey create a dreamy, otherworldly effect. Love it!",US,,11/24/2024,,,yes,,,,,,,,
astronauts-journey,4,ZeroWasteZealot,Astronaut's Journey feels like a cosmic explosion. It's energetic and vibrant.,US,,11/16/2024,,,yes,,,,,,,,
astronauts-journey,4,Forget-me-not,Astronaut's Journey feels like a journey through a colorful galaxy. It's inspiring.,US,,11/25/2024,,,yes,,,,,,,,
sunset-serenity,5,Leif,This abstract piece is a whirlwind of emotion! The bold pink against the softer blues creates such a dynamic energy. It's become the focal point of my living room.,US,,11/23/2024,,,yes,,,,,,,,
sunset-serenity,2,Molly,Not sure what I'm looking at. Too chaotic for my taste.,US,,11/21/2024,,,yes,,,,,,,,
sunset-serenity,5,ChapterChaseChampion,The flowing lines and vibrant colors are mesmerizing. It's like watching a dance frozen in time.,US,,11/20/2024,,,yes,,,,,,,,
sunset-serenity,5,Leo,This painting speaks to my soul! The way the artist has captured movement is extraordinary.,US,,11/19/2024,,,yes,,,,,,,,
sunset-serenity,5,QuantumQuill,The contrast between the structured forms and the fluid lines is captivating. A true conversation starter!,US,,11/25/2024,,,yes,,,,,,,,
sunset-serenity,5,Peyton,The pink and blue palette is so refreshing. It brightens up my whole room!,US,,11/23/2024,,,yes,,,,,,,,
sunset-serenity,5,Weston,"This piece is a masterpiece of modern art. The longer I look, the more I see.",US,,11/21/2024,,,yes,,,,,,,,
sunset-serenity,5,Mugwort,The energy in this painting is palpable. I feel uplifted every time I look at it.,US,,11/20/2024,,,yes,,,,,,,,
sunset-serenity,5,Jasmine,The interplay of shapes and colors is fascinating. It's like a visual puzzle.,US,,11/19/2024,,,yes,,,,,,,,
sunset-serenity,5,NetZeroNestBuilder,This painting is a dream come true! It's exactly what I was looking for to complete my modern decor.,US,,11/16/2024,,,yes,,,,,,,,
sunset-serenity,5,Mateo,The boldness of the pink against the softer tones is striking. It commands attention in the best way.,US,,11/13/2024,,,yes,,,,,,,,
sunset-serenity,5,Kimberly,This piece speaks volumes about movement and emotion. It's like capturing a moment of pure feeling.,US,,11/20/2024,,,yes,,,,,,,,
sunset-serenity,5,Burdock,The way the artist has balanced structure and fluidity is remarkable. A true work of art!,US,,11/24/2024,,,yes,,,,,,,,
sunset-serenity,5,Evander,This painting is a burst of joy on my wall. It lifts my mood every time I see it.,US,,11/16/2024,,,yes,,,,,,,,
sunset-serenity,5,Thistle,The depth and complexity in this piece are astounding. I discover something new every day.,US,,11/25/2024,,,yes,,,,,,,,
sunset-serenity,5,Parker,The energy and movement in this painting are captivating. It's like a frozen moment of dance.,US,,11/23/2024,,,yes,,,,,,,,
sunset-serenity,5,AstralAmethyst,This artwork is a perfect blend of chaos and harmony. It's visually stunning!,US,,11/21/2024,,,yes,,,,,,,,
sunset-serenity,5,HeatIslandHater,The bold use of color and form in this piece is breathtaking. It's a daily source of inspiration.,US,,11/20/2024,,,yes,,,,,,,,
sunset-serenity,5,Jaden,This painting is a masterpiece of emotion and movement. It speaks to me on a deep level.,US,,11/19/2024,,,yes,,,,,,,,
sunset-serenity,5,Braxton,The interplay of shapes and colors is mesmerizing. It's like a visual symphony.,US,,11/16/2024,,,yes,,,,,,,,
sunset-serenity,5,FacialMaskFanatic,This piece is a perfect representation of modern art. It's thought-provoking and beautiful.,US,,11/13/2024,,,yes,,,,,,,,
sunset-serenity,5,AestheticAssembler,The energy in this painting is infectious. It brings life to my whole living space.,US,,11/20/2024,,,yes,,,,,,,,
sunset-serenity,5,CompanionCareCartFiller,This artwork is a celebration of color and form. It's a joy to look at every day.,US,,11/24/2024,,,yes,,,,,,,,
sunset-serenity,5,Magnus,The bold strokes and vibrant colors in this piece are captivating. It's a true statement piece.,US,,11/16/2024,,,yes,,,,,,,,
sunset-serenity,5,WormholeWanderer,This painting is a whirlwind of emotion and energy. It's become the heart of my home.,US,,11/25/2024,,,yes,,,,,,,,
sunset-serenity,5,Silas,The way the artist has captured movement in still form is remarkable. A true masterpiece!,US,,11/23/2024,,,yes,,,,,,,,
sunset-serenity,5,WallArtWatcher,This piece is a perfect blend of chaos and order. It's visually stunning and thought-provoking.,US,,11/21/2024,,,yes,,,,,,,,
sunset-serenity,5,DiscountDiva88,The energy and vibrancy in this painting are infectious. It lifts my spirits every day.,US,,11/20/2024,,,yes,,,,,,,,
sunset-serenity,5,XDExplorer_21,This artwork is a triumph of color and form. It's become the centerpiece of my home.,US,,11/19/2024,,,yes,,,,,,,,
sunset-serenity,5,GardenGizmoGatherer,The interplay of soft and bold elements in this piece is fascinating. It's a visual delight!,US,,11/25/2024,,,yes,,,,,,,,
sunset-serenity,5,Tatum,This painting is a perfect representation of modern art. It's both beautiful and thought-provoking.,US,,11/23/2024,,,yes,,,,,,,,
sunset-serenity,5,River,The bold use of color and form in this piece is breathtaking. It's a daily source of inspiration.,US,,11/21/2024,,,yes,,,,,,,,
sunset-serenity,5,NostalgicNabber,This artwork is a celebration of movement and emotion. It brings life to my whole living space.,US,,11/20/2024,,,yes,,,,,,,,
sunset-serenity,5,Phoenix,The way the artist has balanced structure and fluidity is remarkable. A true work of art!,US,,11/19/2024,,,yes,,,,,,,,
sunset-serenity,5,Bella,This piece speaks volumes about the human experience. It's both beautiful and profound.,US,,11/16/2024,,,yes,,,,,,,,
sunset-serenity,5,WaveEnergyWizard,The energy and vibrancy in this painting are captivating. It's like a burst of joy on my wall.,US,,11/13/2024,,,yes,,,,,,,,
sunset-serenity,5,PioneeringPurchaser,This artwork is a perfect blend of chaos and harmony. It's visually stunning and emotionally moving.,US,,11/20/2024,,,yes,,,,,,,,
sunset-serenity,3,Sophia,"Not bad, but I've seen more interesting abstract works.",US,,11/24/2024,,,yes,,,,,,,,
sunset-serenity,5,RESTRockstar_21,The bold strokes and vibrant colors in this piece are mesmerizing. It's a true masterpiece!,US,,11/16/2024,,,yes,,,,,,,,
sunset-serenity,5,DustingDivaPro,This painting is a whirlwind of emotion and energy. It's become the heart of my home.,US,,11/25/2024,,,yes,,,,,,,,
sunset-serenity,5,HandmadeHavenHunter,The way the artist has captured movement in still form is remarkable. A true work of genius!,US,,11/23/2024,,,yes,,,,,,,,
sunset-serenity,5,NeuralNetNinja_7,This piece is a perfect representation of modern art. It's both beautiful and thought-provoking.,US,,11/21/2024,,,yes,,,,,,,,
sunset-serenity,5,AppleJuice_Fresh,The interplay of soft and bold elements in this piece is fascinating. It's a visual delight!,US,,11/20/2024,,,yes,,,,,,,,
sunset-serenity,5,Serpens,This artwork is a celebration of color and form. It brings life to my whole living space.,US,,11/19/2024,,,yes,,,,,,,,
sunset-serenity,3,CosmicCollector,"Not bad, but I've seen better abstract works.",US,,11/16/2024,,,yes,,,,,,,,
sunset-serenity,5,ToyCollector789,The bold use of color and form in this piece is breathtaking. It's a daily source of inspiration.,US,,11/13/2024,,,yes,,,,,,,,
sunset-serenity,5,Kash,This painting is a perfect blend of emotion and technique. It's become the focal point of my home.,US,,11/20/2024,,,yes,,,,,,,,
sunset-serenity,3,Columba,It's okay. Adds some visual interest to the room at least.,US,,11/24/2024,,,yes,,,,,,,,
sunset-serenity,5,Ivy,The energy and movement in this piece are captivating. It's like a frozen moment of dance.,US,,11/16/2024,,,yes,,,,,,,,
sunset-serenity,5,ElectroGroove_Bass,This artwork is a triumph of color and form. It's both beautiful and emotionally moving.,US,,11/25/2024,,,yes,,,,,,,,
sunset-serenity,5,Axl,The way the artist has balanced structure and fluidity is remarkable. A true masterpiece!,US,,11/23/2024,,,yes,,,,,,,,
sunset-serenity,3,ChatOpsChamp_99,"It's growing on me, but I'm still not entirely convinced.",US,,11/21/2024,,,yes,,,,,,,,
sunset-serenity,5,Ryland,This piece speaks volumes about the human experience. It's both beautiful and profound.,US,,11/20/2024,,,yes,,,,,,,,
sunset-serenity,5,BalletGrace_Pointe,The bold strokes and vibrant colors in this painting are mesmerizing. It's a joy to look at every day.,US,,11/19/2024,,,yes,,,,,,,,
enjoying-a-ride-with-my-favorite-person,5,CrossCulturalConsumer,This painting is a whimsical journey! The flowing lines and pastel colors create such a dreamy atmosphere. It's become the focal point of my living room.,US,,11/25/2024,,,yes,,,,,,,,
enjoying-a-ride-with-my-favorite-person,3,DIY_Master_Crafter,"Interesting shapes, but a bit too abstract for my taste.",US,,11/23/2024,,,yes,,,,,,,,
enjoying-a-ride-with-my-favorite-person,5,GalleryGleamer,Absolutely mesmerizing! The interplay of soft and bold colors is truly captivating.,US,,11/21/2024,,,yes,,,,,,,,
enjoying-a-ride-with-my-favorite-person,5,Angelina,The perfect blend of fluidity and structure. It's sparked so many great conversations with guests!,US,,11/20/2024,,,yes,,,,,,,,
enjoying-a-ride-with-my-favorite-person,5,KaomojiFanatic,This artwork exceeded all my expectations! The subtle details and bold strokes create such a dynamic piece. It's like having a portal to another dimension on my wall.,US,,11/19/2024,,,yes,,,,,,,,
enjoying-a-ride-with-my-favorite-person,4,Messiah,"Cool piece, but wish it had more vibrant colors.",US,,11/16/2024,,,yes,,,,,,,,
enjoying-a-ride-with-my-favorite-person,5,Grace,The balance of light and dark elements is so captivating. Love it!,US,,11/13/2024,,,yes,,,,,,,,
enjoying-a-ride-with-my-favorite-person,5,Apollo,"This painting is a masterpiece! The way the artist has blended abstract forms with hints of recognizable shapes is mind-blowing. It's become the centerpiece of my home office, inspiring creativity every day.",US,,11/20/2024,,,yes,,,,,,,,
enjoying-a-ride-with-my-favorite-person,5,Marjoram,Beautiful abstract piece. Love how it ties my eclectic decor together.,US,,11/24/2024,,,yes,,,,,,,,
enjoying-a-ride-with-my-favorite-person,5,AstralAvalanche,Wow! This artwork is even more stunning in person. The texture and depth aren't fully captured online. It's like a new painting every time I look at it!,US,,11/16/2024,,,yes,,,,,,,,
enjoying-a-ride-with-my-favorite-person,5,LunarLootSeeker,Elegant and thought-provoking. A true conversation starter!,US,,11/25/2024,,,yes,,,,,,,,
enjoying-a-ride-with-my-favorite-person,5,Melody,This piece speaks to my soul! The way the forms seem to dance across the canvas creates such a sense of movement and emotion. It's like watching a beautiful ballet unfold on my wall. Absolutely in love!,US,,11/23/2024,,,yes,,,,,,,,
enjoying-a-ride-with-my-favorite-person,5,GraphGuru_42,Gorgeous artwork! Arrived quickly and securely packaged.,US,,11/21/2024,,,yes,,,,,,,,
enjoying-a-ride-with-my-favorite-person,3,LunarLoom,It's alright. Adds some visual interest to the room.,US,,11/20/2024,,,yes,,,,,,,,
enjoying-a-ride-with-my-favorite-person,5,CanvasCollector,This painting is everything I hoped for and more! The abstract design is both calming and energizing. I find myself getting lost in the shapes and colors. It's become my favorite piece in the house!,US,,11/19/2024,,,yes,,,,,,,,
enjoying-a-ride-with-my-favorite-person,5,LeafyLootLocator,Stunning piece! The way the colors flow into each other is mesmerizing.,US,,11/16/2024,,,yes,,,,,,,,
enjoying-a-ride-with-my-favorite-person,5,Hunter,I'm in awe of this artwork! The way the artist has captured movement and energy within a structured composition is remarkable. It's like looking at the building blocks of imagination. Absolutely worth every penny!,US,,11/13/2024,,,yes,,,,,,,,
enjoying-a-ride-with-my-favorite-person,5,Hadley,Love the mix of organic and geometric elements!,US,,11/20/2024,,,yes,,,,,,,,
enjoying-a-ride-with-my-favorite-person,2,AntColonyOptimizer,"Not really sure what I'm looking at, to be honest.",US,,11/24/2024,,,yes,,,,,,,,
enjoying-a-ride-with-my-favorite-person,5,SkincareSaviorSeeker,"This painting is a showstopper! The way the colors and shapes interact creates such visual drama. It's become the centerpiece of my dining room, and I couldn't be happier!",US,,11/16/2024,,,yes,,,,,,,,
enjoying-a-ride-with-my-favorite-person,5,ReinforcementRenegade,Absolutely love the energy of this piece!,US,,11/25/2024,,,yes,,,,,,,,
enjoying-a-ride-with-my-favorite-person,5,Hyperion,"Wow! This artwork is a true feast for the eyes. The longer I look, the more I see. It's like a puzzle that never stops revealing new secrets. Thrilled with my purchase!",US,,11/23/2024,,,yes,,,,,,,,
enjoying-a-ride-with-my-favorite-person,3,ArtfulArranger,It's okay. Nothing to write home about.,US,,11/21/2024,,,yes,,,,,,,,
enjoying-a-ride-with-my-favorite-person,5,PuzzlePurchaser,Beautiful abstract piece. The colors are so soothing and mysterious!,US,,11/20/2024,,,yes,,,,,,,,
enjoying-a-ride-with-my-favorite-person,5,HairCareCrazy,"This painting is a dream come true! The way the shapes and colors flow together creates such a sense of harmony, despite the complexity. It's like having a window into a magical realm. Couldn't be happier!",US,,11/19/2024,,,yes,,,,,,,,
enjoying-a-ride-with-my-favorite-person,5,BestCaseBlaster,Love the playful energy in this piece!,US,,11/25/2024,,,yes,,,,,,,,
enjoying-a-ride-with-my-favorite-person,5,Angelo,"This artwork is simply magical! The way the artist has balanced structure and fluidity is breathtaking. It's become the focal point of my home, and I fall in love with it more each day. Thank you, Zenarart, for bringing such beauty into my life!",US,,11/23/2024,,,yes,,,,,,,,
enjoying-a-ride-with-my-favorite-person,5,CulinaryCreator,Absolutely stunning! The colors are so rich and the composition is intriguing.,US,,11/21/2024,,,yes,,,,,,,,
enjoying-a-ride-with-my-favorite-person,5,Oren,I'm in awe of this piece! The way the shapes intertwine and flow is mesmerizing. It's like watching a beautiful dance of color and form unfold on my wall. So glad I made this purchase!,US,,11/20/2024,,,yes,,,,,,,,
enjoying-a-ride-with-my-favorite-person,5,Colton,"This painting is a masterpiece of abstract expression! Every time I look at it, I discover something new. It's transformed my space into a gallery of wonder.",US,,11/19/2024,,,yes,,,,,,,,
enjoying-a-ride-with-my-favorite-person,5,Sculptor,The fluidity of the shapes in this piece is captivating. It's like watching water dance.,US,,11/16/2024,,,yes,,,,,,,,
enjoying-a-ride-with-my-favorite-person,5,HikingHero,This artwork speaks volumes without saying a word. It's profound and beautiful.,US,,11/13/2024,,,yes,,,,,,,,
enjoying-a-ride-with-my-favorite-person,5,GastronomicGearHead,The balance of soft and bold colors is perfect. It ties my whole room together.,US,,11/20/2024,,,yes,,,,,,,,
enjoying-a-ride-with-my-favorite-person,5,Elliana,This piece is a conversation starter! Everyone who visits asks about it.,US,,11/24/2024,,,yes,,,,,,,,
enjoying-a-ride-with-my-favorite-person,5,SwimwearShopper,The way the shapes seem to float and intertwine is mesmerizing. I can't stop looking!,US,,11/16/2024,,,yes,,,,,,,,
enjoying-a-ride-with-my-favorite-person,5,Xander,This painting brings such life and energy to my space. I'm in love!,US,,11/25/2024,,,yes,,,,,,,,
enjoying-a-ride-with-my-favorite-person,5,LucentLoom,It's like a beautiful dream captured on canvas. Absolutely stunning!,US,,11/23/2024,,,yes,,,,,,,,
enjoying-a-ride-with-my-favorite-person,5,GardeningGuru,This piece has transformed my living room into a modern art gallery. Love it!,US,,11/21/2024,,,yes,,,,,,,,
enjoying-a-ride-with-my-favorite-person,3,PrestigePurchaserPro,"Interesting, but I find it hard to connect with.",US,,11/20/2024,,,yes,,,,,,,,
enjoying-a-ride-with-my-favorite-person,5,Alder,The subtle details in this painting are incredible. I notice something new every day.,US,,11/19/2024,,,yes,,,,,,,,
enjoying-a-ride-with-my-favorite-person,5,BarbadianCerassie_Wild,This artwork brings me joy every time I look at it. Worth every penny!,US,,11/16/2024,,,yes,,,,,,,,
enjoying-a-ride-with-my-favorite-person,3,Theodore,"It's okay, but I wish I had chosen something else.",US,,11/13/2024,,,yes,,,,,,,,
enjoying-a-ride-with-my-favorite-person,5,Natalia,The energy in this piece is palpable. It's like it's alive!,US,,11/20/2024,,,yes,,,,,,,,
enjoying-a-ride-with-my-favorite-person,3,Matthew,"It's fine, but I wouldn't buy from this artist again.",US,,11/24/2024,,,yes,,,,,,,,
enjoying-a-ride-with-my-favorite-person,5,Emersyn,This artwork speaks to me on a deep level. It's incredibly moving.,US,,11/16/2024,,,yes,,,,,,,,
enjoying-a-ride-with-my-favorite-person,2,DisruptiveDealmaker,Too chaotic and busy. It doesn't suit my minimalist style.,US,,11/25/2024,,,yes,,,,,,,,
enjoying-a-ride-with-my-favorite-person,3,AstralAxis,"It's growing on me, but I'm not fully sold yet.",US,,11/23/2024,,,yes,,,,,,,,
enjoying-a-ride-with-my-favorite-person,5,WallWonderWorker,This painting is a portal to another world. It's magical!,US,,11/21/2024,,,yes,,,,,,,,
enjoying-a-ride-with-my-favorite-person,5,DecoratorDeluxe,The subtle color transitions in this artwork are simply beautiful.,US,,11/20/2024,,,yes,,,,,,,,
enjoying-a-ride-with-my-favorite-person,3,PlasmaParagon,"It's okay, but nothing to write home about.",US,,11/19/2024,,,yes,,,,,,,,
enjoying-a-ride-with-my-favorite-person,5,IndieBand_Alternative,This piece brings such a sense of calm and intrigue to my space.,US,,11/25/2024,,,yes,,,,,,,,
enjoying-a-ride-with-my-favorite-person,2,AstralAmethyst,Too abstract for my liking. I prefer more figurative art.,US,,11/23/2024,,,yes,,,,,,,,
enjoying-a-ride-with-my-favorite-person,5,Arlo,The way this painting plays with perspective is fascinating.,US,,11/21/2024,,,yes,,,,,,,,
enjoying-a-ride-with-my-favorite-person,3,BargainHunter456,"It's fine, but I think I'll try a different style next time.",US,,11/20/2024,,,yes,,,,,,,,
enjoying-a-ride-with-my-favorite-person,5,GigaGuru_2023,This artwork is a constant source of inspiration. I love it more each day.,US,,11/19/2024,,,yes,,,,,,,,
enjoying-a-ride-with-my-favorite-person,5,AuroraArc,The dreamlike quality of this piece transports me every time I look at it.,US,,11/16/2024,,,yes,,,,,,,,
enjoying-a-ride-with-my-favorite-person,3,Zoe,"It's alright, but I've seen better abstract pieces.",US,,11/13/2024,,,yes,,,,,,,,
enjoying-a-ride-with-my-favorite-person,5,HorchataRice_Cinnamon,This painting has transformed my space into a sophisticated gallery.,US,,11/20/2024,,,yes,,,,,,,,
enjoying-a-ride-with-my-favorite-person,3,MarvelMaster_99,"It's okay, but I expected something more impactful.",US,,11/24/2024,,,yes,,,,,,,,
embracing-the-power-of-love,5,Savannah,The bold 'love' design against the vibrant heart is striking. It's become a centerpiece in my home.,US,,11/16/2024,,,yes,,,,,,,,
embracing-the-power-of-love,5,Cassidy,This piece speaks volumes about modern romance. The blend of sharp and soft elements is captivating.,US,,11/25/2024,,,yes,,,,,,,,
embracing-the-power-of-love,5,Orion,The way the artist has layered colors and textures is mesmerizing. I notice new details every day.,US,,11/23/2024,,,yes,,,,,,,,
embracing-the-power-of-love,5,SintMaartenSoursop_Tangy,This painting radiates love and passion. It's a daily dose of positivity in my living room.,US,,11/21/2024,,,yes,,,,,,,,
embracing-the-power-of-love,5,Jaxon,The juxtaposition of the bold 'love' against the fluid heart shape is brilliant. A true conversation starter!,US,,11/20/2024,,,yes,,,,,,,,
embracing-the-power-of-love,2,Hudson,Not sure it was worth the price. Looks a bit simplistic to me.,US,,11/19/2024,,,yes,,,,,,,,
embracing-the-power-of-love,5,Adair,"This piece captures the essence of love in a modern, abstract way. It's both powerful and delicate.",US,,11/16/2024,,,yes,,,,,,,,
embracing-the-power-of-love,3,Aura,It's okay. Adds some color to the wall at least.,US,,11/13/2024,,,yes,,,,,,,,
embracing-the-power-of-love,5,KpopFan_Seoul,The energy in this painting is palpable. It's like a visual representation of a heartbeat.,US,,11/20/2024,,,yes,,,,,,,,
embracing-the-power-of-love,5,Esme,The interplay of cool and warm tones is fascinating. It's like watching emotions unfold.,US,,11/24/2024,,,yes,,,,,,,,
embracing-the-power-of-love,5,NFTNabber,This painting is a celebration of love in all its forms. It's become a symbol of joy in our home.,US,,11/16/2024,,,yes,,,,,,,,
embracing-the-power-of-love,5,BooleanAlgebrAce,The boldness of the design combined with the softness of the colors is striking. It's beautifully balanced.,US,,11/25/2024,,,yes,,,,,,,,
embracing-the-power-of-love,5,InnovationInventoryInspector,This piece speaks volumes about the complexity of love. It's both chaotic and harmonious.,US,,11/23/2024,,,yes,,,,,,,,
embracing-the-power-of-love,5,MidnightSnacker,The way the artist has captured the essence of love is remarkable. It's a true work of heart!,US,,11/21/2024,,,yes,,,,,,,,
embracing-the-power-of-love,5,Eleanor,This painting is a burst of love on my wall. It lifts my mood every time I see it.,US,,11/20/2024,,,yes,,,,,,,,
embracing-the-power-of-love,5,ThermosFanatic,The depth and complexity in this piece are astounding. It's like looking into the soul of love.,US,,11/19/2024,,,yes,,,,,,,,
embracing-the-power-of-love,5,SakeNinja_Japan,The energy and movement in this painting are captivating. It's like love in motion.,US,,11/25/2024,,,yes,,,,,,,,
embracing-the-power-of-love,5,Tobias,This artwork is a perfect blend of passion and tenderness. It's visually stunning!,US,,11/23/2024,,,yes,,,,,,,,
embracing-the-power-of-love,5,Joshua,The bold use of color and form in this piece is breathtaking. It's a daily reminder of love's power.,US,,11/21/2024,,,yes,,,,,,,,
embracing-the-power-of-love,5,Isla,This painting is a masterpiece of emotion. It speaks to me on a deep level about love's complexity.,US,,11/20/2024,,,yes,,,,,,,,
embracing-the-power-of-love,3,Cepheus,"Not bad, but I don't think I'd buy it again.",US,,11/19/2024,,,yes,,,,,,,,
embracing-the-power-of-love,5,Noah,The interplay of shapes and colors is mesmerizing. It's like a visual love song.,US,,11/16/2024,,,yes,,,,,,,,
embracing-the-power-of-love,5,Iver,This piece is a perfect representation of modern love. It's both chaotic and beautiful.,US,,11/13/2024,,,yes,,,,,,,,
embracing-the-power-of-love,3,FossilFuelFreeFan,It's okay. Adds some color to the room at least.,US,,11/20/2024,,,yes,,,,,,,,
embracing-the-power-of-love,5,Chives,The energy in this painting is infectious. It brings a sense of love and warmth to my whole living space.,US,,11/24/2024,,,yes,,,,,,,,
embracing-the-power-of-love,5,EtherealEdge,This artwork is a celebration of love in all its forms. It's a joy to look at every day.,US,,11/16/2024,,,yes,,,,,,,,
embracing-the-power-of-love,5,Raelynn,The bold strokes and vibrant colors in this piece are captivating. It's a true statement about love.,US,,11/25/2024,,,yes,,,,,,,,
embracing-the-power-of-love,5,Peyton,"This painting is a whirlwind of emotion and energy. It's become the heart of my home, literally!",US,,11/23/2024,,,yes,,,,,,,,
embracing-the-power-of-love,5,Vesper,The way the artist has captured the essence of love is remarkable. A true masterpiece!,US,,11/21/2024,,,yes,,,,,,,,
embracing-the-power-of-love,5,DynamicProgramDiva,This piece is a perfect blend of passion and tenderness. It's visually stunning and emotionally moving.,US,,11/20/2024,,,yes,,,,,,,,
embracing-the-power-of-love,5,ServingPlatePro,The energy and vibrancy in this painting are infectious. It lifts my spirits every day with its message of love.,US,,11/19/2024,,,yes,,,,,,,,
embracing-the-power-of-love,5,Perseus,"This artwork is a triumph of color and form. It's become the centerpiece of my home, radiating love.",US,,11/16/2024,,,yes,,,,,,,,
embracing-the-power-of-love,5,Arlo,The interplay of soft and bold elements in this piece is fascinating. It's a visual delight of love!,US,,11/13/2024,,,yes,,,,,,,,
embracing-the-power-of-love,5,Madeline,This painting is a perfect representation of modern love. It's both beautiful and thought-provoking.,US,,11/20/2024,,,yes,,,,,,,,
embracing-the-power-of-love,5,TuringTestTakerr,The bold use of color and form in this piece is breathtaking. It's a daily source of love and inspiration.,US,,11/24/2024,,,yes,,,,,,,,
embracing-the-power-of-love,5,Asher,This artwork is a celebration of love's complexity. It brings warmth and energy to my whole living space.,US,,11/16/2024,,,yes,,,,,,,,
embracing-the-power-of-love,5,Colt,The way the artist has balanced passion and tenderness is remarkable. A true work of heart!,US,,11/25/2024,,,yes,,,,,,,,
embracing-the-power-of-love,5,Titus,This piece speaks volumes about the many facets of love. It's both beautiful and profound.,US,,11/23/2024,,,yes,,,,,,,,
embracing-the-power-of-love,5,AstroAcquisitor,The energy and vibrancy in this painting are captivating. It's like a burst of love on my wall.,US,,11/21/2024,,,yes,,,,,,,,
embracing-the-power-of-love,5,Liam,"This artwork is a perfect blend of chaos and harmony, just like love itself. It's visually stunning and emotionally moving.",US,,11/20/2024,,,yes,,,,,,,,
embracing-the-power-of-love,5,Kayden,The bold strokes and vibrant colors in this piece are mesmerizing. It's a true masterpiece of love!,US,,11/19/2024,,,yes,,,,,,,,
embracing-the-power-of-love,5,EDM_RaveMaster,"This painting is a whirlwind of emotion and energy. It's become the heart of my home, spreading love.",US,,11/25/2024,,,yes,,,,,,,,
embracing-the-power-of-love,5,Cyrus,The way the artist has captured the essence of love is remarkable. A true work of passion!,US,,11/23/2024,,,yes,,,,,,,,
embracing-the-power-of-love,5,AstralAxis,This piece is a perfect representation of modern love. It's both beautiful and thought-provoking.,US,,11/21/2024,,,yes,,,,,,,,
embracing-the-power-of-love,5,JavaJedi_365,The interplay of soft and bold elements in this piece is fascinating. It's a visual celebration of love!,US,,11/20/2024,,,yes,,,,,,,,
embracing-the-power-of-love,5,Violet,This artwork is a celebration of love in all its colorful glory. It brings joy to my whole living space.,US,,11/19/2024,,,yes,,,,,,,,
embracing-the-power-of-love,5,Drew,The bold use of color and form in this piece is breathtaking. It's a daily reminder of love's power and beauty.,US,,11/16/2024,,,yes,,,,,,,,
embracing-the-power-of-love,5,Prometheus,"This painting is a perfect blend of passion and artistry. It's become the focal point of my home, radiating love.",US,,11/13/2024,,,yes,,,,,,,,
embracing-the-power-of-love,3,Lia,It's okay. Adds some color and a positive message to the room at least.,US,,11/20/2024,,,yes,,,,,,,,
embracing-the-power-of-love,5,ServerSherpa_365,The energy and movement in this piece are captivating. It's like watching love come to life on canvas.,US,,11/24/2024,,,yes,,,,,,,,
embracing-the-power-of-love,2,Elena,Too abstract for my liking. I prefer more subtle expressions of love in art.,US,,11/16/2024,,,yes,,,,,,,,
embracing-the-power-of-love,5,Simon,This artwork is a triumph of color and emotion. It's both beautiful and deeply moving in its depiction of love.,US,,11/25/2024,,,yes,,,,,,,,
embracing-the-power-of-love,5,Audrey,The way the artist has balanced boldness and tenderness is remarkable. A true masterpiece of love!,US,,11/23/2024,,,yes,,,,,,,,
embracing-the-power-of-love,3,BlanketBuyerQueen,"It's growing on me, but I'm still not entirely convinced. The love message is clear, though.",US,,11/21/2024,,,yes,,,,,,,,
embracing-the-power-of-love,5,Monoceros,This piece speaks volumes about the power and complexity of love. It's both beautiful and profound.,US,,11/20/2024,,,yes,,,,,,,,
embracing-the-power-of-love,2,Presley,"I appreciate the effort, but it's just not my style. Too loud in its expression of love.",US,,11/19/2024,,,yes,,,,,,,,
embracing-the-power-of-love,5,Faye,The bold strokes and vibrant colors in this painting are mesmerizing. It's a joy to see this celebration of love every day.,US,,11/16/2024,,,yes,,,,,,,,
love-is-the-masterpiece-of-life,5,SpectrumSurge,The swirling lines create such a sense of movement! It's like watching a cosmic dance.,US,,11/13/2024,,,yes,,,,,,,,
love-is-the-masterpiece-of-life,5,Gabriel,This piece is mesmerizing! The blend of soft and bold hues is simply stunning.,US,,11/20/2024,,,yes,,,,,,,,
love-is-the-masterpiece-of-life,5,SolarSapphire,The way the artist plays with light and shadow is remarkable. It's so dynamic!,US,,11/24/2024,,,yes,,,,,,,,
love-is-the-masterpiece-of-life,3,Virgo,"It's okay, but I expected something more vibrant for the price.",US,,11/16/2024,,,yes,,,,,,,,
love-is-the-masterpiece-of-life,5,NeonNova,This artwork speaks volumes without saying a word. It's deeply moving.,US,,11/25/2024,,,yes,,,,,,,,
love-is-the-masterpiece-of-life,5,Marigold,I love how the curves seem to flow endlessly. It's incredibly soothing.,US,,11/23/2024,,,yes,,,,,,,,
love-is-the-masterpiece-of-life,3,GourmetGadgeteering,"Not bad, but I've seen more impressive abstract pieces.",US,,11/21/2024,,,yes,,,,,,,,
love-is-the-masterpiece-of-life,2,CoffeeAddict101,Too chaotic for my taste. It doesn't suit my minimalist style.,US,,11/20/2024,,,yes,,,,,,,,
love-is-the-masterpiece-of-life,5,Ember,The depth created by the layering technique is fascinating. So much to explore!,US,,11/19/2024,,,yes,,,,,,,,
love-is-the-masterpiece-of-life,5,Cinnamon,This piece evokes such a strong emotional response. It's truly powerful.,US,,11/25/2024,,,yes,,,,,,,,
love-is-the-masterpiece-of-life,5,Gemini,The interplay of shapes and colors is captivating. I can't stop looking!,US,,11/23/2024,,,yes,,,,,,,,
love-is-the-masterpiece-of-life,3,Equuleus,"It's alright, but I wish I had chosen something more traditional.",US,,11/21/2024,,,yes,,,,,,,,
love-is-the-masterpiece-of-life,5,FantasyFanShopper,This artwork brings such energy and life to my space. Absolutely love it!,US,,11/20/2024,,,yes,,,,,,,,
love-is-the-masterpiece-of-life,2,Ari,Not my cup of tea. I prefer art that's easier to understand.,US,,11/19/2024,,,yes,,,,,,,,
love-is-the-masterpiece-of-life,5,DIYDealDetective,The subtle color transitions are simply beautiful. It's like a visual symphony.,US,,11/16/2024,,,yes,,,,,,,,
love-is-the-masterpiece-of-life,5,Asha,The way this painting plays with perspective is mind-bending. Brilliant!,US,,11/13/2024,,,yes,,,,,,,,
love-is-the-masterpiece-of-life,5,Goldenseal,This artwork is a constant source of inspiration. I notice new details daily.,US,,11/20/2024,,,yes,,,,,,,,
love-is-the-masterpiece-of-life,5,FashionistaFindsFreak,The balance between structure and fluidity in this piece is perfect.,US,,11/24/2024,,,yes,,,,,,,,
love-is-the-masterpiece-of-life,5,VogueVanguardVoyager,This painting has transformed my space into a sophisticated gallery. Love it!,US,,11/16/2024,,,yes,,,,,,,,
love-is-the-masterpiece-of-life,2,TravelBug_Bitten,"The colors are interesting, but the composition feels off to me.",US,,11/25/2024,,,yes,,,,,,,,
love-is-the-masterpiece-of-life,5,Lemongrass,The dreamy quality of this piece transports me every time I look at it.,US,,11/23/2024,,,yes,,,,,,,,
love-is-the-masterpiece-of-life,5,GalleryGazer,The way the forms seem to emerge and recede is mesmerizing. So dynamic!,US,,11/21/2024,,,yes,,,,,,,,
love-is-the-masterpiece-of-life,5,Zoey,This artwork brings such a sense of calm and intrigue to my space.,US,,11/20/2024,,,yes,,,,,,,,
love-is-the-masterpiece-of-life,5,BrunchLover_Weekend,The subtle details in this piece are incredible. It's endlessly fascinating.,US,,11/19/2024,,,yes,,,,,,,,
love-is-the-masterpiece-of-life,5,MLOpsMaestro_88,This painting speaks to my soul. It's emotionally resonant and visually stunning.,US,,11/16/2024,,,yes,,,,,,,,
love-is-the-masterpiece-of-life,5,Laith,The way the artist has captured movement in still form is remarkable.,US,,11/13/2024,,,yes,,,,,,,,
love-is-the-masterpiece-of-life,5,RadiantRuby,This piece brings me joy every time I look at it. Worth every penny!,US,,11/20/2024,,,yes,,,,,,,,
love-is-the-masterpiece-of-life,5,Nova,The flow of colors and shapes in this piece is simply breathtaking.,US,,11/24/2024,,,yes,,,,,,,,
love-is-the-masterpiece-of-life,5,Isaac,This artwork speaks volumes about the human experience. It's profound.,US,,11/16/2024,,,yes,,,,,,,,
love-is-the-masterpiece-of-life,5,EthnicTreasureTrove,The energy in this piece is palpable. It's like it's alive on my wall!,US,,11/25/2024,,,yes,,,,,,,,
love-is-the-masterpiece-of-life,5,Daniel,This painting is a portal to another world. It's absolutely magical!,US,,11/23/2024,,,yes,,,,,,,,
love-is-the-masterpiece-of-life,5,LemonadeStand_Squeeze,The interplay of light and shadow in this piece is masterful.,US,,11/21/2024,,,yes,,,,,,,,
love-is-the-masterpiece-of-life,5,CoffeeConnoisseur,This artwork brings such life and energy to my home. I'm in love!,US,,11/20/2024,,,yes,,,,,,,,
love-is-the-masterpiece-of-life,5,TravelBug_88,The way this piece plays with depth and perspective is fascinating.,US,,11/19/2024,,,yes,,,,,,,,
love-is-the-masterpiece-of-life,5,AlmondMilk_Nutty,This painting has become the heart of my home. It's truly special.,US,,11/25/2024,,,yes,,,,,,,,
love-is-the-masterpiece-of-life,5,Ambrose,The subtle color palette is so soothing yet intriguing. Perfect balance!,US,,11/23/2024,,,yes,,,,,,,,
love-is-the-masterpiece-of-life,5,EchoEmber,This piece transforms the energy of my entire room. It's powerful!,US,,11/21/2024,,,yes,,,,,,,,
love-is-the-masterpiece-of-life,5,IonIvory,The way the forms seem to dance across the canvas is mesmerizing.,US,,11/20/2024,,,yes,,,,,,,,
love-is-the-masterpiece-of-life,3,DictionaryDiva_7,"It's okay, but I think I overpaid for what it is.",US,,11/19/2024,,,yes,,,,,,,,
love-is-the-masterpiece-of-life,5,Brandon,This artwork challenges me to see the world differently. It's inspiring!,US,,11/16/2024,,,yes,,,,,,,,
love-is-the-masterpiece-of-life,5,LogicLegend_365,The depth and complexity in this piece are astounding. Always intriguing!,US,,11/13/2024,,,yes,,,,,,,,
love-is-the-masterpiece-of-life,5,Riley,This painting is a masterpiece of modern art. It's thought-provoking and beautiful.,US,,11/20/2024,,,yes,,,,,,,,
love-is-the-masterpiece-of-life,5,BeastlyBoutiqueBrowser,The way this piece captures light is extraordinary. It glows on my wall!,US,,11/24/2024,,,yes,,,,,,,,
love-is-the-masterpiece-of-life,5,DecisionTreeAce,This artwork speaks to the complexity of human emotions. It's powerful.,US,,11/16/2024,,,yes,,,,,,,,
love-is-the-masterpiece-of-life,5,ArtisanAppreciator,The subtle textures in this piece add so much depth. It's fascinating!,US,,11/25/2024,,,yes,,,,,,,,
love-is-the-masterpiece-of-life,5,Wren,This painting is a constant source of inspiration. It sparks my creativity.,US,,11/23/2024,,,yes,,,,,,,,
love-is-the-masterpiece-of-life,5,Piper,The way this piece plays with space and form is mind-bending. Love it!,US,,11/21/2024,,,yes,,,,,,,,
love-is-the-masterpiece-of-life,5,PhoenixParagon,This artwork brings such a unique energy to my home. It's transformative!,US,,11/20/2024,,,yes,,,,,,,,
love-is-the-masterpiece-of-life,5,Jasper,The balance of colors and forms in this piece is perfect. So harmonious!,US,,11/19/2024,,,yes,,,,,,,,
love-is-the-masterpiece-of-life,3,Thor,"It's okay, but I think I need more time to fully appreciate it.",US,,11/16/2024,,,yes,,,,,,,,
love-is-the-masterpiece-of-life,5,Sutton,This painting challenges my perception in the most delightful way. Brilliant!,US,,11/13/2024,,,yes,,,,,,,,
love-is-the-masterpiece-of-life,5,AIAssistantShopper,The emotional depth in this piece is profound. It moves me every time.,US,,11/20/2024,,,yes,,,,,,,,
vibrant-colors-and-bold-shapes-collide-in-dreamscape,5,Skye,The contrast between the bold pink and deep navy is striking. It's become a focal point in my living room.,US,,11/24/2024,,,yes,,,,,,,,
vibrant-colors-and-bold-shapes-collide-in-dreamscape,5,TransformerTitann,This piece is so dynamic! The swirling forms give a sense of movement and energy.,US,,11/16/2024,,,yes,,,,,,,,
vibrant-colors-and-bold-shapes-collide-in-dreamscape,5,Paisley,I'm in love with how the curves and lines interplay. It's like a visual symphony.,US,,11/25/2024,,,yes,,,,,,,,
vibrant-colors-and-bold-shapes-collide-in-dreamscape,5,InvasiveSpeciesIsolator,The balance of soft and bold elements is captivating. A true conversation starter!,US,,11/23/2024,,,yes,,,,,,,,
vibrant-colors-and-bold-shapes-collide-in-dreamscape,5,HaitianAshrossi_Licorice,The pink and blue palette is so refreshing. It brightens up my whole room!,US,,11/21/2024,,,yes,,,,,,,,
vibrant-colors-and-bold-shapes-collide-in-dreamscape,5,Lucian,This piece is a masterpiece of modern art. I see something new every time I look at it.,US,,11/20/2024,,,yes,,,,,,,,
vibrant-colors-and-bold-shapes-collide-in-dreamscape,5,Turmeric,The energy in this painting is palpable. I feel invigorated every time I see it.,US,,11/19/2024,,,yes,,,,,,,,
vibrant-colors-and-bold-shapes-collide-in-dreamscape,5,CosmopolitanCollector,The interplay of shapes and colors is fascinating. It's like a visual puzzle.,US,,11/25/2024,,,yes,,,,,,,,
vibrant-colors-and-bold-shapes-collide-in-dreamscape,5,FrameFancier,This painting is a dream come true! It's exactly what I wanted for my modern decor.,US,,11/23/2024,,,yes,,,,,,,,
vibrant-colors-and-bold-shapes-collide-in-dreamscape,5,PulsarPlume,The way the artist has balanced structure and fluidity is remarkable. A true work of art!,US,,11/21/2024,,,yes,,,,,,,,
vibrant-colors-and-bold-shapes-collide-in-dreamscape,5,QuantumQuest,This piece speaks volumes about movement and emotion. It's like capturing a moment of pure feeling.,US,,11/20/2024,,,yes,,,,,,,,
vibrant-colors-and-bold-shapes-collide-in-dreamscape,5,Everly,The way the colors flow and blend is mesmerizing. I can't stop looking at it!,US,,11/19/2024,,,yes,,,,,,,,
vibrant-colors-and-bold-shapes-collide-in-dreamscape,3,Elijah,"It's growing on me, but I'm still not sure if I like it.",US,,11/16/2024,,,yes,,,,,,,,
vibrant-colors-and-bold-shapes-collide-in-dreamscape,5,MakerSpaceMerchMaven,This painting is a burst of joy on my wall. It lifts my mood every time I see it.,US,,11/13/2024,,,yes,,,,,,,,
vibrant-colors-and-bold-shapes-collide-in-dreamscape,5,PhotoSnapperPro,The depth and complexity in this piece are astounding. I discover something new every day.,US,,11/20/2024,,,yes,,,,,,,,
vibrant-colors-and-bold-shapes-collide-in-dreamscape,5,Charlie,The energy and movement in this painting are captivating. It's like a frozen moment of dance.,US,,11/24/2024,,,yes,,,,,,,,
vibrant-colors-and-bold-shapes-collide-in-dreamscape,5,Leo,This artwork is a perfect blend of chaos and harmony. It's visually stunning!,US,,11/16/2024,,,yes,,,,,,,,
vibrant-colors-and-bold-shapes-collide-in-dreamscape,3,VintageValueHunter,"It's fine, I guess. Not really my style.",US,,11/25/2024,,,yes,,,,,,,,
vibrant-colors-and-bold-shapes-collide-in-dreamscape,5,PaintingPassionate,The bold use of color and form in this piece is breathtaking. It's a daily source of inspiration.,US,,11/23/2024,,,yes,,,,,,,,
vibrant-colors-and-bold-shapes-collide-in-dreamscape,2,CouponQueenConquerer,Too chaotic for my taste. It's hard to appreciate.,US,,11/21/2024,,,yes,,,,,,,,
vibrant-colors-and-bold-shapes-collide-in-dreamscape,5,Bjorn,This painting is a masterpiece of emotion and movement. It speaks to me on a deep level.,US,,11/20/2024,,,yes,,,,,,,,
vibrant-colors-and-bold-shapes-collide-in-dreamscape,5,Hannah,The interplay of shapes and colors is mesmerizing. It's like a visual symphony.,US,,11/19/2024,,,yes,,,,,,,,
vibrant-colors-and-bold-shapes-collide-in-dreamscape,5,VacuumVixen,This piece is a perfect representation of modern art. It's thought-provoking and beautiful.,US,,11/16/2024,,,yes,,,,,,,,
vibrant-colors-and-bold-shapes-collide-in-dreamscape,5,Jade,The energy in this painting is infectious. It brings life to my whole living space.,US,,11/13/2024,,,yes,,,,,,,,
vibrant-colors-and-bold-shapes-collide-in-dreamscape,5,CorollaryCapt,This artwork is a celebration of color and form. It's a joy to look at every day.,US,,11/20/2024,,,yes,,,,,,,,
vibrant-colors-and-bold-shapes-collide-in-dreamscape,5,Centaurus,The bold strokes and vibrant colors in this piece are captivating. It's a true statement piece.,US,,11/24/2024,,,yes,,,,,,,,
vibrant-colors-and-bold-shapes-collide-in-dreamscape,5,Orion,This painting is a whirlwind of emotion and energy. It's become the heart of my home.,US,,11/16/2024,,,yes,,,,,,,,
vibrant-colors-and-bold-shapes-collide-in-dreamscape,5,Brooks,The way the artist has captured movement in still form is remarkable. A true masterpiece!,US,,11/25/2024,,,yes,,,,,,,,
vibrant-colors-and-bold-shapes-collide-in-dreamscape,3,Lupus,It's okay. Does its job as wall decor.,US,,11/23/2024,,,yes,,,,,,,,
vibrant-colors-and-bold-shapes-collide-in-dreamscape,5,Geranium,This piece is a perfect blend of chaos and order. It's visually stunning and thought-provoking.,US,,11/21/2024,,,yes,,,,,,,,
vibrant-colors-and-bold-shapes-collide-in-dreamscape,5,Kyrie,The energy and vibrancy in this painting are infectious. It lifts my spirits every day.,US,,11/20/2024,,,yes,,,,,,,,
vibrant-colors-and-bold-shapes-collide-in-dreamscape,5,Echinacea,This artwork is a triumph of color and form. It's become the centerpiece of my home.,US,,11/19/2024,,,yes,,,,,,,,
vibrant-colors-and-bold-shapes-collide-in-dreamscape,5,HollywoodHavenHunter,The interplay of soft and bold elements in this piece is fascinating. It's a visual delight!,US,,11/25/2024,,,yes,,,,,,,,
vibrant-colors-and-bold-shapes-collide-in-dreamscape,3,Goldenseal,"Not bad, but I don't think I'd buy it again.",US,,11/23/2024,,,yes,,,,,,,,
vibrant-colors-and-bold-shapes-collide-in-dreamscape,5,NanoNegotiator,This painting is a perfect representation of modern art. It's both beautiful and thought-provoking.,US,,11/21/2024,,,yes,,,,,,,,
vibrant-colors-and-bold-shapes-collide-in-dreamscape,5,FogComputingFan_99,The bold use of color and form in this piece is breathtaking. It's a daily source of inspiration.,US,,11/20/2024,,,yes,,,,,,,,
vibrant-colors-and-bold-shapes-collide-in-dreamscape,5,Falcon,This artwork is a celebration of movement and emotion. It brings life to my whole living space.,US,,11/19/2024,,,yes,,,,,,,,
vibrant-colors-and-bold-shapes-collide-in-dreamscape,5,UruguayanYerbaMate_Tradition,The way the artist has balanced structure and fluidity is remarkable. A true work of art!,US,,11/16/2024,,,yes,,,,,,,,
vibrant-colors-and-bold-shapes-collide-in-dreamscape,5,Ethan,This piece speaks volumes about the human experience. It's both beautiful and profound.,US,,11/13/2024,,,yes,,,,,,,,
vibrant-colors-and-bold-shapes-collide-in-dreamscape,5,GrapeJuice_Purple,The energy and vibrancy in this painting are captivating. It's like a burst of joy on my wall.,US,,11/20/2024,,,yes,,,,,,,,
vibrant-colors-and-bold-shapes-collide-in-dreamscape,5,ArtisanalArtifactAcquirer,This artwork is a perfect blend of chaos and harmony. It's visually stunning and emotionally moving.,US,,11/24/2024,,,yes,,,,,,,,
vibrant-colors-and-bold-shapes-collide-in-dreamscape,5,MoroccunMint_Fresh,The bold strokes and vibrant colors in this piece are mesmerizing. It's a true masterpiece!,US,,11/16/2024,,,yes,,,,,,,,
vibrant-colors-and-bold-shapes-collide-in-dreamscape,5,HarmonyHavenHunter,This painting is a dream come true! The way the shapes and colors flow together is magical.,US,,11/25/2024,,,yes,,,,,,,,
vibrant-colors-and-bold-shapes-collide-in-dreamscape,5,Clara,The way the artist has captured movement in still form is remarkable. A true work of genius!,US,,11/23/2024,,,yes,,,,,,,,
vibrant-colors-and-bold-shapes-collide-in-dreamscape,5,Ari,This piece is a perfect representation of modern art. It's both beautiful and thought-provoking.,US,,11/21/2024,,,yes,,,,,,,,
vibrant-colors-and-bold-shapes-collide-in-dreamscape,5,Finley,The interplay of soft and bold elements in this piece is fascinating. It's a visual delight!,US,,11/20/2024,,,yes,,,,,,,,
vibrant-colors-and-bold-shapes-collide-in-dreamscape,5,GreekRevivalGuru,This artwork is a celebration of color and form. It brings life to my whole living space.,US,,11/19/2024,,,yes,,,,,,,,
vibrant-colors-and-bold-shapes-collide-in-dreamscape,5,PassiveHousePurchaser,The bold use of color and form in this piece is breathtaking. It's a daily source of inspiration.,US,,11/16/2024,,,yes,,,,,,,,
vibrant-colors-and-bold-shapes-collide-in-dreamscape,5,StarryNight,This painting is a perfect blend of emotion and technique. It's become the focal point of my home.,US,,11/13/2024,,,yes,,,,,,,,
vibrant-colors-and-bold-shapes-collide-in-dreamscape,3,Daisy,It's okay. Adds some visual interest to the room at least.,US,,11/20/2024,,,yes,,,,,,,,
vibrant-colors-and-bold-shapes-collide-in-dreamscape,5,Asa,The energy and movement in this piece are captivating. It's like a frozen moment of dance.,US,,11/24/2024,,,yes,,,,,,,,
vibrant-colors-and-bold-shapes-collide-in-dreamscape,2,RemNoteRenegade,Too abstract for my liking. I prefer more traditional art.,US,,11/16/2024,,,yes,,,,,,,,
vibrant-colors-and-bold-shapes-collide-in-dreamscape,5,Anna,This artwork is a triumph of color and form. It's both beautiful and emotionally moving.,US,,11/25/2024,,,yes,,,,,,,,
vibrant-colors-and-bold-shapes-collide-in-dreamscape,2,Thiago,Not sure it was worth the price. Looks a bit amateur to me.,US,,11/23/2024,,,yes,,,,,,,,
vibrant-colors-and-bold-shapes-collide-in-dreamscape,5,Christian,The way the artist has balanced structure and fluidity is remarkable. A true masterpiece!,US,,11/21/2024,,,yes,,,,,,,,
vibrant-colors-and-bold-shapes-collide-in-dreamscape,3,ShopaholicSam22,"It's growing on me, but I'm still not entirely convinced.",US,,11/20/2024,,,yes,,,,,,,,
vibrant-colors-and-bold-shapes-collide-in-dreamscape,5,ClockCollectorPro,This piece speaks volumes about the human experience. It's both beautiful and profound.,US,,11/19/2024,,,yes,,,,,,,,
vibrant-colors-and-bold-shapes-collide-in-dreamscape,5,PremiumProductPursuit,The bold strokes and vibrant colors in this painting are mesmerizing. It's a joy to look at every day.,US,,11/25/2024,,,yes,,,,,,,,
serene-circles-in-blue-and-white,5,InnovationInsider,The swirling blue patterns are so hypnotic! It's like looking into a series of peaceful whirlpools.,US,,11/23/2024,,,yes,,,,,,,,
serene-circles-in-blue-and-white,3,Rose,"Interesting concept, but it feels a bit repetitive to me.",US,,11/21/2024,,,yes,,,,,,,,
serene-circles-in-blue-and-white,5,InternationalItemSeeker,This piece brings such a calming energy to my living room. The blues are so soothing.,US,,11/20/2024,,,yes,,,,,,,,
serene-circles-in-blue-and-white,5,Jett,The way the artist plays with light and shadow in the circles is mesmerizing.,US,,11/19/2024,,,yes,,,,,,,,
serene-circles-in-blue-and-white,3,GalleryGlimpser,"It's okay, but I expected more variety in the design.",US,,11/16/2024,,,yes,,,,,,,,
serene-circles-in-blue-and-white,5,FrugalFindsForager,This artwork reminds me of peaceful ocean waves. It's so relaxing to look at.,US,,11/13/2024,,,yes,,,,,,,,
serene-circles-in-blue-and-white,5,EchinaceaTea_Immune,I love how the circles seem to have depth. It's like looking into mini universes.,US,,11/20/2024,,,yes,,,,,,,,
serene-circles-in-blue-and-white,3,Anderson,"Not bad, but I've seen more impressive geometric art.",US,,11/24/2024,,,yes,,,,,,,,
serene-circles-in-blue-and-white,5,Marshmallow,This painting transforms my space into a serene oasis. Love the calming effect!,US,,11/16/2024,,,yes,,,,,,,,
serene-circles-in-blue-and-white,5,NebulaNomad,The subtle variations in blue tones create such fascinating depth.,US,,11/25/2024,,,yes,,,,,,,,
serene-circles-in-blue-and-white,3,PetLover456,"It's growing on me, but I'm not fully sold on it yet.",US,,11/23/2024,,,yes,,,,,,,,
serene-circles-in-blue-and-white,5,NimbusNeptune,This piece evokes a sense of harmony and balance. It's truly zen-like.,US,,11/21/2024,,,yes,,,,,,,,
serene-circles-in-blue-and-white,5,TulsiTea_Holy_Basil,The interplay of light and dark blues is captivating. I can't stop looking!,US,,11/20/2024,,,yes,,,,,,,,
serene-circles-in-blue-and-white,3,KitchenGadgetFan,"It's alright, but I wish there was more variety in the shapes.",US,,11/19/2024,,,yes,,,,,,,,
serene-circles-in-blue-and-white,5,GourmetShopper,"This artwork brings such a cool, refreshing vibe to my home. Absolutely love it!",US,,11/16/2024,,,yes,,,,,,,,
serene-circles-in-blue-and-white,5,ProteomicsProdiggy,The way the circles blend and separate is so satisfying. It's visually perfect.,US,,11/13/2024,,,yes,,,,,,,,
serene-circles-in-blue-and-white,5,Gianna,This piece is like a window into a world of swirling blue galaxies. Mesmerizing!,US,,11/20/2024,,,yes,,,,,,,,
serene-circles-in-blue-and-white,5,GadgetGuruGalore,The precision in the circular patterns is incredible. It's so well-executed.,US,,11/24/2024,,,yes,,,,,,,,
serene-circles-in-blue-and-white,5,Kronos,This artwork reminds me of peaceful blue lagoons. It's so tranquil and inspiring.,US,,11/16/2024,,,yes,,,,,,,,
serene-circles-in-blue-and-white,5,FashionForwardForager,The balance between the light and dark blue tones is perfect. So harmonious!,US,,11/25/2024,,,yes,,,,,,,,
serene-circles-in-blue-and-white,5,Indigo,"This painting has transformed my space into a cool, calming sanctuary. Love it!",US,,11/23/2024,,,yes,,,,,,,,
serene-circles-in-blue-and-white,5,SurfingSoul,The dreamy quality of this piece transports me to a serene blue world.,US,,11/21/2024,,,yes,,,,,,,,
serene-circles-in-blue-and-white,3,Zinnia,"It's fine, but I've seen more creative uses of circular patterns.",US,,11/20/2024,,,yes,,,,,,,,
serene-circles-in-blue-and-white,5,EchoEnigma,The way the circles create an optical illusion of movement is fascinating.,US,,11/19/2024,,,yes,,,,,,,,
serene-circles-in-blue-and-white,2,Autumn,Not my style at all. Too uniform and predictable.,US,,11/25/2024,,,yes,,,,,,,,
serene-circles-in-blue-and-white,5,BalanceBeamBuyer,This artwork brings such a sense of calm and order to my chaotic life.,US,,11/23/2024,,,yes,,,,,,,,
serene-circles-in-blue-and-white,5,AstralAvalanche,The subtle variations in each circle make this piece endlessly intriguing.,US,,11/21/2024,,,yes,,,,,,,,
serene-circles-in-blue-and-white,5,Celia,This painting speaks to my love of order and patterns. It's visually soothing.,US,,11/20/2024,,,yes,,,,,,,,
serene-circles-in-blue-and-white,5,Lennon,The way the artist has captured the essence of water in abstract form is remarkable.,US,,11/19/2024,,,yes,,,,,,,,
serene-circles-in-blue-and-white,3,Zeke,"Not bad, but not great either. Just average.",US,,11/16/2024,,,yes,,,,,,,,
serene-circles-in-blue-and-white,5,SpectrumStardust,This piece brings me a sense of peace every time I look at it. Worth every penny!,US,,11/13/2024,,,yes,,,,,,,,
serene-circles-in-blue-and-white,5,CyberneticConsumer,The flow of blues in this piece is simply breathtaking. It's like a visual lullaby.,US,,11/20/2024,,,yes,,,,,,,,
serene-circles-in-blue-and-white,3,SustainabilitySeeker,"It's fine, but I wouldn't buy from this artist again.",US,,11/24/2024,,,yes,,,,,,,,
serene-circles-in-blue-and-white,5,HandcraftedHunter,This artwork speaks volumes about harmony and repetition in nature. It's profound.,US,,11/16/2024,,,yes,,,,,,,,
serene-circles-in-blue-and-white,5,Lily,The energy in this piece is so calming. It's like a meditation aid on my wall!,US,,11/25/2024,,,yes,,,,,,,,
serene-circles-in-blue-and-white,5,SunscreenStockist,This painting is like a portal to a world of tranquil blue waters. It's magical!,US,,11/23/2024,,,yes,,,,,,,,
serene-circles-in-blue-and-white,5,Magnolia,The interplay of light and shadow in these circles is masterful.,US,,11/21/2024,,,yes,,,,,,,,
serene-circles-in-blue-and-white,3,GoLangGuru_101,"It's okay, but I think I'll try a different art style next time.",US,,11/20/2024,,,yes,,,,,,,,
serene-circles-in-blue-and-white,5,MusicMerchFan,"This artwork brings such a cool, refreshing energy to my home. I'm in love!",US,,11/19/2024,,,yes,,,,,,,,
serene-circles-in-blue-and-white,5,TabuSearchTitan_42,The way this piece plays with perspective is fascinating. It's almost 3D!,US,,11/16/2024,,,yes,,,,,,,,
serene-circles-in-blue-and-white,5,DevOpsDominator_365,This painting has become the calming centerpiece of my home. It's truly special.,US,,11/13/2024,,,yes,,,,,,,,
serene-circles-in-blue-and-white,5,Eliana,The subtle gradients in the blue tones are so soothing yet intriguing. Perfect balance!,US,,11/20/2024,,,yes,,,,,,,,
serene-circles-in-blue-and-white,5,HerokuHero_99,"This piece transforms the energy of my entire room. It's like a cool, blue breeze!",US,,11/24/2024,,,yes,,,,,,,,
serene-circles-in-blue-and-white,2,SRESpecialist_21,Too abstract and repetitive for my taste. I can't make sense of it.,US,,11/16/2024,,,yes,,,,,,,,
serene-circles-in-blue-and-white,5,Willow,The way the circles seem to ripple across the canvas is mesmerizing.,US,,11/25/2024,,,yes,,,,,,,,
serene-circles-in-blue-and-white,3,MangaManiac,"It's okay, but I think I overpaid for what it is.",US,,11/23/2024,,,yes,,,,,,,,
serene-circles-in-blue-and-white,5,CelestialCascade,This artwork challenges me to find peace in repetition. It's surprisingly inspiring!,US,,11/21/2024,,,yes,,,,,,,,
serene-circles-in-blue-and-white,5,LatteLover_Foam,The depth and complexity in these simple circles are astounding. Always intriguing!,US,,11/20/2024,,,yes,,,,,,,,
serene-circles-in-blue-and-white,5,Dylan,This painting is a masterpiece of minimalist art. It's thought-provoking and beautiful.,US,,11/19/2024,,,yes,,,,,,,,
serene-circles-in-blue-and-white,5,DigitalDreamer24,The way this piece captures the essence of water is extraordinary. It's so refreshing!,US,,11/25/2024,,,yes,,,,,,,,
serene-circles-in-blue-and-white,3,QuantumQuasar,"It's alright, but I've seen more interesting abstract works.",US,,11/23/2024,,,yes,,,,,,,,
serene-circles-in-blue-and-white,5,SpectrumStardust,This artwork speaks to the beauty of simplicity and repetition. It's powerful.,US,,11/21/2024,,,yes,,,,,,,,
serene-circles-in-blue-and-white,5,Beckett,The subtle variations in each circle add so much depth. It's fascinating!,US,,11/20/2024,,,yes,,,,,,,,
serene-circles-in-blue-and-white,5,Maci,This painting is a constant source of calm. It's like visual meditation.,US,,11/19/2024,,,yes,,,,,,,,
serene-circles-in-blue-and-white,5,GalaxyGearGrabber,The way this piece plays with my perception is mind-bending. Love it!,US,,11/16/2024,,,yes,,,,,,,,
serene-circles-in-blue-and-white,5,Cecelia,"This artwork brings such a unique, calming energy to my home. It's transformative!",US,,11/13/2024,,,yes,,,,,,,,
serene-circles-in-blue-and-white,2,MuralMagician,"I'm trying to appreciate it, but it's just not resonating with me.",US,,11/20/2024,,,yes,,,,,,,,
serene-circles-in-blue-and-white,5,IslandHopper_Paradise,The balance of light and dark blues in this piece is perfect. So harmonious!,US,,11/24/2024,,,yes,,,,,,,,
serene-circles-in-blue-and-white,5,Mia,This painting challenges my perception in the most delightful way. Brilliant!,US,,11/16/2024,,,yes,,,,,,,,
serene-circles-in-blue-and-white,5,Anna,The calming effect of this piece is profound. It soothes me every time I look at it.,US,,11/25/2024,,,yes,,,,,,,,
journey-through-the-double-helix,5,Clover,This piece is hauntingly beautiful. The contrast between the vibrant colors and skeletal figures is striking.,US,,11/23/2024,,,yes,,,,,,,,
journey-through-the-double-helix,5,MathWhiz,I'm mesmerized by the cosmic elements. It's like peering into another dimension!,US,,11/21/2024,,,yes,,,,,,,,
journey-through-the-double-helix,5,Hazel,The symbolism in this piece is profound. It sparks so many conversations!,US,,11/20/2024,,,yes,,,,,,,,
journey-through-the-double-helix,5,SpanishStyleShopper,The juxtaposition of life and death themes is brilliantly executed. A true masterpiece!,US,,11/19/2024,,,yes,,,,,,,,
journey-through-the-double-helix,2,TimelessTreasures,"The colors are nice, but the subject matter is too morbid for my living room.",US,,11/16/2024,,,yes,,,,,,,,
journey-through-the-double-helix,5,SalsaDancer_Spicy,I love how this piece blends surrealism with a cosmic vibe. It's captivating!,US,,11/13/2024,,,yes,,,,,,,,
journey-through-the-double-helix,5,Jeremiah,This artwork speaks volumes about the human condition. It's deeply moving.,US,,11/20/2024,,,yes,,,,,,,,
journey-through-the-double-helix,5,AxiomAdvocate_7,The use of color against the dark background is stunning. It's like a visual poem.,US,,11/24/2024,,,yes,,,,,,,,
journey-through-the-double-helix,3,ProseProspectorPro,"I appreciate the artistry, but it's a bit too intense for my taste.",US,,11/16/2024,,,yes,,,,,,,,
journey-through-the-double-helix,5,DartsSharpshooter,This piece challenges my perception of life and death. It's thought-provoking!,US,,11/25/2024,,,yes,,,,,,,,
journey-through-the-double-helix,5,AlgorithmAce_23,I'm in awe of how the artist combines cosmic and earthly elements. Brilliant!,US,,11/23/2024,,,yes,,,,,,,,
journey-through-the-double-helix,3,MexicanDamiana_Aromatic,It's a bit too busy. I find it hard to focus on any one element.,US,,11/21/2024,,,yes,,,,,,,,
journey-through-the-double-helix,5,GIFGuru_42,The circular motif with the skeletons is hypnotic. I can't stop looking at it!,US,,11/20/2024,,,yes,,,,,,,,
journey-through-the-double-helix,5,OneNoteOracle_42,This piece perfectly captures the balance between light and dark. I love it!,US,,11/19/2024,,,yes,,,,,,,,
journey-through-the-double-helix,3,GreenThumb,"The concept is intriguing, but the execution is a bit too stark for me.",US,,11/25/2024,,,yes,,,,,,,,
journey-through-the-double-helix,5,Aspyn,The way the skeletons seem to be climbing into the cosmos is so powerful.,US,,11/23/2024,,,yes,,,,,,,,
journey-through-the-double-helix,5,QuasarQuest,This artwork challenges me to think about mortality in a new way. It's profound.,US,,11/21/2024,,,yes,,,,,,,,
journey-through-the-double-helix,5,Zephyr,I love how this piece blends science fiction with existential themes. So cool!,US,,11/20/2024,,,yes,,,,,,,,
journey-through-the-double-helix,5,Liam,The circular composition creates a sense of eternal cycle. It's mesmerizing!,US,,11/19/2024,,,yes,,,,,,,,
journey-through-the-double-helix,5,Cumin,This piece speaks to me on a spiritual level. It's incredibly moving.,US,,11/16/2024,,,yes,,,,,,,,
journey-through-the-double-helix,5,Leah,The contrast between the cosmic elements and the skeletons is brilliant.,US,,11/13/2024,,,yes,,,,,,,,
journey-through-the-double-helix,5,Julian,This artwork makes me contemplate my place in the universe. It's powerful!,US,,11/20/2024,,,yes,,,,,,,,
journey-through-the-double-helix,5,Nettle,I'm fascinated by how the artist represents the journey of life and death.,US,,11/24/2024,,,yes,,,,,,,,
journey-through-the-double-helix,5,ColdbrowCool_Ice,The way the piece combines mystical and scientific elements is incredible.,US,,11/16/2024,,,yes,,,,,,,,
journey-through-the-double-helix,5,QuantumEntagleExpert,This artwork challenges my perception of reality. It's mind-bending!,US,,11/25/2024,,,yes,,,,,,,,
journey-through-the-double-helix,5,SolarSiren,I love how this piece makes me question my existence. It's profound!,US,,11/23/2024,,,yes,,,,,,,,
journey-through-the-double-helix,5,BigOBoss_101,The cosmic imagery combined with the skeletal figures is so powerful.,US,,11/21/2024,,,yes,,,,,,,,
journey-through-the-double-helix,5,HeapHacker_101,This piece perfectly captures the beauty and mystery of life and death.,US,,11/20/2024,,,yes,,,,,,,,
journey-through-the-double-helix,5,Nash,I'm in awe of how the artist represents the cycle of existence. Brilliant!,US,,11/19/2024,,,yes,,,,,,,,
journey-through-the-double-helix,5,SpringBloom_Blossom,The way this piece blends the macabre with the cosmic is fascinating.,US,,11/16/2024,,,yes,,,,,,,,
journey-through-the-double-helix,3,CrossFitCrazyBuyer,"Interesting concept, but it's not something I'd want to see every day.",US,,11/13/2024,,,yes,,,,,,,,
journey-through-the-double-helix,5,Plantain,This artwork speaks to the interconnectedness of all things. It's beautiful!,US,,11/20/2024,,,yes,,,,,,,,
journey-through-the-double-helix,5,Amaya,I love how this piece challenges conventional ideas of life and death.,US,,11/24/2024,,,yes,,,,,,,,
journey-through-the-double-helix,5,Isla,The circular composition creates a sense of eternity. It's mesmerizing!,US,,11/16/2024,,,yes,,,,,,,,
journey-through-the-double-helix,5,ZephyrZephyr,This piece makes me contemplate my own mortality. It's deeply moving.,US,,11/25/2024,,,yes,,,,,,,,
journey-through-the-double-helix,5,Soren,I'm fascinated by the juxtaposition of cosmic and skeletal elements.,US,,11/23/2024,,,yes,,,,,,,,
journey-through-the-double-helix,5,Emerson,This artwork perfectly captures the dance between life and death. Amazing!,US,,11/21/2024,,,yes,,,,,,,,
journey-through-the-double-helix,5,PaintingParadise,I love how this piece represents the journey of the soul. It's powerful!,US,,11/20/2024,,,yes,,,,,,,,
journey-through-the-double-helix,5,QuantumQuiver,The way the artist blends scientific and spiritual themes is brilliant.,US,,11/19/2024,,,yes,,,,,,,,
journey-through-the-double-helix,5,Sunflower,"This piece challenges my perception of life, death, and the cosmos. Wow!",US,,11/25/2024,,,yes,,,,,,,,
journey-through-the-double-helix,5,Finn,The circular motif with the skeletons creates a hypnotic effect. Love it!,US,,11/23/2024,,,yes,,,,,,,,
journey-through-the-double-helix,5,SimulatorStuffSeeker,This artwork speaks volumes about the human journey. It's profound!,US,,11/21/2024,,,yes,,,,,,,,
journey-through-the-double-helix,2,SteppeNomad_Yurt,The skeletons are a bit much. It feels too Halloween-ish.,US,,11/20/2024,,,yes,,,,,,,,
journey-through-the-double-helix,5,Fennel,This piece perfectly captures the mystery of life and death. It's beautiful!,US,,11/19/2024,,,yes,,,,,,,,
journey-through-the-double-helix,3,QuantumQuotient,"It's visually striking, but the theme is too heavy for my liking.",US,,11/16/2024,,,yes,,,,,,,,
journey-through-the-double-helix,5,ClearanceCaptain,I love how this artwork makes me question my place in the universe.,US,,11/13/2024,,,yes,,,,,,,,
journey-through-the-double-helix,5,Bastian,The way this piece blends cosmic and existential themes is fascinating.,US,,11/20/2024,,,yes,,,,,,,,
journey-through-the-double-helix,5,Aubree,This artwork challenges me to think about mortality in a new way. Powerful!,US,,11/24/2024,,,yes,,,,,,,,
journey-through-the-double-helix,5,TechnoTrance_Beat,I'm mesmerized by how the artist represents the journey of consciousness.,US,,11/16/2024,,,yes,,,,,,,,
journey-through-the-double-helix,3,Timothy,"It's visually interesting, but I find it a bit unsettling.",US,,11/25/2024,,,yes,,,,,,,,
journey-through-the-double-helix,5,Milani,The contrast between the cosmic elements and the skeletons is brilliant.,US,,11/23/2024,,,yes,,,,,,,,
journey-through-the-double-helix,5,Maca,"This piece speaks to me on a deep, spiritual level. It's incredibly moving.",US,,11/21/2024,,,yes,,,,,,,,
journey-through-the-double-helix,5,DataStructureDiva,I love how this artwork represents the eternal cycle of life. It's profound!,US,,11/20/2024,,,yes,,,,,,,,
celestial-eye,5,PlasmaPhoenix,The contrast of tiny figures against the bold red background is striking. It's a powerful piece.,US,,11/19/2024,,,yes,,,,,,,,
celestial-eye,5,WallArtWanderer,This artwork makes me ponder about humanity's place in the grand scheme. Truly thought-provoking!,US,,11/16/2024,,,yes,,,,,,,,
celestial-eye,5,RetroRevivalist,The geometric shapes and human elements create a fascinating juxtaposition. Love it!,US,,11/13/2024,,,yes,,,,,,,,
celestial-eye,3,HMMHero_2023,"It's okay, but I expected more detail in the figures.",US,,11/20/2024,,,yes,,,,,,,,
celestial-eye,5,GreenLivingGuru,This piece speaks volumes about society and individuality. It's become a conversation starter.,US,,11/24/2024,,,yes,,,,,,,,
celestial-eye,2,SpectrumSymphony,The red is too intense. It doesn't work well in my space.,US,,11/16/2024,,,yes,,,,,,,,
celestial-eye,5,FormalWearFanatic,I love how the circular format creates a sense of continuity. It's mesmerizing!,US,,11/25/2024,,,yes,,,,,,,,
celestial-eye,5,Rosemary,This painting transforms my living room into a modern art gallery. Absolutely stunning!,US,,11/23/2024,,,yes,,,,,,,,
celestial-eye,5,MeditationMerchFan,The way the artist plays with scale is brilliant. It's like looking at a miniature world.,US,,11/21/2024,,,yes,,,,,,,,
celestial-eye,5,NestingNookNavigator,This piece evokes such strong emotions. It's both unsettling and beautiful.,US,,11/20/2024,,,yes,,,,,,,,
celestial-eye,5,SustainableShopper,The interplay of geometric shapes and human figures is captivating. I can't stop looking!,US,,11/19/2024,,,yes,,,,,,,,
celestial-eye,5,Trinity,This artwork brings such energy and depth to my space. It's truly transformative!,US,,11/25/2024,,,yes,,,,,,,,
celestial-eye,5,PhotographyPro,The way the tiny figures seem to be on a journey is so intriguing. It tells a story.,US,,11/23/2024,,,yes,,,,,,,,
celestial-eye,5,CraftsmanCollector,This piece is a brilliant commentary on human perseverance. It's inspiring!,US,,11/21/2024,,,yes,,,,,,,,
celestial-eye,5,BackcountryBargainBrowser,The way this painting plays with perspective is mind-bending. Brilliant work!,US,,11/20/2024,,,yes,,,,,,,,
celestial-eye,5,Zev,This artwork is a constant source of inspiration. I notice new details daily.,US,,11/19/2024,,,yes,,,,,,,,
celestial-eye,5,Cosmo,The balance between the geometric and human elements is perfect. So thought-provoking!,US,,11/16/2024,,,yes,,,,,,,,
celestial-eye,5,ScalaSorcerer_7,This painting has transformed my space into a sophisticated gallery. Love it!,US,,11/13/2024,,,yes,,,,,,,,
celestial-eye,5,ZephyrZircon,The surreal quality of this piece transports me every time I look at it.,US,,11/20/2024,,,yes,,,,,,,,
celestial-eye,5,WallWonderWorker,The way the figures seem to be on an endless journey is so poignant. It's deeply moving.,US,,11/24/2024,,,yes,,,,,,,,
celestial-eye,5,Elderberry,This artwork brings such a sense of wonder and mystery to my space.,US,,11/16/2024,,,yes,,,,,,,,
celestial-eye,5,ClusteringKing,This painting speaks to the human condition. It's emotionally resonant and visually stunning.,US,,11/25/2024,,,yes,,,,,,,,
celestial-eye,5,Chloe,The way the artist has captured movement in still form is remarkable.,US,,11/23/2024,,,yes,,,,,,,,
celestial-eye,5,Leopard,This piece brings me joy and intrigue every time I look at it. Worth every penny!,US,,11/21/2024,,,yes,,,,,,,,
celestial-eye,5,Samuel,The flow of shapes and figures in this piece is simply breathtaking.,US,,11/20/2024,,,yes,,,,,,,,
celestial-eye,5,Lark,This artwork speaks volumes about the human journey. It's profound and beautiful.,US,,11/19/2024,,,yes,,,,,,,,
celestial-eye,5,Christopher,The energy in this piece is palpable. It's like it's alive on my wall!,US,,11/16/2024,,,yes,,,,,,,,
celestial-eye,5,ProWritingPro,This painting is like a window into another dimension. It's absolutely captivating!,US,,11/13/2024,,,yes,,,,,,,,
celestial-eye,5,OldFashioned_Whiskey,The interplay of light and shadow in this piece is masterful.,US,,11/20/2024,,,yes,,,,,,,,
celestial-eye,5,AestheticAdorer,This artwork brings such life and energy to my home. I'm in love with it!,US,,11/24/2024,,,yes,,,,,,,,
celestial-eye,5,ScriptSavant_77,The way this piece plays with scale and perspective is fascinating.,US,,11/16/2024,,,yes,,,,,,,,
celestial-eye,5,RainLover_Puddles,This painting has become the heart of my home. It's truly special.,US,,11/25/2024,,,yes,,,,,,,,
celestial-eye,5,D3Dynamo_77,The bold red palette is so striking yet intriguing. Perfect statement piece!,US,,11/23/2024,,,yes,,,,,,,,
celestial-eye,5,PictureFrameFanatic,This piece transforms the energy of my entire room. It's powerful!,US,,11/21/2024,,,yes,,,,,,,,
celestial-eye,5,QuasarQuill,The way the figures seem to traverse impossible landscapes is mesmerizing.,US,,11/20/2024,,,yes,,,,,,,,
celestial-eye,5,CosplayerShopper,This artwork challenges me to see the world differently. It's inspiring!,US,,11/19/2024,,,yes,,,,,,,,
celestial-eye,5,Volans,The depth and complexity in this piece are astounding. Always intriguing!,US,,11/25/2024,,,yes,,,,,,,,
celestial-eye,5,BlockchainBargainHunter,This painting is a masterpiece of modern art. It's thought-provoking and beautiful.,US,,11/23/2024,,,yes,,,,,,,,
celestial-eye,5,SaintMartinLemongrass_Citrus,The way this piece captures human determination is extraordinary. It's inspiring!,US,,11/21/2024,,,yes,,,,,,,,
celestial-eye,3,LunarLuster,"It's alright, but I've seen more interesting abstract works.",US,,11/20/2024,,,yes,,,,,,,,
celestial-eye,5,QuantumQuasar,This artwork speaks to the resilience of the human spirit. It's powerful.,US,,11/19/2024,,,yes,,,,,,,,
celestial-eye,5,QuizletQuester,The subtle textures in this piece add so much depth. It's fascinating!,US,,11/16/2024,,,yes,,,,,,,,
celestial-eye,3,FairTradeFanatic,"It's okay, but I expected more given the artist's reputation.",US,,11/13/2024,,,yes,,,,,,,,
celestial-eye,5,ShowerCurtainShopper,This painting is a constant source of inspiration. It sparks my imagination.,US,,11/20/2024,,,yes,,,,,,,,
celestial-eye,2,Ian,Not my cup of tea. I prefer art that tells a clearer story.,US,,11/24/2024,,,yes,,,,,,,,
celestial-eye,5,HeritageHuntress,The way this piece plays with my perception is mind-bending. Love it!,US,,11/16/2024,,,yes,,,,,,,,
celestial-eye,3,Juno,"It's fine, but I think I'll explore different art styles in the future.",US,,11/25/2024,,,yes,,,,,,,,
celestial-eye,5,GymBagCollector,"This artwork brings such a unique, energetic vibe to my home. It's transformative!",US,,11/23/2024,,,yes,,,,,,,,
celestial-eye,2,Dill,"I'm trying to appreciate it, but it's just not resonating with me.",US,,11/21/2024,,,yes,,,,,,,,
celestial-eye,5,Ryker,The balance of geometric and human elements in this piece is perfect. So intriguing!,US,,11/20/2024,,,yes,,,,,,,,
celestial-eye,3,BorderlessBeautyBuyer,"It's okay, but I think I need more time to fully appreciate it.",US,,11/19/2024,,,yes,,,,,,,,
celestial-eye,5,Gia,This painting challenges my perception in the most delightful way. Brilliant!,US,,11/16/2024,,,yes,,,,,,,,
celestial-eye,2,OolongTea_Chinese,Not really what I was expecting. It doesn't fit my space as I hoped.,US,,11/13/2024,,,yes,,,,,,,,
celestial-eye,5,NailPolishNut,The emotional impact of this piece is profound. It moves me every time I look at it.,US,,11/20/2024,,,yes,,,,,,,,
majestic-beauty-in-motion,5,Dahlia,This painting is a kaleidoscope of emotions! The vibrant colors and intricate shapes create such a dynamic energy.,US,,11/24/2024,,,yes,,,,,,,,
majestic-beauty-in-motion,2,Hawthorn,Too chaotic for my taste. I can't make sense of it.,US,,11/16/2024,,,yes,,,,,,,,
majestic-beauty-in-motion,5,TasteBudTraveler,Absolutely mesmerizing! The way the artist blends colors and forms is truly masterful.,US,,11/25/2024,,,yes,,,,,,,,
majestic-beauty-in-motion,3,SmartStuffSeeker,"Interesting use of color, but the composition feels overwhelming.",US,,11/23/2024,,,yes,,,,,,,,
majestic-beauty-in-motion,5,Opal,I'm in love with how the geometric and organic shapes interplay. It's like a visual symphony!,US,,11/21/2024,,,yes,,,,,,,,
majestic-beauty-in-motion,5,UnityUnicorn_42,The balance of warm and cool tones is captivating. A true conversation starter!,US,,11/20/2024,,,yes,,,,,,,,
majestic-beauty-in-motion,5,EthicalEcommercePro,The way the colors flow and blend is so captivating. It brightens up my whole room!,US,,11/19/2024,,,yes,,,,,,,,
majestic-beauty-in-motion,2,GlamGearGatherer,Not sure what it represents. Looks a bit random to me.,US,,11/25/2024,,,yes,,,,,,,,
majestic-beauty-in-motion,5,Lyra,This piece is a masterpiece of modern art. I see something new every time I look at it.,US,,11/23/2024,,,yes,,,,,,,,
majestic-beauty-in-motion,5,Foxglove,The energy in this painting is palpable. I feel invigorated every time I see it.,US,,11/21/2024,,,yes,,,,,,,,
majestic-beauty-in-motion,5,Thanatos,The interplay of shapes and colors is fascinating. It's like a visual puzzle.,US,,11/20/2024,,,yes,,,,,,,,
majestic-beauty-in-motion,5,EduOpsExcellent,This painting is a dream come true! It's exactly what I wanted for my modern decor.,US,,11/19/2024,,,yes,,,,,,,,
majestic-beauty-in-motion,5,Basil,The way the artist has balanced complexity and harmony is remarkable. A true work of art!,US,,11/16/2024,,,yes,,,,,,,,
majestic-beauty-in-motion,5,Arianna,This piece speaks volumes about the chaos and beauty of life. It's deeply moving.,US,,11/13/2024,,,yes,,,,,,,,
majestic-beauty-in-motion,5,Leo,The way the colors flow and blend is mesmerizing. I can't stop looking at it!,US,,11/20/2024,,,yes,,,,,,,,
majestic-beauty-in-motion,5,EthicalBuyerPro,This painting is a burst of joy on my wall. It lifts my mood every time I see it.,US,,11/24/2024,,,yes,,,,,,,,
majestic-beauty-in-motion,5,Penelope,The depth and complexity in this piece are astounding. I discover something new every day.,US,,11/16/2024,,,yes,,,,,,,,
majestic-beauty-in-motion,3,InteriorInspo,It's okay. Does the job of filling wall space.,US,,11/25/2024,,,yes,,,,,,,,
majestic-beauty-in-motion,5,Dahlia,The energy and movement in this painting are captivating. It's like a frozen moment of dance.,US,,11/23/2024,,,yes,,,,,,,,
majestic-beauty-in-motion,5,LapsangSouchong_Smoky,This artwork is a perfect blend of chaos and harmony. It's visually stunning!,US,,11/21/2024,,,yes,,,,,,,,
majestic-beauty-in-motion,5,MolecularDynamicsace,The bold use of color and form in this piece is breathtaking. It's a daily source of inspiration.,US,,11/20/2024,,,yes,,,,,,,,
majestic-beauty-in-motion,5,Sage,This painting is a masterpiece of emotion and movement. It speaks to me on a deep level.,US,,11/19/2024,,,yes,,,,,,,,
majestic-beauty-in-motion,5,StellarSymphony,The interplay of shapes and colors is mesmerizing. It's like a visual symphony.,US,,11/16/2024,,,yes,,,,,,,,
majestic-beauty-in-motion,5,VelvetVortex,This piece is a perfect representation of modern art. It's thought-provoking and beautiful.,US,,11/13/2024,,,yes,,,,,,,,
majestic-beauty-in-motion,3,DealStackerSupreme,It's okay. Adds some color to the room at least.,US,,11/20/2024,,,yes,,,,,,,,
majestic-beauty-in-motion,5,VortexValor,The energy in this painting is infectious. It brings life to my whole living space.,US,,11/24/2024,,,yes,,,,,,,,
majestic-beauty-in-motion,5,Vivian,This artwork is a celebration of color and form. It's a joy to look at every day.,US,,11/16/2024,,,yes,,,,,,,,
majestic-beauty-in-motion,5,EcoWarriorShopper,The bold strokes and vibrant colors in this piece are captivating. It's a true statement piece.,US,,11/25/2024,,,yes,,,,,,,,
majestic-beauty-in-motion,5,EnglishBreakfast_Strong,This painting is a whirlwind of emotion and energy. It's become the heart of my home.,US,,11/23/2024,,,yes,,,,,,,,
majestic-beauty-in-motion,5,Camilla,The way the artist has captured movement in still form is remarkable. A true masterpiece!,US,,11/21/2024,,,yes,,,,,,,,
majestic-beauty-in-motion,5,IonIcicle,This piece is a perfect blend of chaos and order. It's visually stunning and thought-provoking.,US,,11/20/2024,,,yes,,,,,,,,
majestic-beauty-in-motion,5,PulsarPinnacle,The energy and vibrancy in this painting are infectious. It lifts my spirits every day.,US,,11/19/2024,,,yes,,,,,,,,
majestic-beauty-in-motion,5,PestControlPurchaser,This artwork is a triumph of color and form. It's become the centerpiece of my home.,US,,11/25/2024,,,yes,,,,,,,,
majestic-beauty-in-motion,2,ZenithZinc,Too chaotic and busy for my taste. It's hard to appreciate.,US,,11/23/2024,,,yes,,,,,,,,
majestic-beauty-in-motion,5,Pegasus,The interplay of geometric and organic forms in this piece is fascinating. It's a visual delight!,US,,11/21/2024,,,yes,,,,,,,,
majestic-beauty-in-motion,5,DesignOpsExpert,This painting is a perfect representation of modern art. It's both beautiful and thought-provoking.,US,,11/20/2024,,,yes,,,,,,,,
majestic-beauty-in-motion,5,FrappuccinoWhip_Sweet,The bold use of color and form in this piece is breathtaking. It's a daily source of inspiration.,US,,11/19/2024,,,yes,,,,,,,,
majestic-beauty-in-motion,5,PicnicPackerPro,This artwork is a celebration of creativity and imagination. It brings life to my whole living space.,US,,11/16/2024,,,yes,,,,,,,,
majestic-beauty-in-motion,2,VintageValueSeeker,Too abstract for my liking. I prefer art I can easily understand.,US,,11/13/2024,,,yes,,,,,,,,
majestic-beauty-in-motion,5,QuantumQuester,The way the artist has balanced complexity and simplicity is remarkable. A true work of art!,US,,11/20/2024,,,yes,,,,,,,,
majestic-beauty-in-motion,2,Hallie,Not sure it was worth the price. Looks a bit messy to me.,US,,11/24/2024,,,yes,,,,,,,,
majestic-beauty-in-motion,5,Evelyn,This piece speaks volumes about the beauty of abstraction. It's both beautiful and profound.,US,,11/16/2024,,,yes,,,,,,,,
majestic-beauty-in-motion,3,BloodyMary_Spicy,"It's growing on me, but I'm still not sure if I like it.",US,,11/25/2024,,,yes,,,,,,,,
majestic-beauty-in-motion,5,Enzo,The energy and vibrancy in this painting are captivating. It's like a burst of joy on my wall.,US,,11/23/2024,,,yes,,,,,,,,
majestic-beauty-in-motion,2,EarthWanderer,"I appreciate the effort, but it's just not my cup of tea.",US,,11/21/2024,,,yes,,,,,,,,
majestic-beauty-in-motion,5,Arya,This artwork is a perfect blend of color theory and abstract expression. It's visually stunning!,US,,11/20/2024,,,yes,,,,,,,,
majestic-beauty-in-motion,3,QuantumQuester,"Not bad, but I've seen more interesting abstract works.",US,,11/19/2024,,,yes,,,,,,,,
majestic-beauty-in-motion,5,Nova,The bold strokes and vibrant colors in this piece are mesmerizing. It's a true masterpiece!,US,,11/16/2024,,,yes,,,,,,,,
majestic-beauty-in-motion,5,DecorDreamer,This painting is a dream come true! The way the shapes and colors flow together is magical.,US,,11/13/2024,,,yes,,,,,,,,
majestic-beauty-in-motion,3,ArtAficionadoAcquirer,It's okay. Does its job as wall decor.,US,,11/20/2024,,,yes,,,,,,,,
majestic-beauty-in-motion,5,Nash,The way the artist has captured the essence of color and form is remarkable. A true work of genius!,US,,11/24/2024,,,yes,,,,,,,,
majestic-beauty-in-motion,5,InteriorInspiration,This piece is a perfect representation of contemporary art. It's both beautiful and thought-provoking.,US,,11/16/2024,,,yes,,,,,,,,
majestic-beauty-in-motion,5,FashionFanatic99,The interplay of shapes and colors in this piece is fascinating. It's a visual delight!,US,,11/25/2024,,,yes,,,,,,,,
majestic-beauty-in-motion,5,SaleScoutSupreme,This artwork is a celebration of abstraction and color. It brings life to my whole living space.,US,,11/23/2024,,,yes,,,,,,,,
majestic-beauty-in-motion,5,Zion,The bold use of color and form in this piece is breathtaking. It's a daily source of inspiration.,US,,11/21/2024,,,yes,,,,,,,,
majestic-beauty-in-motion,5,RecursionRenegade,This painting is a perfect blend of emotion and technique. It's become the focal point of my home.,US,,11/20/2024,,,yes,,,,,,,,
majestic-beauty-in-motion,5,KNNKnight_365,The energy and movement in this piece are captivating. It's like a frozen moment of creativity.,US,,11/19/2024,,,yes,,,,,,,,
majestic-beauty-in-motion,5,Alaia,This artwork is a triumph of color and composition. It's both beautiful and emotionally moving.,US,,11/25/2024,,,yes,,,,,,,,
whiskers-in-the-kitchen,5,Levi,The vibrant colors and cubist style of this still life are captivating! It's like a modern take on classic subjects.,US,,11/23/2024,,,yes,,,,,,,,
whiskers-in-the-kitchen,5,Delaney,This painting brings so much life to my dining room! The playful shapes and colors are a constant source of joy.,US,,11/21/2024,,,yes,,,,,,,,
whiskers-in-the-kitchen,5,Chickweed,I love how the artist has deconstructed everyday objects into this whimsical scene. It's both familiar and fantastical!,US,,11/20/2024,,,yes,,,,,,,,
whiskers-in-the-kitchen,5,Tempest,The balance of warm and cool tones is masterful. It's a feast for the eyes!,US,,11/19/2024,,,yes,,,,,,,,
whiskers-in-the-kitchen,5,Maple,The way the colors flow and blend is so captivating. It brightens up my whole kitchen!,US,,11/16/2024,,,yes,,,,,,,,
whiskers-in-the-kitchen,2,ArtInstaller,Not sure what some of these shapes are supposed to be. Looks a bit random.,US,,11/13/2024,,,yes,,,,,,,,
whiskers-in-the-kitchen,5,CraftBeer_Hop,This piece is a masterpiece of modern still life. I see something new every time I look at it.,US,,11/20/2024,,,yes,,,,,,,,
whiskers-in-the-kitchen,5,BaseballBatBuyer,The energy in this painting is palpable. I feel inspired every time I see it.,US,,11/24/2024,,,yes,,,,,,,,
whiskers-in-the-kitchen,3,CricketMaster,"Not bad, but I've seen more interesting still life works.",US,,11/16/2024,,,yes,,,,,,,,
whiskers-in-the-kitchen,5,GuamMamaki_Soothing,This painting is a dream come true! It's exactly what I wanted for my eclectic kitchen decor.,US,,11/25/2024,,,yes,,,,,,,,
whiskers-in-the-kitchen,5,QuizWhiz,This piece speaks volumes about the beauty in everyday objects. It's deeply moving.,US,,11/23/2024,,,yes,,,,,,,,
whiskers-in-the-kitchen,5,Capricorn,The way the colors flow and blend is mesmerizing. I can't stop looking at it!,US,,11/21/2024,,,yes,,,,,,,,
whiskers-in-the-kitchen,5,Ruby,This painting is a burst of joy on my wall. It lifts my mood every time I see it.,US,,11/20/2024,,,yes,,,,,,,,
whiskers-in-the-kitchen,5,DigitalNomad_Life,The depth and complexity in this piece are astounding. I discover something new every day.,US,,11/19/2024,,,yes,,,,,,,,
whiskers-in-the-kitchen,5,FootballFanShopper,The energy and movement in this painting are captivating. It's like a dance of household items!,US,,11/16/2024,,,yes,,,,,,,,
whiskers-in-the-kitchen,5,Peppermint,This artwork is a perfect blend of chaos and harmony. It's visually stunning!,US,,11/13/2024,,,yes,,,,,,,,
whiskers-in-the-kitchen,5,Maya,The bold use of color and form in this piece is breathtaking. It's a daily source of inspiration.,US,,11/20/2024,,,yes,,,,,,,,
whiskers-in-the-kitchen,5,CraftSuppliesQueen,This painting is a masterpiece of emotion and movement. It speaks to me on a deep level.,US,,11/24/2024,,,yes,,,,,,,,
whiskers-in-the-kitchen,5,PhoenixPlume,The interplay of shapes and colors is mesmerizing. It's like a visual symphony.,US,,11/16/2024,,,yes,,,,,,,,
whiskers-in-the-kitchen,5,Cyrus,This piece is a perfect representation of modern art. It's thought-provoking and beautiful.,US,,11/25/2024,,,yes,,,,,,,,
whiskers-in-the-kitchen,5,Kai,The energy in this painting is infectious. It brings life to my whole living space.,US,,11/23/2024,,,yes,,,,,,,,
whiskers-in-the-kitchen,5,RunningShoesShopper,This artwork is a celebration of color and form. It's a joy to look at every day.,US,,11/21/2024,,,yes,,,,,,,,
whiskers-in-the-kitchen,5,Milk,The bold strokes and vibrant colors in this piece are captivating. It's a true statement piece.,US,,11/20/2024,,,yes,,,,,,,,
whiskers-in-the-kitchen,5,UrbanIndustrialFan,This painting is a whirlwind of emotion and energy. It's become the heart of my home.,US,,11/19/2024,,,yes,,,,,,,,
whiskers-in-the-kitchen,5,Pan,The way the artist has captured the essence of everyday objects is remarkable. A true masterpiece!,US,,11/25/2024,,,yes,,,,,,,,
whiskers-in-the-kitchen,5,MultinationalMerchant,This piece is a perfect blend of reality and imagination. It's visually stunning and thought-provoking.,US,,11/23/2024,,,yes,,,,,,,,
whiskers-in-the-kitchen,5,FootballFanatic,The energy and vibrancy in this painting are infectious. It lifts my spirits every day.,US,,11/21/2024,,,yes,,,,,,,,
whiskers-in-the-kitchen,5,SmoothieSuppliesFan,This artwork is a triumph of color and form. It's become the centerpiece of my kitchen.,US,,11/20/2024,,,yes,,,,,,,,
whiskers-in-the-kitchen,5,Luis,The interplay of geometric and organic forms in this piece is fascinating. It's a visual delight!,US,,11/19/2024,,,yes,,,,,,,,
whiskers-in-the-kitchen,5,AuroraAtom,This painting is a perfect representation of modern still life. It's both beautiful and thought-provoking.,US,,11/16/2024,,,yes,,,,,,,,
whiskers-in-the-kitchen,5,PilatesPropPro,The bold use of color and form in this piece is breathtaking. It's a daily source of inspiration in my kitchen.,US,,11/13/2024,,,yes,,,,,,,,
whiskers-in-the-kitchen,5,SoapSavvyShopper,This artwork is a celebration of everyday objects. It brings life to my whole dining area.,US,,11/20/2024,,,yes,,,,,,,,
whiskers-in-the-kitchen,5,AlgoAlchemist_99,The way the artist has balanced complexity and simplicity is remarkable. A true work of art!,US,,11/24/2024,,,yes,,,,,,,,
whiskers-in-the-kitchen,5,Lotus,This piece speaks volumes about finding beauty in the mundane. It's both beautiful and profound.,US,,11/16/2024,,,yes,,,,,,,,
whiskers-in-the-kitchen,5,Azalea,The energy and vibrancy in this painting are captivating. It's like a burst of joy on my wall.,US,,11/25/2024,,,yes,,,,,,,,
whiskers-in-the-kitchen,5,VeganSmoothie_Green,This artwork is a perfect blend of cubism and still life. It's visually stunning!,US,,11/23/2024,,,yes,,,,,,,,
whiskers-in-the-kitchen,5,SangriaPunch_Fruit,The bold strokes and vibrant colors in this piece are mesmerizing. It's a true masterpiece!,US,,11/21/2024,,,yes,,,,,,,,
whiskers-in-the-kitchen,5,AuroraAmber,This painting is a dream come true! The way the shapes and colors flow together is magical.,US,,11/20/2024,,,yes,,,,,,,,
whiskers-in-the-kitchen,3,Willow,It's okay. Does its job as wall decor.,US,,11/19/2024,,,yes,,,,,,,,
whiskers-in-the-kitchen,5,CountryRoads_Twang,The way the artist has captured the essence of household items is remarkable. A true work of genius!,US,,11/16/2024,,,yes,,,,,,,,
whiskers-in-the-kitchen,5,Neo,This piece is a perfect representation of contemporary still life. It's both beautiful and thought-provoking.,US,,11/13/2024,,,yes,,,,,,,,
whiskers-in-the-kitchen,5,IndustrialStyleShopper,The interplay of shapes and colors in this piece is fascinating. It's a visual delight!,US,,11/20/2024,,,yes,,,,,,,,
whiskers-in-the-kitchen,5,Rune,This artwork is a celebration of form and color. It brings life to my whole kitchen.,US,,11/24/2024,,,yes,,,,,,,,
whiskers-in-the-kitchen,3,SolarSynergy,"Not bad, but I've seen better abstract still life works.",US,,11/16/2024,,,yes,,,,,,,,
whiskers-in-the-kitchen,5,Adrian,The bold use of color and form in this piece is breathtaking. It's a daily source of inspiration in my dining room.,US,,11/25/2024,,,yes,,,,,,,,
whiskers-in-the-kitchen,5,Lila,This painting is a perfect blend of reality and abstraction. It's become the focal point of my home.,US,,11/23/2024,,,yes,,,,,,,,
whiskers-in-the-kitchen,5,ZephyrZone,The energy and movement in this piece are captivating. It's like a symphony of household objects.,US,,11/21/2024,,,yes,,,,,,,,
whiskers-in-the-kitchen,2,Waylon,Too abstract for my liking. I prefer more traditional still life paintings.,US,,11/20/2024,,,yes,,,,,,,,
whiskers-in-the-kitchen,5,Cali,This artwork is a triumph of imagination and technique. It's both beautiful and emotionally moving.,US,,11/19/2024,,,yes,,,,,,,,
et-mobilization-16,5,Zara,The playful geometric figures create such a joyful atmosphere! It's like a party on my wall.,US,,11/25/2024,,,yes,,,,,,,,
et-mobilization-16,5,TapDancer_Rhythm,I love how each figure seems to have its own personality. So creative and whimsical!,US,,11/23/2024,,,yes,,,,,,,,
et-mobilization-16,5,AnalogAddict,This piece brings such whimsy and wonder to my living space. It's a conversation starter!,US,,11/21/2024,,,yes,,,,,,,,
et-mobilization-16,5,LunchBoxLover,The artist's imagination is incredible. It's like stepping into a dream world!,US,,11/20/2024,,,yes,,,,,,,,
et-mobilization-16,5,OmegaOperator_99,This painting makes me smile every time I look at it. Pure joy on canvas!,US,,11/19/2024,,,yes,,,,,,,,
et-mobilization-16,5,Orion,The hidden patterns and connections are fascinating to explore. Always something new to see!,US,,11/16/2024,,,yes,,,,,,,,
et-mobilization-16,3,Eva,The pink background is too overwhelming for my room.,US,,11/13/2024,,,yes,,,,,,,,
et-mobilization-16,5,SanctuarySpaceSeeker,I discover new characters and stories in it every day. It's like a visual storybook!,US,,11/20/2024,,,yes,,,,,,,,
et-mobilization-16,3,GlossaryGuru_99,"It's growing on me, but I'm not fully convinced yet.",US,,11/24/2024,,,yes,,,,,,,,
et-mobilization-16,5,CuttingEdgeConsumer,This piece sparks such creativity and imagination. It's perfect for my art studio!,US,,11/16/2024,,,yes,,,,,,,,
et-mobilization-16,3,RusticCharmChaser,"Interesting idea, but the execution feels a bit childish to me.",US,,11/25/2024,,,yes,,,,,,,,
et-mobilization-16,5,Mateo,The balance of colors and shapes is so harmonious. It's mesmerizing to look at!,US,,11/23/2024,,,yes,,,,,,,,
et-mobilization-16,5,Hydra,This artwork transforms my space into a magical realm. It's absolutely perfect!,US,,11/21/2024,,,yes,,,,,,,,
et-mobilization-16,3,Maddox,Not my style. I prefer more realistic or traditional art.,US,,11/20/2024,,,yes,,,,,,,,
et-mobilization-16,5,NordicNestBuilder,The way the figures interact creates such interesting narratives. It's like a visual puzzle!,US,,11/19/2024,,,yes,,,,,,,,
et-mobilization-16,5,ChronosChasm,This piece is a brilliant exploration of form and color. It's truly inspiring!,US,,11/16/2024,,,yes,,,,,,,,
et-mobilization-16,5,Lion's,The playfulness and creativity in this work are absolutely delightful!,US,,11/13/2024,,,yes,,,,,,,,
et-mobilization-16,5,SnowboardingPro,The way the artist uses geometry to create characters is ingenious. Love it!,US,,11/20/2024,,,yes,,,,,,,,
et-mobilization-16,5,Jasper,This painting brings such life and energy to my room. It's like having a party on my wall!,US,,11/24/2024,,,yes,,,,,,,,
et-mobilization-16,5,Keira,I'm fascinated by how the artist creates depth with flat shapes. It's so clever!,US,,11/16/2024,,,yes,,,,,,,,
et-mobilization-16,5,PunkRocker_Rebel,This artwork is a perfect blend of structure and whimsy. It's visually stunning!,US,,11/25/2024,,,yes,,,,,,,,
et-mobilization-16,5,Jason,The bold use of color and geometric forms is breathtaking. It's a daily source of joy.,US,,11/23/2024,,,yes,,,,,,,,
et-mobilization-16,5,Ivy,This painting is a masterpiece of imagination. It speaks to the child in me!,US,,11/21/2024,,,yes,,,,,,,,
et-mobilization-16,5,Lucia,The interplay of shapes and characters is mesmerizing. It's like a visual symphony!,US,,11/20/2024,,,yes,,,,,,,,
et-mobilization-16,5,GalacticGarnet,This piece is a perfect representation of modern abstract art. It's thought-provoking and fun!,US,,11/19/2024,,,yes,,,,,,,,
et-mobilization-16,5,LyricLootLocator,The energy in this painting is infectious. It brings life to my whole living space!,US,,11/25/2024,,,yes,,,,,,,,
et-mobilization-16,5,HockeyHeroShopper,This artwork is a celebration of imagination. It's a joy to look at every day!,US,,11/23/2024,,,yes,,,,,,,,
et-mobilization-16,5,WanderlustWaresWizard,The bold shapes and vibrant colors in this piece are captivating. It's a true statement piece!,US,,11/21/2024,,,yes,,,,,,,,
et-mobilization-16,5,PrismaPulsar,This painting is a whirlwind of creativity. It's become the heart of my home!,US,,11/20/2024,,,yes,,,,,,,,
et-mobilization-16,5,Notus,The way the artist has created a whole world of characters is remarkable. A true masterpiece!,US,,11/19/2024,,,yes,,,,,,,,
et-mobilization-16,5,MovieBuffBuyer,This piece is a perfect blend of geometry and fantasy. It's visually stunning and playful!,US,,11/16/2024,,,yes,,,,,,,,
et-mobilization-16,5,Isaiah,The energy and vibrancy in this painting are infectious. It lifts my spirits every day!,US,,11/13/2024,,,yes,,,,,,,,
et-mobilization-16,5,FitnessFreak,This artwork is a triumph of imagination. It's become the centerpiece of my living room!,US,,11/20/2024,,,yes,,,,,,,,
et-mobilization-16,5,PokerPro,The interplay of geometric forms in this piece is fascinating. It's a visual delight!,US,,11/24/2024,,,yes,,,,,,,,
et-mobilization-16,5,Caelus,This painting is a perfect representation of joyful abstraction. It's both beautiful and fun!,US,,11/16/2024,,,yes,,,,,,,,
et-mobilization-16,5,Sophia,The bold use of color and form in this piece is breathtaking. It's a daily source of inspiration!,US,,11/25/2024,,,yes,,,,,,,,
et-mobilization-16,5,Aurelius,This artwork is a celebration of creativity. It brings life to my whole space!,US,,11/23/2024,,,yes,,,,,,,,
et-mobilization-16,5,HTMLHero_2023,The way the artist has balanced complexity and simplicity is remarkable. A true work of art!,US,,11/21/2024,,,yes,,,,,,,,
et-mobilization-16,5,APIAce_365,This piece speaks volumes about the power of imagination. It's both beautiful and inspiring!,US,,11/20/2024,,,yes,,,,,,,,
et-mobilization-16,5,ZephyrZenon,The energy and playfulness in this painting are captivating. It's like a burst of joy on my wall!,US,,11/19/2024,,,yes,,,,,,,,
et-mobilization-16,5,AntiqueAddict,This artwork is a perfect blend of geometry and whimsy. It's visually stunning!,US,,11/16/2024,,,yes,,,,,,,,
et-mobilization-16,5,Kian,The bold shapes and vibrant colors in this piece are mesmerizing. It's a true masterpiece!,US,,11/13/2024,,,yes,,,,,,,,
et-mobilization-16,5,Ryan,This painting is a dream come true! The way the shapes and colors interact is magical.,US,,11/20/2024,,,yes,,,,,,,,
et-mobilization-16,5,Summer,The way the artist has created a whole universe of characters is remarkable. A true work of genius!,US,,11/24/2024,,,yes,,,,,,,,
et-mobilization-16,5,OrganicOrchardist,This piece is a perfect representation of joyful modern art. It's both beautiful and uplifting!,US,,11/16/2024,,,yes,,,,,,,,
et-mobilization-16,5,YogaEnthusiast28,The interplay of shapes and colors in this piece is fascinating. It's a visual adventure!,US,,11/25/2024,,,yes,,,,,,,,
et-mobilization-16,5,Raelyn,This artwork is a celebration of childlike wonder. It brings joy to my whole home!,US,,11/23/2024,,,yes,,,,,,,,
et-mobilization-16,3,River,"Not bad, but I've seen better abstract character works.",US,,11/21/2024,,,yes,,,,,,,,
et-mobilization-16,5,NimbusNova,The bold use of geometry in this piece is breathtaking. It's a daily source of inspiration!,US,,11/20/2024,,,yes,,,,,,,,
et-mobilization-16,5,MarkovMaster_88,This painting is a perfect blend of structure and fantasy. It's become the focal point of my home!,US,,11/19/2024,,,yes,,,,,,,,
et-mobilization-16,3,Ragnar,It's okay. Adds some color to the room at least.,US,,11/25/2024,,,yes,,,,,,,,
et-mobilization-16,5,Jaxton,The energy and creativity in this piece are captivating. It's like a visual playground!,US,,11/23/2024,,,yes,,,,,,,,
et-mobilization-16,5,CaymanCoconut_Tropical,This artwork is a triumph of imagination and technique. It's both beautiful and emotionally engaging!,US,,11/21/2024,,,yes,,,,,,,,
ocean-gazer,5,Caelus,The vibrant blues create such a soothing atmosphere. It's like looking at a serene lake.,US,,11/20/2024,,,yes,,,,,,,,
ocean-gazer,5,AdventureAccessoryAcquirer,I love how the artist captured the essence of water and sky. It's so calming!,US,,11/19/2024,,,yes,,,,,,,,
ocean-gazer,5,Rian,This piece brings such a peaceful energy to my living room. It's perfect!,US,,11/16/2024,,,yes,,,,,,,,
ocean-gazer,5,Zion,The contrast between the sharp lines and soft background is fascinating.,US,,11/13/2024,,,yes,,,,,,,,
ocean-gazer,5,LookLuxeLocator,This painting transports me to a tranquil lakeside. I love it!,US,,11/20/2024,,,yes,,,,,,,,
ocean-gazer,5,Dexter,The balance of colors and shapes is so well executed. It's mesmerizing!,US,,11/24/2024,,,yes,,,,,,,,
ocean-gazer,5,PuertoRicanGinger_Root,I find new details in the texture every time I look. It's endlessly fascinating!,US,,11/16/2024,,,yes,,,,,,,,
ocean-gazer,5,Riley,This piece sparks such a sense of calm and reflection. It's perfect for meditation.,US,,11/25/2024,,,yes,,,,,,,,
ocean-gazer,5,Basil,The interplay of different shades of blue is absolutely captivating.,US,,11/23/2024,,,yes,,,,,,,,
ocean-gazer,5,CosmeticsCrazy,"This artwork brings such a unique, zen-like vibe to my space. I love it!",US,,11/21/2024,,,yes,,,,,,,,
ocean-gazer,5,EssentialOilsFan,The way the artist suggests a landscape with minimal elements is so creative.,US,,11/20/2024,,,yes,,,,,,,,
ocean-gazer,5,WhiteTea_Delicate,This piece is a brilliant representation of water and sky. It's truly inspiring!,US,,11/19/2024,,,yes,,,,,,,,
ocean-gazer,5,MargaritaSalt_Rim,The use of color and line in this piece is masterful. I'm in awe!,US,,11/16/2024,,,yes,,,,,,,,
ocean-gazer,3,RainbowChaser,"It's interesting, but I'm not sure I understand the artist's message.",US,,11/13/2024,,,yes,,,,,,,,
ocean-gazer,5,Rowan,This painting brings such serenity to my room. It's like having a window to a calm lake!,US,,11/20/2024,,,yes,,,,,,,,
ocean-gazer,5,Hermes,I'm fascinated by how the artist creates depth with simple elements. It's so clever!,US,,11/24/2024,,,yes,,,,,,,,
ocean-gazer,5,HealthOpsHero_42,This artwork is a perfect blend of abstraction and suggestion. It's visually stunning!,US,,11/16/2024,,,yes,,,,,,,,
ocean-gazer,5,Everett,The use of blue tones and geometric forms is breathtaking. It's a daily source of peace.,US,,11/25/2024,,,yes,,,,,,,,
ocean-gazer,5,SkyWatcher,This painting is a masterpiece of minimalism. It speaks to the soul!,US,,11/23/2024,,,yes,,,,,,,,
ocean-gazer,5,ArcticExplorer_Polar,The interplay of lines and color fields is mesmerizing. It's like visual poetry!,US,,11/21/2024,,,yes,,,,,,,,
ocean-gazer,5,WildlifeWelcomerPro,This piece is a perfect representation of modern abstract landscape. It's thought-provoking!,US,,11/20/2024,,,yes,,,,,,,,
ocean-gazer,5,Ignatius,The energy in this painting is so serene. It brings a sense of calm to my whole space!,US,,11/19/2024,,,yes,,,,,,,,
ocean-gazer,5,Lyla,The bold use of blue and geometric forms in this piece is captivating. It's a true statement piece!,US,,11/25/2024,,,yes,,,,,,,,
ocean-gazer,5,SustainableStructurePro,This painting is a visual meditation. It's become the heart of my yoga space!,US,,11/23/2024,,,yes,,,,,,,,
ocean-gazer,5,DestinationDealDiva,The way the artist has captured the essence of a landscape is remarkable. A true masterpiece!,US,,11/21/2024,,,yes,,,,,,,,
ocean-gazer,5,PulsarPhoton,This piece is a perfect blend of color and geometry. It's visually stunning and calming!,US,,11/20/2024,,,yes,,,,,,,,
ocean-gazer,5,Kai,The serenity in this painting is infectious. It soothes my mind every time I look at it!,US,,11/19/2024,,,yes,,,,,,,,
ocean-gazer,5,Athena,This artwork is a triumph of minimalism. It's become the centerpiece of my meditation room!,US,,11/16/2024,,,yes,,,,,,,,
ocean-gazer,5,James,The interplay of blues in this piece is fascinating. It's a visual delight!,US,,11/13/2024,,,yes,,,,,,,,
ocean-gazer,3,Mara,"Not bad, but I don't think I'd buy it again. It's a bit too blue.",US,,11/20/2024,,,yes,,,,,,,,
ocean-gazer,5,JetsetterJewelJunkie,This painting is a perfect representation of tranquility. It's both beautiful and calming!,US,,11/24/2024,,,yes,,,,,,,,
ocean-gazer,5,RiceMilk_Light,The use of color and line in this piece is breathtaking. It's a daily source of inspiration!,US,,11/16/2024,,,yes,,,,,,,,
ocean-gazer,5,Collins,This artwork is a celebration of simplicity. It brings peace to my whole space!,US,,11/25/2024,,,yes,,,,,,,,
ocean-gazer,5,Eleanor,The way the artist has balanced color and form is remarkable. A true work of art!,US,,11/23/2024,,,yes,,,,,,,,
ocean-gazer,5,JapaneseDwellingDiva,This piece speaks volumes about the beauty of simplicity. It's both calming and inspiring!,US,,11/21/2024,,,yes,,,,,,,,
ocean-gazer,5,Juniper,The serenity and balance in this painting are captivating. It's like a visual lullaby!,US,,11/20/2024,,,yes,,,,,,,,
ocean-gazer,5,Finnegan,This artwork is a perfect blend of abstraction and suggestion. It's visually stunning!,US,,11/19/2024,,,yes,,,,,,,,
ocean-gazer,3,BargainBinBrowser,"Not bad, but I've seen more interesting minimalist works.",US,,11/16/2024,,,yes,,,,,,,,
ocean-gazer,5,BlockbusterBargainBrowser,The shades of blue and simple lines in this piece are mesmerizing. It's a true masterpiece!,US,,11/13/2024,,,yes,,,,,,,,
ocean-gazer,5,Jasiah,This painting is a dream come true! The way it captures serenity is magical.,US,,11/20/2024,,,yes,,,,,,,,
ocean-gazer,5,Charles,The way the artist has distilled a landscape to its essence is remarkable. A true work of genius!,US,,11/24/2024,,,yes,,,,,,,,
ocean-gazer,5,Elsie,This piece is a perfect representation of modern minimalist art. It's both beautiful and thought-provoking!,US,,11/16/2024,,,yes,,,,,,,,
ocean-gazer,5,Brennan,The interplay of blues and simple forms in this piece is fascinating. It's a visual journey!,US,,11/25/2024,,,yes,,,,,,,,
ocean-gazer,5,Aaron,This artwork is a celebration of color and minimalism. It brings tranquility to my whole home!,US,,11/23/2024,,,yes,,,,,,,,
ocean-gazer,5,Clove,The use of blue tones in this minimalist piece is breathtaking. It's a daily source of calm!,US,,11/21/2024,,,yes,,,,,,,,
ocean-gazer,5,Robert,This painting is a perfect blend of simplicity and depth. It's the focal point of my living room!,US,,11/20/2024,,,yes,,,,,,,,
ocean-gazer,3,PlasmaPeridot,It's okay. Adds some blue tones to the room at least.,US,,11/19/2024,,,yes,,,,,,,,
ocean-gazer,5,CyberSage_365,The simplicity and depth in this piece are captivating. It's like looking at a serene lake!,US,,11/25/2024,,,yes,,,,,,,,
ocean-gazer,5,FjordFisher_Norse,This artwork is a triumph of minimalist landscape. It's both beautiful and deeply calming!,US,,11/23/2024,,,yes,,,,,,,,
chasing-shadows,5,James,The contrast between the vibrant green and white is striking! It reminds me of a snowy forest.,US,,11/21/2024,,,yes,,,,,,,,
chasing-shadows,5,BiodiversityBooster,I love how the artist captured the essence of nature in such an abstract way. It's mesmerizing!,US,,11/20/2024,,,yes,,,,,,,,
chasing-shadows,5,PamperingProductPursuit,This piece brings such energy to my living room. It's like having a window to a magical forest!,US,,11/19/2024,,,yes,,,,,,,,
chasing-shadows,5,MeditationMind,The texture and layering in this painting are fascinating. I notice new details every day!,US,,11/16/2024,,,yes,,,,,,,,
chasing-shadows,5,TeaTimeShopper,This painting transports me to a winter wonderland. I can almost feel the crisp air!,US,,11/13/2024,,,yes,,,,,,,,
chasing-shadows,5,PhilosopherMind,The balance of chaos and order in this piece is masterful. It's truly captivating!,US,,11/20/2024,,,yes,,,,,,,,
chasing-shadows,5,FrenchCountryFanatic,I find new patterns and shapes in it every time I look. It's endlessly intriguing!,US,,11/24/2024,,,yes,,,,,,,,
chasing-shadows,5,Cora,This piece sparks such joy and wonder. It's perfect for sparking creativity!,US,,11/16/2024,,,yes,,,,,,,,
chasing-shadows,5,AetherArcade,The interplay of colors and textures is absolutely captivating. I can't stop looking at it!,US,,11/25/2024,,,yes,,,,,,,,
chasing-shadows,3,IonIgnite,"It's alright, but I wish there was more structure in the composition.",US,,11/23/2024,,,yes,,,,,,,,
chasing-shadows,5,Keir,"This artwork brings such a unique, energetic vibe to my space. I love it!",US,,11/21/2024,,,yes,,,,,,,,
chasing-shadows,5,Clover,The way the artist suggests movement with color is so creative and dynamic.,US,,11/20/2024,,,yes,,,,,,,,
chasing-shadows,3,WallArtWhisperer,"It's fine, but nothing exceptional. Just average abstract art.",US,,11/19/2024,,,yes,,,,,,,,
chasing-shadows,5,Harmony,This piece is a brilliant representation of nature's chaos and beauty. It's truly inspiring!,US,,11/16/2024,,,yes,,,,,,,,
chasing-shadows,5,QuasarQuantum,The use of color and texture in this piece is masterful. I'm in awe!,US,,11/13/2024,,,yes,,,,,,,,
chasing-shadows,5,FanaticsFindsForager,This painting brings such life and energy to my room. It's like having a piece of wild nature indoors!,US,,11/20/2024,,,yes,,,,,,,,
chasing-shadows,5,AirQualityAdvocate,I'm fascinated by how the artist creates depth with layers of color. It's so clever!,US,,11/24/2024,,,yes,,,,,,,,
chasing-shadows,5,Wyatt,This artwork is a perfect blend of abstraction and nature. It's visually stunning!,US,,11/16/2024,,,yes,,,,,,,,
chasing-shadows,5,Adeline,The use of green and white with splashes of color is breathtaking. It's a daily source of inspiration.,US,,11/25/2024,,,yes,,,,,,,,
chasing-shadows,5,Osiris,This painting is a masterpiece of abstract expressionism. It speaks to the soul!,US,,11/23/2024,,,yes,,,,,,,,
chasing-shadows,5,PlasmaPhoenix,The interplay of colors and brush strokes is mesmerizing. It's like visual music!,US,,11/21/2024,,,yes,,,,,,,,
chasing-shadows,5,CappuccinoArt_Heart,This piece is a perfect representation of modern abstract landscape. It's thought-provoking!,US,,11/20/2024,,,yes,,,,,,,,
chasing-shadows,5,VRVendorVictor,The energy in this painting is palpable. It brings a sense of wilderness to my urban space!,US,,11/19/2024,,,yes,,,,,,,,
chasing-shadows,5,Timothy,This artwork is a celebration of color and movement. It's a joy to look at every day!,US,,11/25/2024,,,yes,,,,,,,,
chasing-shadows,5,GeothermalGearHead,The bold use of color and dynamic brush strokes in this piece are captivating. It's a true statement piece!,US,,11/23/2024,,,yes,,,,,,,,
chasing-shadows,3,QuantumCompQuantum,"It's growing on me, but I'm still not entirely convinced by the style.",US,,11/21/2024,,,yes,,,,,,,,
chasing-shadows,5,Axel,This painting is a visual adventure. It's become the heart of my creative space!,US,,11/20/2024,,,yes,,,,,,,,
chasing-shadows,5,Kinsley,The way the artist has captured the essence of a forest is remarkable. A true masterpiece!,US,,11/19/2024,,,yes,,,,,,,,
chasing-shadows,5,Paisley,This piece is a perfect blend of color and emotion. It's visually stunning and evocative!,US,,11/16/2024,,,yes,,,,,,,,
chasing-shadows,5,Jace,The vitality in this painting is infectious. It energizes me every time I look at it!,US,,11/13/2024,,,yes,,,,,,,,
chasing-shadows,5,Amiyah,This artwork is a triumph of color and texture. It's become the centerpiece of my living room!,US,,11/20/2024,,,yes,,,,,,,,
chasing-shadows,5,GenomeSequencerSage,The interplay of greens and whites in this piece is fascinating. It's a visual delight!,US,,11/24/2024,,,yes,,,,,,,,
chasing-shadows,5,Jude,This painting is a perfect representation of nature's vibrancy. It's both beautiful and invigorating!,US,,11/16/2024,,,yes,,,,,,,,
chasing-shadows,5,EtherealEcho,The use of color and texture in this piece is breathtaking. It's a daily source of wonder!,US,,11/25/2024,,,yes,,,,,,,,
chasing-shadows,5,Sorrel,This artwork is a celebration of wilderness. It brings the forest's energy to my whole space!,US,,11/23/2024,,,yes,,,,,,,,
chasing-shadows,5,EvolutionaryAlgoAce,The way the artist has balanced chaos and harmony is remarkable. A true work of art!,US,,11/21/2024,,,yes,,,,,,,,
chasing-shadows,5,MatplotlibMage,This piece speaks volumes about the beauty of untamed nature. It's both wild and inspiring!,US,,11/20/2024,,,yes,,,,,,,,
chasing-shadows,5,FashionIcon,The energy and movement in this painting are captivating. It's like a visual symphony of nature!,US,,11/19/2024,,,yes,,,,,,,,
chasing-shadows,5,HabitatHarmonizer,This artwork is a perfect blend of abstraction and natural elements. It's visually stunning!,US,,11/16/2024,,,yes,,,,,,,,
chasing-shadows,5,AudiophileArtifactAcquirer,The vibrant colors and dynamic strokes in this piece are mesmerizing. It's a true masterpiece!,US,,11/13/2024,,,yes,,,,,,,,
chasing-shadows,5,ParallelPurchaser,This painting is a dream come true! The way it captures nature's energy is magical.,US,,11/20/2024,,,yes,,,,,,,,
chasing-shadows,5,PaintingPro,The way the artist has distilled the essence of a forest is remarkable. A true work of genius!,US,,11/24/2024,,,yes,,,,,,,,
chasing-shadows,5,Parker,This piece is a perfect representation of modern nature-inspired art. It's both beautiful and thought-provoking!,US,,11/16/2024,,,yes,,,,,,,,
chasing-shadows,3,PodcastPro,"It's fine, but I don't think I'd buy it again. Not my taste in abstract art.",US,,11/25/2024,,,yes,,,,,,,,
chasing-shadows,5,MartiniqueBay_Rum,The interplay of colors and textures in this piece is fascinating. It's a visual adventure!,US,,11/23/2024,,,yes,,,,,,,,
chasing-shadows,5,CanvasConnoisseur,This artwork is a celebration of nature's vibrancy. It brings wild energy to my whole home!,US,,11/21/2024,,,yes,,,,,,,,
chasing-shadows,3,Victoria,"Not bad, but I've seen better abstract forest-inspired works.",US,,11/20/2024,,,yes,,,,,,,,
chasing-shadows,5,ScienceGeek,The use of green and white with pops of color is breathtaking. It's a daily source of natural inspiration!,US,,11/19/2024,,,yes,,,,,,,,
chasing-shadows,5,EMFProtectionPro,This painting is a perfect blend of abstraction and natural beauty. It's the focal point of my home!,US,,11/25/2024,,,yes,,,,,,,,
chasing-shadows,3,LassiMango_Indian,It's okay. Adds some forest-like atmosphere to the room at least.,US,,11/23/2024,,,yes,,,,,,,,
chasing-shadows,5,Eli,The raw energy and beauty in this piece are captivating. It's like having a wild forest on my wall!,US,,11/21/2024,,,yes,,,,,,,,
chasing-shadows,5,Cura?aoanLaraha_Citrus,This artwork is a triumph of abstract nature representation. It's both beautiful and deeply moving!,US,,11/20/2024,,,yes,,,,,,,,
earths-embrace,5,TownhouseTrendSetter,The explosion of colors is absolutely breathtaking! It's like a field of wildflowers on steroids.,US,,11/19/2024,,,yes,,,,,,,,
earths-embrace,5,NuclearNestBuilder,I love how the artist captured the essence of a vibrant meadow. It's so alive and energetic!,US,,11/16/2024,,,yes,,,,,,,,
earths-embrace,5,GCPGladiator_42,This piece brings such joy and energy to my living room. It's like having a colorful garden indoors!,US,,11/13/2024,,,yes,,,,,,,,
earths-embrace,5,ApartmentAccentAddict,The texture and layering in this painting are fascinating. I notice new details every day!,US,,11/20/2024,,,yes,,,,,,,,
earths-embrace,5,Remi,"This painting transports me to a magical, colorful world. I can almost smell the flowers!",US,,11/24/2024,,,yes,,,,,,,,
earths-embrace,5,GuayusaTea_Amazonian,The balance of colors and shapes in this piece is masterful. It's truly captivating!,US,,11/16/2024,,,yes,,,,,,,,
earths-embrace,5,SurfingGearShopper,I find new patterns and color combinations in it every time I look. It's endlessly intriguing!,US,,11/25/2024,,,yes,,,,,,,,
earths-embrace,5,NimbusNova,This piece sparks such joy and wonder. It's perfect for brightening up any room!,US,,11/23/2024,,,yes,,,,,,,,
earths-embrace,5,Caden,The interplay of colors and textures is absolutely captivating. I can't stop looking at it!,US,,11/21/2024,,,yes,,,,,,,,
earths-embrace,5,ChronosCloud,"This artwork brings such a unique, energetic vibe to my space. I love it!",US,,11/20/2024,,,yes,,,,,,,,
earths-embrace,5,PulsarPrism,The way the artist suggests a floral landscape with abstract forms is so creative.,US,,11/19/2024,,,yes,,,,,,,,
earths-embrace,5,Naomi,This piece is a brilliant representation of nature's vibrancy. It's truly inspiring!,US,,11/16/2024,,,yes,,,,,,,,
earths-embrace,5,Charlotte,The use of color and texture in this piece is masterful. I'm in awe!,US,,11/13/2024,,,yes,,,,,,,,
earths-embrace,5,Zion,This painting brings such life and energy to my room. It's like having a piece of paradise!,US,,11/20/2024,,,yes,,,,,,,,
earths-embrace,5,IonIllusion,I'm fascinated by how the artist creates depth with layers of color. It's so clever!,US,,11/24/2024,,,yes,,,,,,,,
earths-embrace,5,CinemaSavvyShopper,This artwork is a perfect blend of abstraction and nature. It's visually stunning!,US,,11/16/2024,,,yes,,,,,,,,
earths-embrace,3,Axel,"It's fine, I guess. Not really my style, but it's colorful at least.",US,,11/25/2024,,,yes,,,,,,,,
earths-embrace,5,Leif,The use of purple and yellow with splashes of other colors is breathtaking. It's a daily source of inspiration.,US,,11/23/2024,,,yes,,,,,,,,
earths-embrace,5,DaskDaredevil_23,This painting is a masterpiece of abstract expressionism. It speaks to the soul!,US,,11/21/2024,,,yes,,,,,,,,
earths-embrace,5,QuasarQuantum,The interplay of colors and brush strokes is mesmerizing. It's like visual music!,US,,11/20/2024,,,yes,,,,,,,,
earths-embrace,5,PlasmaProdigy,This piece is a perfect representation of modern abstract landscape. It's thought-provoking!,US,,11/19/2024,,,yes,,,,,,,,
earths-embrace,5,Dante,The energy in this painting is palpable. It brings a sense of joy to my whole space!,US,,11/25/2024,,,yes,,,,,,,,
earths-embrace,5,Olivia,This artwork is a celebration of color and nature. It's a joy to look at every day!,US,,11/23/2024,,,yes,,,,,,,,
earths-embrace,5,GalleryGoodsGrabber,The bold use of color and dynamic brush strokes in this piece are captivating. It's a true statement piece!,US,,11/21/2024,,,yes,,,,,,,,
earths-embrace,5,EspressoShot_Buzz,This painting is a visual adventure. It's become the heart of my creative space!,US,,11/20/2024,,,yes,,,,,,,,
earths-embrace,5,Thyme,The way the artist has captured the essence of a wildflower field is remarkable. A true masterpiece!,US,,11/19/2024,,,yes,,,,,,,,
earths-embrace,5,Cilantro,This piece is a perfect blend of color and emotion. It's visually stunning and evocative!,US,,11/16/2024,,,yes,,,,,,,,
earths-embrace,5,Nolan,The vitality in this painting is infectious. It energizes me every time I look at it!,US,,11/13/2024,,,yes,,,,,,,,
earths-embrace,5,Aubrey,This artwork is a triumph of color and texture. It's become the centerpiece of my living room!,US,,11/20/2024,,,yes,,,,,,,,
earths-embrace,5,EvernoteExplorer,The interplay of purples and yellows in this piece is fascinating. It's a visual delight!,US,,11/24/2024,,,yes,,,,,,,,
earths-embrace,5,ParametricDesignPro,This painting is a perfect representation of nature's vibrancy. It's both beautiful and invigorating!,US,,11/16/2024,,,yes,,,,,,,,
earths-embrace,5,FlamencoFire_Ol¨¦,The use of color and texture in this piece is breathtaking. It's a daily source of wonder!,US,,11/25/2024,,,yes,,,,,,,,
earths-embrace,5,LakeLounger_Calm,This artwork is a celebration of spring's beauty. It brings floral energy to my whole space!,US,,11/23/2024,,,yes,,,,,,,,
earths-embrace,5,OfficeSuppliesPro,The way the artist has balanced chaos and harmony is remarkable. A true work of art!,US,,11/21/2024,,,yes,,,,,,,,
earths-embrace,5,WellnessWarriorWares,This piece speaks volumes about the beauty of wild nature. It's both vibrant and inspiring!,US,,11/20/2024,,,yes,,,,,,,,
earths-embrace,5,BarbadosCerasee_Wild,The energy and movement in this painting are captivating. It's like a visual symphony of flowers!,US,,11/19/2024,,,yes,,,,,,,,
earths-embrace,5,FandomFindsForager,This artwork is a perfect blend of abstraction and floral elements. It's visually stunning!,US,,11/16/2024,,,yes,,,,,,,,
earths-embrace,5,Enzo,The vibrant colors and dynamic strokes in this piece are mesmerizing. It's a true masterpiece!,US,,11/13/2024,,,yes,,,,,,,,
earths-embrace,5,Jayden,This painting is a dream come true! The way it captures nature's energy is magical.,US,,11/20/2024,,,yes,,,,,,,,
earths-embrace,5,SportsFantastic,The way the artist has distilled the essence of a wild meadow is remarkable. A true work of genius!,US,,11/24/2024,,,yes,,,,,,,,
earths-embrace,5,London,This piece is a perfect representation of modern nature-inspired art. It's both beautiful and thought-provoking!,US,,11/16/2024,,,yes,,,,,,,,
earths-embrace,5,ZephyrZenon,The interplay of colors and textures in this piece is fascinating. It's a visual adventure!,US,,11/25/2024,,,yes,,,,,,,,
earths-embrace,5,InteriorIlluminator,This artwork is a celebration of nature's vibrancy. It brings wild energy to my whole home!,US,,11/23/2024,,,yes,,,,,,,,
earths-embrace,5,Raphael,The use of purple and yellow with pops of other colors is breathtaking. It's a daily source of natural inspiration!,US,,11/21/2024,,,yes,,,,,,,,
earths-embrace,5,CleaningSuppliesFan,This painting is a perfect blend of abstraction and natural beauty. It's the focal point of my home!,US,,11/20/2024,,,yes,,,,,,,,
earths-embrace,3,SpectrumSerenade,It's okay. Adds some floral-like atmosphere to the room at least.,US,,11/19/2024,,,yes,,,,,,,,
earths-embrace,5,GameMaster,The raw energy and beauty in this piece are captivating. It's like having a wild garden on my wall!,US,,11/25/2024,,,yes,,,,,,,,
earths-embrace,5,Loki,This artwork is a triumph of abstract floral representation. It's both beautiful and deeply moving!,US,,11/23/2024,,,yes,,,,,,,,
forbidden-fruit,5,BohoChicBuyer,The contrast between the deep reds and bright blue is striking! It's like fire and ice.,US,,11/21/2024,,,yes,,,,,,,,
forbidden-fruit,3,BiconditionalBoss,"Interesting use of color, but it's a bit too abstract for my taste.",US,,11/20/2024,,,yes,,,,,,,,
forbidden-fruit,5,Nettle,I love how the artist captured a sense of motion and energy. It's so dynamic!,US,,11/19/2024,,,yes,,,,,,,,
forbidden-fruit,5,CurtainCrazyFan,This piece brings such intensity to my living room. It's like having a portal to another dimension!,US,,11/16/2024,,,yes,,,,,,,,
forbidden-fruit,5,Reticulum,The texture and layering in this painting are fascinating. I notice new details every day!,US,,11/13/2024,,,yes,,,,,,,,
forbidden-fruit,5,Ethan,This painting transports me to a world of passion and chaos. It's so evocative!,US,,11/20/2024,,,yes,,,,,,,,
forbidden-fruit,5,JewelryJunkie55,The balance of warm and cool colors in this piece is masterful. It's truly captivating!,US,,11/24/2024,,,yes,,,,,,,,
forbidden-fruit,5,PrismaPulse,I find new patterns and shapes in it every time I look. It's endlessly intriguing!,US,,11/16/2024,,,yes,,,,,,,,
forbidden-fruit,3,Willow,"It's growing on me, but I'm not fully sold on the style yet.",US,,11/25/2024,,,yes,,,,,,,,
forbidden-fruit,5,LucentLoom,This piece sparks such strong emotions. It's perfect for sparking deep conversations!,US,,11/23/2024,,,yes,,,,,,,,
forbidden-fruit,5,KubernetesCaptain,The interplay of colors and textures is absolutely captivating. I can't stop looking at it!,US,,11/21/2024,,,yes,,,,,,,,
forbidden-fruit,5,SolarSystemShopper,"This artwork brings such a unique, energetic vibe to my space. I love it!",US,,11/20/2024,,,yes,,,,,,,,
forbidden-fruit,5,KefirProbiotic_Tangy,The way the artist suggests depth with color is so creative and effective.,US,,11/19/2024,,,yes,,,,,,,,
forbidden-fruit,5,Pi?aColada_Coconut,This piece is a brilliant representation of inner turmoil and passion. It's truly inspiring!,US,,11/16/2024,,,yes,,,,,,,,
forbidden-fruit,5,Iris,The use of color and texture in this piece is masterful. I'm in awe!,US,,11/13/2024,,,yes,,,,,,,,
forbidden-fruit,3,GameGeek,"It's interesting, but I'm not sure I understand the artist's message.",US,,11/20/2024,,,yes,,,,,,,,
forbidden-fruit,5,Brody,This painting brings such life and energy to my room. It's like having bottled emotions on my wall!,US,,11/24/2024,,,yes,,,,,,,,
forbidden-fruit,5,Horologium,I'm fascinated by how the artist creates movement with color. It's so clever!,US,,11/16/2024,,,yes,,,,,,,,
forbidden-fruit,5,BritishVirginIslandsSage_Aromatic,This artwork is a perfect blend of passion and restraint. It's visually stunning!,US,,11/25/2024,,,yes,,,,,,,,
forbidden-fruit,5,Savannah,The use of red and blue is breathtaking. It's a daily source of inspiration.,US,,11/23/2024,,,yes,,,,,,,,
forbidden-fruit,5,Jaguar,This painting is a masterpiece of abstract expressionism. It speaks to the soul!,US,,11/21/2024,,,yes,,,,,,,,
forbidden-fruit,5,FusionForge_101,The interplay of colors and brush strokes is mesmerizing. It's like visual music!,US,,11/20/2024,,,yes,,,,,,,,
forbidden-fruit,5,Maya,This piece is a perfect representation of modern abstract art. It's thought-provoking!,US,,11/19/2024,,,yes,,,,,,,,
forbidden-fruit,3,Hendrix,It's okay. Adds some color to the room at least.,US,,11/25/2024,,,yes,,,,,,,,
forbidden-fruit,5,BBQSuppliesShopper,The energy in this painting is palpable. It brings a sense of drama to my whole space!,US,,11/23/2024,,,yes,,,,,,,,
forbidden-fruit,5,Emma,This artwork is a celebration of color and emotion. It's a joy to look at every day!,US,,11/21/2024,,,yes,,,,,,,,
forbidden-fruit,5,Aurora,The bold use of color and dynamic brush strokes in this piece are captivating. It's a true statement piece!,US,,11/20/2024,,,yes,,,,,,,,
forbidden-fruit,5,BiomassBuyer,This painting is a visual adventure. It's become the heart of my creative space!,US,,11/19/2024,,,yes,,,,,,,,
forbidden-fruit,2,BionicBuyer,"I appreciate the effort, but it's just not my style. Too abstract.",US,,11/16/2024,,,yes,,,,,,,,
forbidden-fruit,5,PrismaParagon,The way the artist has captured raw emotion is remarkable. A true masterpiece!,US,,11/13/2024,,,yes,,,,,,,,
forbidden-fruit,3,Zephyr,"It's okay. Does its job as wall decor, I suppose.",US,,11/20/2024,,,yes,,,,,,,,
forbidden-fruit,5,ArtisticSoul99,This piece is a perfect blend of color and emotion. It's visually stunning and evocative!,US,,11/24/2024,,,yes,,,,,,,,
forbidden-fruit,2,BandwidthBard_22,Not really sure what to make of it. Bit too abstract for me.,US,,11/16/2024,,,yes,,,,,,,,
forbidden-fruit,5,Cosmos,The intensity in this painting is infectious. It energizes me every time I look at it!,US,,11/25/2024,,,yes,,,,,,,,
forbidden-fruit,3,DealSeeker2023,"It's fine, but I've seen better abstract works. Not very original.",US,,11/23/2024,,,yes,,,,,,,,
forbidden-fruit,5,OolongTea_Complex,This artwork is a triumph of color and texture. It's become the centerpiece of my living room!,US,,11/21/2024,,,yes,,,,,,,,
forbidden-fruit,5,Mila,The interplay of reds and blues in this piece is fascinating. It's a visual delight!,US,,11/20/2024,,,yes,,,,,,,,
forbidden-fruit,5,RanchStyleRenegade,This painting is a perfect representation of conflicting emotions. It's both beautiful and intense!,US,,11/19/2024,,,yes,,,,,,,,
forbidden-fruit,5,Lincoln,The use of color and texture in this piece is breathtaking. It's a daily source of inspiration!,US,,11/16/2024,,,yes,,,,,,,,
forbidden-fruit,5,Ivar,This artwork is a celebration of passion. It brings intense energy to my whole space!,US,,11/13/2024,,,yes,,,,,,,,
forbidden-fruit,5,Oscar,The way the artist has balanced chaos and order is remarkable. A true work of art!,US,,11/20/2024,,,yes,,,,,,,,
forbidden-fruit,2,DynProgDynamo_99,Not sure it was worth the price. Looks a bit like a paint accident to me.,US,,11/24/2024,,,yes,,,,,,,,
forbidden-fruit,5,Roman,This piece speaks volumes about the complexity of human emotions. It's both intense and inspiring!,US,,11/16/2024,,,yes,,,,,,,,
forbidden-fruit,5,Liliana,The energy and movement in this painting are captivating. It's like a visual symphony of emotions!,US,,11/25/2024,,,yes,,,,,,,,
forbidden-fruit,5,FrameDesigner,This artwork is a perfect blend of abstraction and emotion. It's visually stunning!,US,,11/23/2024,,,yes,,,,,,,,
forbidden-fruit,5,InfinityIllusion,The bold colors and dynamic strokes in this piece are mesmerizing. It's a true masterpiece!,US,,11/21/2024,,,yes,,,,,,,,
forbidden-fruit,5,Kenzie,This painting is a dream come true! The way it captures raw emotion is magical.,US,,11/20/2024,,,yes,,,,,,,,
forbidden-fruit,5,Caspian,The way the artist has distilled complex feelings into color is remarkable. A true work of genius!,US,,11/19/2024,,,yes,,,,,,,,
forbidden-fruit,5,FirebasePhoenix,This piece is a perfect representation of modern emotional art. It's both beautiful and thought-provoking!,US,,11/25/2024,,,yes,,,,,,,,
forbidden-fruit,5,BeachBum4Life,The interplay of colors and textures in this piece is fascinating. It's a visual adventure!,US,,11/23/2024,,,yes,,,,,,,,
forbidden-fruit,5,OpulentObjectObtainer,This artwork is a celebration of the power of color. It brings intense energy to my whole home!,US,,11/21/2024,,,yes,,,,,,,,
forbidden-fruit,5,Esme,The use of red and blue with subtle touches of other colors is breathtaking. It's a daily source of emotional resonance!,US,,11/20/2024,,,yes,,,,,,,,
forbidden-fruit,5,Arianna,This painting is a perfect blend of abstraction and raw emotion. It's the focal point of my home!,US,,11/19/2024,,,yes,,,,,,,,
forbidden-fruit,3,Millie,It's okay. Adds some intense color to the room at least.,US,,11/16/2024,,,yes,,,,,,,,
forbidden-fruit,5,CardioQueenShopper,The raw energy and passion in this piece are captivating. It's like having bottled emotions on my wall!,US,,11/13/2024,,,yes,,,,,,,,
forbidden-fruit,5,BokehBaron_99,This artwork is a triumph of abstract emotional expression. It's both beautiful and deeply moving!,US,,11/20/2024,,,yes,,,,,,,,
arboreal-silhouette-a,5,Zara,The contrast between the soft turquoise and sharp purple is mesmerizing! It's like looking at an alien forest.,US,,11/24/2024,,,yes,,,,,,,,
arboreal-silhouette-a,3,MongoMaster_88,"Interesting texture, but it's a bit too abstract for my taste.",US,,11/16/2024,,,yes,,,,,,,,
arboreal-silhouette-a,5,EchoEssence,I love how the artist captured a sense of organic growth. It's so alive and dynamic!,US,,11/25/2024,,,yes,,,,,,,,
arboreal-silhouette-a,5,JargonJedi_88,This piece brings such a unique energy to my living room. It's like having a portal to another world!,US,,11/23/2024,,,yes,,,,,,,,
arboreal-silhouette-a,5,CradleToCradleCollector,The texture and layering in this painting are fascinating. I notice new details every day!,US,,11/21/2024,,,yes,,,,,,,,
arboreal-silhouette-a,2,MovieBuff_99,Too abstract for me. I prefer more realistic nature scenes.,US,,11/20/2024,,,yes,,,,,,,,
arboreal-silhouette-a,5,Zephyr,This painting transports me to a magical underwater realm. It's so evocative!,US,,11/19/2024,,,yes,,,,,,,,
arboreal-silhouette-a,5,HydroelectricHoarder,The balance of cool and warm tones in this piece is masterful. It's truly captivating!,US,,11/16/2024,,,yes,,,,,,,,
arboreal-silhouette-a,5,TangoPassion_Rose,I find new patterns and shapes in it every time I look. It's endlessly intriguing!,US,,11/13/2024,,,yes,,,,,,,,
arboreal-silhouette-a,5,CoconutMilk_Creamy,This piece sparks such imagination. It's perfect for inspiring creative thoughts!,US,,11/20/2024,,,yes,,,,,,,,
arboreal-silhouette-a,5,NovaNimbus,The interplay of colors and textures is absolutely captivating. I can't stop looking at it!,US,,11/24/2024,,,yes,,,,,,,,
arboreal-silhouette-a,3,Poppy,"It's alright, but I wish there was more structure in the composition.",US,,11/16/2024,,,yes,,,,,,,,
arboreal-silhouette-a,5,JasmineTea_Floral,"This artwork brings such a unique, ethereal vibe to my space. I love it!",US,,11/25/2024,,,yes,,,,,,,,
arboreal-silhouette-a,5,PrismaPulse,The way the artist suggests organic forms with abstract strokes is so creative.,US,,11/23/2024,,,yes,,,,,,,,
arboreal-silhouette-a,3,Michelle,"It's fine, but nothing exceptional. Just average abstract art.",US,,11/21/2024,,,yes,,,,,,,,
arboreal-silhouette-a,5,ComicGenius,This piece is a brilliant representation of nature's hidden patterns. It's truly inspiring!,US,,11/20/2024,,,yes,,,,,,,,
arboreal-silhouette-a,5,BilliardsWizard,The use of color and texture in this piece is masterful. I'm in awe!,US,,11/19/2024,,,yes,,,,,,,,
arboreal-silhouette-a,3,Cassian,"It's interesting, but I'm not sure I understand the artist's message.",US,,11/25/2024,,,yes,,,,,,,,
arboreal-silhouette-a,5,PlasmaPeridot,This painting brings such life and mystery to my room. It's like having an alien landscape on my wall!,US,,11/23/2024,,,yes,,,,,,,,
arboreal-silhouette-a,5,Hayden,I'm fascinated by how the artist creates depth with color and texture. It's so clever!,US,,11/21/2024,,,yes,,,,,,,,
arboreal-silhouette-a,5,Hawk,This artwork is a perfect blend of the familiar and the strange. It's visually stunning!,US,,11/20/2024,,,yes,,,,,,,,
arboreal-silhouette-a,5,Andromeda,The use of turquoise and purple is breathtaking. It's a daily source of inspiration.,US,,11/19/2024,,,yes,,,,,,,,
arboreal-silhouette-a,5,FarmhouseFanatic,This painting is a masterpiece of abstract expressionism. It speaks to the subconscious!,US,,11/16/2024,,,yes,,,,,,,,
arboreal-silhouette-a,5,NatureInspiredCompKing,The interplay of colors and brush strokes is mesmerizing. It's like visual poetry!,US,,11/13/2024,,,yes,,,,,,,,
arboreal-silhouette-a,5,AbodeAestheticArtisan,This piece is a perfect representation of modern abstract art. It's thought-provoking!,US,,11/20/2024,,,yes,,,,,,,,
arboreal-silhouette-a,3,SaharaCaravan_Oasis,It's okay. Adds some color to the room at least.,US,,11/24/2024,,,yes,,,,,,,,
arboreal-silhouette-a,5,Atlas,The energy in this painting is palpable. It brings a sense of wonder to my whole space!,US,,11/16/2024,,,yes,,,,,,,,
arboreal-silhouette-a,5,ScrabbleScholar,This artwork is a celebration of nature's hidden beauty. It's a joy to look at every day!,US,,11/25/2024,,,yes,,,,,,,,
arboreal-silhouette-a,2,Matteo,Not sure it was worth the price. Looks a bit amateurish to me.,US,,11/23/2024,,,yes,,,,,,,,
arboreal-silhouette-a,5,LogSeqLegend_99,The bold use of color and dynamic brush strokes in this piece are captivating. It's a true statement piece!,US,,11/21/2024,,,yes,,,,,,,,
arboreal-silhouette-a,3,EchoEssence,"It's growing on me, but I'm still not entirely convinced by the style.",US,,11/20/2024,,,yes,,,,,,,,
arboreal-silhouette-a,5,Lotus,This painting is a visual adventure. It's become the heart of my meditation space!,US,,11/19/2024,,,yes,,,,,,,,
arboreal-silhouette-a,5,Marshmallow,The way the artist has captured nature's intricate details is remarkable. A true masterpiece!,US,,11/16/2024,,,yes,,,,,,,,
arboreal-silhouette-a,3,Sadie,"It's okay. Does its job as wall decor, I suppose.",US,,11/13/2024,,,yes,,,,,,,,
arboreal-silhouette-a,5,Carson,This piece is a perfect blend of color and texture. It's visually stunning and evocative!,US,,11/20/2024,,,yes,,,,,,,,
arboreal-silhouette-a,5,Zen,The otherworldly quality in this painting is infectious. It sparks my imagination every time I look at it!,US,,11/24/2024,,,yes,,,,,,,,
arboreal-silhouette-a,5,Leah,This artwork is a triumph of color and texture. It's become the centerpiece of my living room!,US,,11/16/2024,,,yes,,,,,,,,
arboreal-silhouette-a,5,Lotus,The interplay of turquoise and purple in this piece is fascinating. It's a visual delight!,US,,11/25/2024,,,yes,,,,,,,,
arboreal-silhouette-a,5,WallArtWizardry,This painting is a perfect representation of nature's hidden realms. It's both beautiful and mysterious!,US,,11/23/2024,,,yes,,,,,,,,
arboreal-silhouette-a,5,RoamResearcher,The use of color and texture in this piece is breathtaking. It's a daily source of wonder!,US,,11/21/2024,,,yes,,,,,,,,
arboreal-silhouette-a,3,Daphne,It's okay. Adds some intrigue to the room at least.,US,,11/20/2024,,,yes,,,,,,,,
arboreal-silhouette-a,5,HydroponicHero,This artwork is a celebration of nature's complexity. It brings magical energy to my whole space!,US,,11/19/2024,,,yes,,,,,,,,
arboreal-silhouette-a,5,Zeus,The way the artist has balanced chaos and order is remarkable. A true work of art!,US,,11/25/2024,,,yes,,,,,,,,
arboreal-silhouette-a,5,TowelTreasureHunter,This piece speaks volumes about the hidden beauty in nature. It's both intriguing and inspiring!,US,,11/23/2024,,,yes,,,,,,,,
arboreal-silhouette-a,5,Phoenix,The energy and movement in this painting are captivating. It's like a visual symphony of nature!,US,,11/21/2024,,,yes,,,,,,,,
arboreal-silhouette-a,5,CameraCrazy101,This artwork is a perfect blend of abstraction and natural forms. It's visually stunning!,US,,11/20/2024,,,yes,,,,,,,,
arboreal-silhouette-a,5,Jeremy,The bold colors and dynamic textures in this piece are mesmerizing. It's a true masterpiece!,US,,11/19/2024,,,yes,,,,,,,,
arboreal-silhouette-a,5,SetTheorySage_21,This painting is a dream come true! The way it captures nature's essence is magical.,US,,11/16/2024,,,yes,,,,,,,,
arboreal-silhouette-a,5,Alana,The way the artist has distilled nature's complexity into abstract forms is remarkable. A true work of genius!,US,,11/13/2024,,,yes,,,,,,,,
arboreal-silhouette-a,5,TrashBinBuff,This piece is a perfect representation of modern nature-inspired art. It's both beautiful and thought-provoking!,US,,11/20/2024,,,yes,,,,,,,,
arboreal-silhouette-a,5,Gladiolus,The interplay of colors and textures in this piece is fascinating. It's a visual adventure!,US,,11/24/2024,,,yes,,,,,,,,
arboreal-silhouette-a,5,Stella,This artwork is a celebration of nature's hidden patterns. It brings mystical energy to my whole home!,US,,11/16/2024,,,yes,,,,,,,,
arboreal-silhouette-a,5,Kian,The use of turquoise and purple with intricate textures is breathtaking. It's a daily source of natural wonder!,US,,11/25/2024,,,yes,,,,,,,,
arboreal-silhouette-a,5,GalleryHomemaker,This painting is a perfect blend of abstraction and natural beauty. It's the focal point of my home!,US,,11/23/2024,,,yes,,,,,,,,
arboreal-silhouette-a,3,MusicMaestro,It's okay. Adds some organic feel to the room at least.,US,,11/21/2024,,,yes,,,,,,,,
arboreal-silhouette-a,5,Laurel,The intricate details and bold colors in this piece are captivating. It's like having a magical forest on my wall!,US,,11/20/2024,,,yes,,,,,,,,
arboreal-silhouette-a,5,Stephen,This artwork is a triumph of abstract nature representation. It's both beautiful and deeply intriguing!,US,,11/19/2024,,,yes,,,,,,,,
arboreal-silhouette-b,5,Daniela,The way the purple forms seem to dance across the canvas is mesmerizing! It's like watching a flock of exotic birds.,US,,11/16/2024,,,yes,,,,,,,,
arboreal-silhouette-b,5,StellarSilver,I'm fascinated by how the artist blends abstract forms with a sense of motion. It's so dynamic!,US,,11/13/2024,,,yes,,,,,,,,
arboreal-silhouette-b,5,BotanicalBountyBrowser,"This piece transforms my space into a vibrant, magical world. It's absolutely perfect!",US,,11/20/2024,,,yes,,,,,,,,
arboreal-silhouette-b,3,Hephaestus,"It's unique, but I find it hard to understand the meaning behind it.",US,,11/24/2024,,,yes,,,,,,,,
arboreal-silhouette-b,5,Bluebell,The hidden details and movement in this painting are so fun to discover. I see something new every day!,US,,11/16/2024,,,yes,,,,,,,,
arboreal-silhouette-b,5,LegalOpsLegend,This painting tells a new story every time I look at it. It's magical and ever-changing!,US,,11/25/2024,,,yes,,,,,,,,
arboreal-silhouette-b,3,Elio,"It's okay, but I've seen more impressive abstract works.",US,,11/23/2024,,,yes,,,,,,,,
arboreal-silhouette-b,5,BubbleTeaTapioca_Chewy,The balance of cool and warm colors in this piece is masterful. It's truly captivating!,US,,11/21/2024,,,yes,,,,,,,,
arboreal-silhouette-b,5,Gage,I keep finding new patterns and movements in it. It's endlessly intriguing!,US,,11/20/2024,,,yes,,,,,,,,
arboreal-silhouette-b,3,RustRanger_88,"It's growing on me, but I'm not fully convinced by the style yet.",US,,11/19/2024,,,yes,,,,,,,,
arboreal-silhouette-b,5,ChronosChasm,This piece sparks such creativity and imagination. It's perfect for my art studio!,US,,11/25/2024,,,yes,,,,,,,,
arboreal-silhouette-b,5,Daisy,The way the colors and shapes interact is absolutely captivating. I can't stop looking at it!,US,,11/23/2024,,,yes,,,,,,,,
arboreal-silhouette-b,5,Beau,"This artwork brings such a unique, energetic vibe to my space. I love it!",US,,11/21/2024,,,yes,,,,,,,,
arboreal-silhouette-b,2,ChronosCrystal,Not my style. I prefer more traditional or representational art.,US,,11/20/2024,,,yes,,,,,,,,
arboreal-silhouette-b,5,CampingCacheCaptain,The way the artist suggests movement with color and form is so creative and effective.,US,,11/19/2024,,,yes,,,,,,,,
arboreal-silhouette-b,3,ZephyrZenith,"It's fine, but nothing exceptional. Just average abstract art.",US,,11/16/2024,,,yes,,,,,,,,
arboreal-silhouette-b,5,Vivian,This piece is a brilliant representation of energy and motion. It's truly inspiring!,US,,11/13/2024,,,yes,,,,,,,,
arboreal-silhouette-b,5,Briar,The use of color and form in this piece is masterful. I'm in awe every time I look at it!,US,,11/20/2024,,,yes,,,,,,,,
arboreal-silhouette-b,3,SophisticatedShopper,"It's interesting, but I'm not sure I understand the artist's intent.",US,,11/24/2024,,,yes,,,,,,,,
arboreal-silhouette-b,5,Dorado,This painting brings such life and movement to my room. It's like having captured motion on my wall!,US,,11/16/2024,,,yes,,,,,,,,
arboreal-silhouette-b,5,NatureNookNavigator,I'm fascinated by how the artist creates a sense of depth with color and shape. It's so clever!,US,,11/25/2024,,,yes,,,,,,,,
arboreal-silhouette-b,5,Zachary,This artwork is a perfect blend of abstraction and dynamism. It's visually stunning!,US,,11/23/2024,,,yes,,,,,,,,
arboreal-silhouette-b,5,JuiceDetox_Cleanse,The use of purple against the pastel background is breathtaking. It's a daily source of inspiration.,US,,11/21/2024,,,yes,,,,,,,,
arboreal-silhouette-b,5,Ian,This painting is a masterpiece of abstract expressionism. It speaks to the soul!,US,,11/20/2024,,,yes,,,,,,,,
arboreal-silhouette-b,5,CoffeeMugManiac,The interplay of colors and brush strokes is mesmerizing. It's like visual music!,US,,11/19/2024,,,yes,,,,,,,,
arboreal-silhouette-b,5,VortexValor,This piece is a perfect representation of modern abstract art. It's thought-provoking!,US,,11/16/2024,,,yes,,,,,,,,
arboreal-silhouette-b,3,DancingFeet,It's okay. Adds some color to the room at least.,US,,11/13/2024,,,yes,,,,,,,,
arboreal-silhouette-b,5,Silas,The energy in this painting is palpable. It brings a sense of excitement to my whole space!,US,,11/20/2024,,,yes,,,,,,,,
arboreal-silhouette-b,5,YogurtDrink_Smooth,This artwork is a celebration of movement and color. It's a joy to look at every day!,US,,11/24/2024,,,yes,,,,,,,,
arboreal-silhouette-b,5,ObsidianOracle,The bold use of color and dynamic brush strokes in this piece are captivating. It's a true statement piece!,US,,11/16/2024,,,yes,,,,,,,,
arboreal-silhouette-b,5,PrairieStylePro,This painting is a visual adventure. It's become the heart of my creative space!,US,,11/25/2024,,,yes,,,,,,,,
arboreal-silhouette-b,5,Kennedy,The way the artist has captured motion and energy is remarkable. A true masterpiece!,US,,11/23/2024,,,yes,,,,,,,,
arboreal-silhouette-b,5,LingueeLinchpin,This piece is a perfect blend of color and movement. It's visually stunning and evocative!,US,,11/21/2024,,,yes,,,,,,,,
arboreal-silhouette-b,5,Oceanus,The dynamism in this painting is infectious. It energizes me every time I look at it!,US,,11/20/2024,,,yes,,,,,,,,
arboreal-silhouette-b,3,BahamianBush_Medicinal,"It's fine, but I've seen better abstract works. Not very original.",US,,11/19/2024,,,yes,,,,,,,,
arboreal-silhouette-b,5,Legend,This artwork is a triumph of color and motion. It's become the centerpiece of my living room!,US,,11/25/2024,,,yes,,,,,,,,
arboreal-silhouette-b,2,BayesNetBaron_7,Too chaotic for my taste. It's hard to appreciate without more structure.,US,,11/23/2024,,,yes,,,,,,,,
arboreal-silhouette-b,5,InteriorImagery,The interplay of purple and pastel colors in this piece is fascinating. It's a visual delight!,US,,11/21/2024,,,yes,,,,,,,,
arboreal-silhouette-b,5,TrendyBuyer55,This painting is a perfect representation of nature's vibrancy. It's both beautiful and energizing!,US,,11/20/2024,,,yes,,,,,,,,
arboreal-silhouette-b,5,Bryce,The use of color and form in this piece is breathtaking. It's a daily source of inspiration!,US,,11/19/2024,,,yes,,,,,,,,
arboreal-silhouette-b,5,Juniper,This artwork is a celebration of life's energy. It brings dynamic vibes to my whole space!,US,,11/16/2024,,,yes,,,,,,,,
arboreal-silhouette-b,5,Evie,The way the artist has balanced chaos and harmony is remarkable. A true work of art!,US,,11/13/2024,,,yes,,,,,,,,
arboreal-silhouette-b,5,Puma,This piece speaks volumes about the beauty of motion. It's both intriguing and inspiring!,US,,11/20/2024,,,yes,,,,,,,,
arboreal-silhouette-b,5,RadiantRealm,The energy and movement in this painting are captivating. It's like a visual symphony!,US,,11/24/2024,,,yes,,,,,,,,
arboreal-silhouette-b,5,Phoenix,This artwork is a perfect blend of abstraction and dynamism. It's visually stunning!,US,,11/16/2024,,,yes,,,,,,,,
arboreal-silhouette-b,5,Hazel,The bold colors and dynamic forms in this piece are mesmerizing. It's a true masterpiece!,US,,11/25/2024,,,yes,,,,,,,,
arboreal-silhouette-b,5,SportsEquipmentPro,This painting is a dream come true! The way it captures energy and motion is magical.,US,,11/23/2024,,,yes,,,,,,,,
arboreal-silhouette-b,3,SarsaparillaOldWest,"It's okay. Does its job as unique wall decor, I guess.",US,,11/21/2024,,,yes,,,,,,,,
arboreal-silhouette-b,5,Aster,The way the artist has distilled motion into abstract forms is remarkable. A true work of genius!,US,,11/20/2024,,,yes,,,,,,,,
arboreal-silhouette-b,5,NeonNexus,This piece is a perfect representation of modern dynamic art. It's both beautiful and thought-provoking!,US,,11/19/2024,,,yes,,,,,,,,
arboreal-silhouette-b,5,Nora,The interplay of colors and shapes in this piece is fascinating. It's a visual adventure!,US,,11/16/2024,,,yes,,,,,,,,
arboreal-silhouette-b,5,ReelDealRetailer,This artwork is a celebration of life's vibrant energy. It brings dynamic spirit to my whole home!,US,,11/13/2024,,,yes,,,,,,,,
arboreal-silhouette-b,5,HolisticHealthHunter,The use of purple forms against the colorful background is breathtaking. It's a daily source of energy!,US,,11/20/2024,,,yes,,,,,,,,
arboreal-silhouette-b,5,GothDarkness_Shadow,This painting is a perfect blend of abstraction and dynamic energy. It's the focal point of my home!,US,,11/24/2024,,,yes,,,,,,,,
arboreal-silhouette-b,3,Kyle,It's okay. Adds some liveliness to the room at least.,US,,11/16/2024,,,yes,,,,,,,,
arboreal-silhouette-b,5,Corvus,The vibrant colors and dynamic forms in this piece are captivating. It's like having captured motion on my wall!,US,,11/25/2024,,,yes,,,,,,,,
arboreal-silhouette-b,2,Cora,Too abstract and chaotic for my liking. I prefer more serene and recognizable paintings.,US,,11/23/2024,,,yes,,,,,,,,
arboreal-silhouette-b,5,FrameEnthusiast,This artwork is a triumph of abstract motion representation. It's both beautiful and deeply energizing!,US,,11/21/2024,,,yes,,,,,,,,
virtual-tree-branch-face,5,FanfictionWriter,The vibrant colors and letter-like shapes create such an energetic piece! It's like urban art meets abstract expressionism.,US,,11/20/2024,,,yes,,,,,,,,
virtual-tree-branch-face,3,Liv,"Interesting use of color, but the composition feels a bit chaotic to me.",US,,11/19/2024,,,yes,,,,,,,,
virtual-tree-branch-face,5,ArtWallLover,I love how the artist plays with form and color. It's both playful and sophisticated!,US,,11/25/2024,,,yes,,,,,,,,
virtual-tree-branch-face,3,PlotlyPioneer_88,"The palette is eye-catching, but I find it hard to interpret the meaning.",US,,11/23/2024,,,yes,,,,,,,,
virtual-tree-branch-face,5,Nathan,"This piece brings such a fun, modern vibe to my living room. It's a great conversation starter!",US,,11/21/2024,,,yes,,,,,,,,
virtual-tree-branch-face,3,BloggingBoss,"It's different, but I'm not sure it fits with my decor. Too bold.",US,,11/20/2024,,,yes,,,,,,,,
virtual-tree-branch-face,5,Caspian,The layering and texture in this painting are fascinating. I notice new details every day!,US,,11/19/2024,,,yes,,,,,,,,
virtual-tree-branch-face,5,ByteBaron_007,This painting reminds me of a vibrant city skyline. It's so dynamic and alive!,US,,11/16/2024,,,yes,,,,,,,,
virtual-tree-branch-face,3,RooibosRed_African,"It's okay, but I've seen more impressive graffiti-inspired works.",US,,11/13/2024,,,yes,,,,,,,,
virtual-tree-branch-face,5,ColonialCharmSeeker,The balance of warm and cool tones in this piece is masterful. It's truly captivating!,US,,11/20/2024,,,yes,,,,,,,,
virtual-tree-branch-face,5,Echo,I find new patterns and hidden shapes in it every time I look. It's endlessly intriguing!,US,,11/24/2024,,,yes,,,,,,,,
virtual-tree-branch-face,3,McMansionMasterBuyer,"It's growing on me, but I'm not fully sold on the style yet.",US,,11/16/2024,,,yes,,,,,,,,
virtual-tree-branch-face,5,MatchaGreen_Tea,This piece sparks such creativity. It's perfect for my home office!,US,,11/25/2024,,,yes,,,,,,,,
virtual-tree-branch-face,5,BasketballFanatic,The interplay of colors and forms is absolutely captivating. I can't stop looking at it!,US,,11/23/2024,,,yes,,,,,,,,
virtual-tree-branch-face,3,OceanBreeze_Salty,"It's alright, but I wish there was more structure in the composition.",US,,11/21/2024,,,yes,,,,,,,,
virtual-tree-branch-face,5,Aries,"This artwork brings such a unique, urban edge to my space. I love it!",US,,11/20/2024,,,yes,,,,,,,,
virtual-tree-branch-face,5,Aubrie,The way the artist suggests letters without fully forming them is so creative.,US,,11/19/2024,,,yes,,,,,,,,
virtual-tree-branch-face,3,Orion,"It's fine, but nothing exceptional. Just average abstract art.",US,,11/16/2024,,,yes,,,,,,,,
virtual-tree-branch-face,5,PyTorchPioneer_88,This piece is a brilliant representation of modern communication. It's truly inspiring!,US,,11/13/2024,,,yes,,,,,,,,
virtual-tree-branch-face,5,Alejandra,The use of color and form in this piece is masterful. I'm in awe!,US,,11/20/2024,,,yes,,,,,,,,
virtual-tree-branch-face,3,MartialArtsMerchPro,"It's interesting, but I'm not sure I understand the artist's message.",US,,11/24/2024,,,yes,,,,,,,,
virtual-tree-branch-face,5,YesteryearYearnerg,This painting brings such life and energy to my room. It's like having a piece of the city on my wall!,US,,11/16/2024,,,yes,,,,,,,,
virtual-tree-branch-face,5,Lydia,I'm fascinated by how the artist creates depth with overlapping forms. It's so clever!,US,,11/25/2024,,,yes,,,,,,,,
virtual-tree-branch-face,5,SummerSun_Shine,This artwork is a perfect blend of street art and fine art. It's visually stunning!,US,,11/23/2024,,,yes,,,,,,,,
virtual-tree-branch-face,3,WaterNymph,"It's fine, I guess. Not really my style, but it's colorful at least.",US,,11/21/2024,,,yes,,,,,,,,
virtual-tree-branch-face,5,CompostingQueen,The use of pastel tones against the bolder colors is breathtaking. It's a daily source of inspiration.,US,,11/20/2024,,,yes,,,,,,,,
virtual-tree-branch-face,5,Scorpio,This painting is a masterpiece of contemporary art. It speaks to our digital age!,US,,11/19/2024,,,yes,,,,,,,,
virtual-tree-branch-face,3,ShavingSuppliesPro,"Not bad, but I don't think I'd buy it again. It's a bit too intense.",US,,11/25/2024,,,yes,,,,,,,,
virtual-tree-branch-face,5,Camilla,The interplay of colors and shapes is mesmerizing. It's like visual poetry!,US,,11/23/2024,,,yes,,,,,,,,
virtual-tree-branch-face,5,CocktailMixer_Shaken,This piece is a perfect representation of modern urban art. It's thought-provoking!,US,,11/21/2024,,,yes,,,,,,,,
virtual-tree-branch-face,3,Dominic,It's okay. Adds some color to the room at least.,US,,11/20/2024,,,yes,,,,,,,,
virtual-tree-branch-face,5,HuntingGearGuru,The energy in this painting is palpable. It brings a sense of excitement to my whole space!,US,,11/19/2024,,,yes,,,,,,,,
virtual-tree-branch-face,5,FoodieFantasy,This artwork is a celebration of color and form. It's a joy to look at every day!,US,,11/16/2024,,,yes,,,,,,,,
virtual-tree-branch-face,5,DeconstructivistDiva,The bold use of color and dynamic forms in this piece are captivating. It's a true statement piece!,US,,11/13/2024,,,yes,,,,,,,,
virtual-tree-branch-face,3,CircularEconomyChamp,"It's growing on me, but I'm still not entirely convinced by the style.",US,,11/20/2024,,,yes,,,,,,,,
virtual-tree-branch-face,5,RapFlow_Lyrical,This painting is a visual adventure. It's become the heart of my creative space!,US,,11/24/2024,,,yes,,,,,,,,
virtual-tree-branch-face,5,StatsSorcerer_99,The way the artist has captured urban energy is remarkable. A true masterpiece!,US,,11/16/2024,,,yes,,,,,,,,
virtual-tree-branch-face,3,Aquarius,"It's okay. Does its job as wall decor, I suppose.",US,,11/25/2024,,,yes,,,,,,,,
virtual-tree-branch-face,5,GalacticGarnet,This piece is a perfect blend of color and motion. It's visually stunning and evocative!,US,,11/23/2024,,,yes,,,,,,,,
virtual-tree-branch-face,5,Gianna,The dynamism in this painting is infectious. It energizes me every time I look at it!,US,,11/21/2024,,,yes,,,,,,,,
virtual-tree-branch-face,3,Isla,"It's fine, but I've seen better abstract works. Not very original.",US,,11/20/2024,,,yes,,,,,,,,
virtual-tree-branch-face,5,Orion,This artwork is a triumph of color and form. It's become the centerpiece of my living room!,US,,11/19/2024,,,yes,,,,,,,,
virtual-tree-branch-face,5,Lena,The interplay of soft and bold colors in this piece is fascinating. It's a visual delight!,US,,11/16/2024,,,yes,,,,,,,,
virtual-tree-branch-face,3,RumPunch_Tropical,"Not bad, but I don't think I'd buy it again. It's a bit too bold.",US,,11/13/2024,,,yes,,,,,,,,
virtual-tree-branch-face,5,DarjeelingTea_Muscatel,This painting is a perfect representation of urban vibrancy. It's both beautiful and energizing!,US,,11/20/2024,,,yes,,,,,,,,
virtual-tree-branch-face,5,Blake,The use of color and form in this piece is breathtaking. It's a daily source of inspiration!,US,,11/24/2024,,,yes,,,,,,,,
virtual-tree-branch-face,3,BeetJuice_Red,It's okay. Adds some urban flair to the room at least.,US,,11/16/2024,,,yes,,,,,,,,
virtual-tree-branch-face,5,Nathan,This artwork is a celebration of modern aesthetics. It brings contemporary energy to my whole space!,US,,11/25/2024,,,yes,,,,,,,,
virtual-tree-branch-face,5,Mullein,The way the artist has balanced chaos and order is remarkable. A true work of art!,US,,11/23/2024,,,yes,,,,,,,,
virtual-tree-branch-face,5,DecorDiva,This piece speaks volumes about our digital culture. It's both intriguing and inspiring!,US,,11/21/2024,,,yes,,,,,,,,
virtual-tree-branch-face,3,ProteinPowderPro,"It's growing on me, but I'm still not sure if I like the abstract style.",US,,11/20/2024,,,yes,,,,,,,,
virtual-tree-branch-face,5,Drake,The energy and movement in this painting are captivating. It's like a visual symphony of the city!,US,,11/19/2024,,,yes,,,,,,,,
virtual-tree-branch-face,5,GalacticGlimmer,This artwork is a perfect blend of abstraction and urban influence. It's visually stunning!,US,,11/25/2024,,,yes,,,,,,,,
virtual-tree-branch-face,3,LucentLightning,"Not bad, but I've seen more interesting abstract works.",US,,11/23/2024,,,yes,,,,,,,,
virtual-tree-branch-face,5,Pyxis,The bold colors and dynamic forms in this piece are mesmerizing. It's a true masterpiece!,US,,11/21/2024,,,yes,,,,,,,,
virtual-tree-branch-face,5,Harlow,This painting is a dream come true! The way it captures city energy is magical.,US,,11/20/2024,,,yes,,,,,,,,
virtual-tree-branch-face,3,FoodieFindsForager,"It's okay. Does its job as unique wall decor, I guess.",US,,11/19/2024,,,yes,,,,,,,,
virtual-tree-branch-face,5,Lucy,The way the artist has distilled urban life into abstract forms is remarkable. A true work of genius!,US,,11/16/2024,,,yes,,,,,,,,
virtual-tree-branch-face,5,Aria,This piece is a perfect representation of modern urban art. It's both beautiful and thought-provoking!,US,,11/13/2024,,,yes,,,,,,,,
virtual-tree-branch-face,3,MaiTaiTropical_Rum,"It's fine, but I don't think I'd buy it again. Not my taste in abstract art.",US,,11/20/2024,,,yes,,,,,,,,
virtual-tree-branch-face,5,BolivianCoca_Altitude,The interplay of colors and shapes in this piece is fascinating. It's a visual adventure!,US,,11/24/2024,,,yes,,,,,,,,
virtual-tree-branch-face,5,SocialButterfly22,This artwork is a celebration of contemporary visual culture. It brings modern spirit to my whole home!,US,,11/16/2024,,,yes,,,,,,,,
virtual-tree-branch-face,3,TinyHomeTreasurer,"Not bad, but I've seen better urban-inspired abstract works.",US,,11/25/2024,,,yes,,,,,,,,
virtual-tree-branch-face,5,FuzzyLogicFan_7,The use of letter-like forms against the colorful background is breathtaking. It's a daily source of creativity!,US,,11/23/2024,,,yes,,,,,,,,
virtual-tree-branch-face,5,ChineseGunpowder_Smoky,This painting is a perfect blend of abstraction and urban energy. It's the focal point of my home!,US,,11/21/2024,,,yes,,,,,,,,
virtual-tree-branch-face,3,Lavender,It's okay. Adds some modern vibe to the room at least.,US,,11/20/2024,,,yes,,,,,,,,
virtual-tree-branch-face,5,Leo,The vibrant colors and dynamic forms in this piece are captivating. It's like having a piece of the city on my wall!,US,,11/19/2024,,,yes,,,,,,,,
virtual-tree-branch-face,5,Thaddeus,This artwork is a triumph of contemporary abstract expression. It's both beautiful and deeply engaging!,US,,11/16/2024,,,yes,,,,,,,,
dissolution-b,5,ArtMosaicMaker,The delicate blend of colors reminds me of a spring garden. It's so soothing!,US,,11/13/2024,,,yes,,,,,,,,
dissolution-b,3,ZeplinZen_88,"Interesting use of shapes, but it's a bit too abstract for my taste.",US,,11/20/2024,,,yes,,,,,,,,
dissolution-b,5,Adam,I love how the artist captures the essence of flowers without being too literal. It's beautifully ethereal!,US,,11/24/2024,,,yes,,,,,,,,
dissolution-b,3,BollywoodBling_Desi,"The composition is intriguing, but I find it hard to interpret.",US,,11/16/2024,,,yes,,,,,,,,
dissolution-b,5,AstralAether,"This piece brings such a soft, dreamy atmosphere to my bedroom. It's perfect!",US,,11/25/2024,,,yes,,,,,,,,
dissolution-b,3,MindfulnessMerchMaven,"It's different, but I'm not sure it fits with my decor. Too subtle.",US,,11/23/2024,,,yes,,,,,,,,
dissolution-b,5,Allison,The texture and layering in this painting are fascinating. I notice new details every day!,US,,11/21/2024,,,yes,,,,,,,,
dissolution-b,5,OptimizationOracle,This painting transports me to a misty garden at dawn. It's so evocative!,US,,11/20/2024,,,yes,,,,,,,,
dissolution-b,3,JiraJedi_88,"It's okay, but I've seen more impressive abstract floral works.",US,,11/19/2024,,,yes,,,,,,,,
dissolution-b,5,Luca,The balance of soft and vibrant tones in this piece is masterful. It's truly captivating!,US,,11/25/2024,,,yes,,,,,,,,
dissolution-b,5,AuroraApex,I find new shapes and forms in it every time I look. It's endlessly intriguing!,US,,11/23/2024,,,yes,,,,,,,,
dissolution-b,3,SearchingSphinx,"It's growing on me, but I'm not fully sold on the style yet.",US,,11/21/2024,,,yes,,,,,,,,
dissolution-b,5,ContemporaryFlow_Modern,This piece sparks such a sense of calm and beauty. It's perfect for my meditation space!,US,,11/20/2024,,,yes,,,,,,,,
dissolution-b,5,NovaNectar,The interplay of colors and forms is absolutely captivating. I can't stop looking at it!,US,,11/19/2024,,,yes,,,,,,,,
dissolution-b,3,GalleryGazer,"It's alright, but I wish there was more definition in the shapes.",US,,11/16/2024,,,yes,,,,,,,,
dissolution-b,5,StellarSolstice,"This artwork brings such a unique, ethereal vibe to my space. I love it!",US,,11/13/2024,,,yes,,,,,,,,
dissolution-b,2,FitnessFanatic,Not my cup of tea. I prefer more traditional floral paintings.,US,,11/20/2024,,,yes,,,,,,,,
dissolution-b,5,WallArtCurator,The way the artist suggests petals and stems is so creative and effective.,US,,11/24/2024,,,yes,,,,,,,,
dissolution-b,3,Charlotte,"It's fine, but nothing exceptional. Just average abstract art.",US,,11/16/2024,,,yes,,,,,,,,
dissolution-b,5,Dax,This piece is a brilliant representation of nature's delicacy. It's truly inspiring!,US,,11/25/2024,,,yes,,,,,,,,
dissolution-b,5,BiblioBuffBuyer,The use of color and form in this piece is masterful. I'm in awe!,US,,11/23/2024,,,yes,,,,,,,,
dissolution-b,3,TerrarioumTreasurTracker,"It's interesting, but I'm not sure I understand the artist's message.",US,,11/21/2024,,,yes,,,,,,,,
dissolution-b,5,DecorativeDreamer,This painting brings such a gentle energy to my room. It's like having a piece of spring all year round!,US,,11/20/2024,,,yes,,,,,,,,
dissolution-b,5,Julia,I'm fascinated by how the artist creates depth with subtle color variations. It's so clever!,US,,11/19/2024,,,yes,,,,,,,,
dissolution-b,5,BlindsBuffBuyer,This artwork is a perfect blend of abstraction and floral suggestion. It's visually stunning!,US,,11/16/2024,,,yes,,,,,,,,
dissolution-b,3,Carina,"It's fine, I guess. Not really my style, but it's calming at least.",US,,11/13/2024,,,yes,,,,,,,,
dissolution-b,5,DIYMaster101,The use of soft pinks and greens is breathtaking. It's a daily source of tranquility.,US,,11/20/2024,,,yes,,,,,,,,
dissolution-b,5,EclecticStyleSeeker,This painting is a masterpiece of modern impressionism. It speaks to the soul!,US,,11/24/2024,,,yes,,,,,,,,
dissolution-b,3,ProteinShake_Muscle,"Not bad, but I don't think I'd buy it again. It's a bit too subtle.",US,,11/16/2024,,,yes,,,,,,,,
dissolution-b,5,Jade,The interplay of colors and brush strokes is mesmerizing. It's like visual poetry!,US,,11/25/2024,,,yes,,,,,,,,
dissolution-b,5,NetlifyNinja_365,This piece is a perfect representation of modern floral abstraction. It's thought-provoking!,US,,11/23/2024,,,yes,,,,,,,,
dissolution-b,3,Garlic,It's okay. Adds some softness to the room at least.,US,,11/21/2024,,,yes,,,,,,,,
dissolution-b,5,OrbitalOdyssey,The energy in this painting is so gentle and uplifting. It brings a sense of peace to my whole space!,US,,11/20/2024,,,yes,,,,,,,,
dissolution-b,5,Genesis,This artwork is a celebration of nature's subtleties. It's a joy to look at every day!,US,,11/19/2024,,,yes,,,,,,,,
dissolution-b,5,NashEquilibriumNinja,The delicate use of color and flowing forms in this piece are captivating. It's a true statement piece!,US,,11/25/2024,,,yes,,,,,,,,
dissolution-b,3,Isaac,"It's growing on me, but I'm still not entirely convinced by the style.",US,,11/23/2024,,,yes,,,,,,,,
dissolution-b,5,SolarSerenade,This painting is a visual poem. It's become the heart of my reading nook!,US,,11/21/2024,,,yes,,,,,,,,
dissolution-b,5,ItalianVillaVixen,The way the artist has captured the essence of flowers is remarkable. A true masterpiece!,US,,11/20/2024,,,yes,,,,,,,,
dissolution-b,3,Daisy,"It's okay. Does its job as wall decor, I suppose.",US,,11/19/2024,,,yes,,,,,,,,
dissolution-b,5,HibiscusTea_Tart,This piece is a perfect blend of color and suggestion. It's visually stunning and evocative!,US,,11/16/2024,,,yes,,,,,,,,
dissolution-b,5,MuralMagic,The serenity in this painting is infectious. It soothes me every time I look at it!,US,,11/13/2024,,,yes,,,,,,,,
dissolution-b,3,GANGenius_365,"It's fine, but I've seen better abstract floral works. Not very original.",US,,11/20/2024,,,yes,,,,,,,,
dissolution-b,5,StyleSavvy101,This artwork is a triumph of subtle color and form. It's become the centerpiece of my living room!,US,,11/24/2024,,,yes,,,,,,,,
dissolution-b,5,SiliconSage_101,The interplay of soft pinks and greens in this piece is fascinating. It's a visual delight!,US,,11/16/2024,,,yes,,,,,,,,
dissolution-b,3,Landon,"Not bad, but I don't think I'd buy it again. It's a bit too muted.",US,,11/25/2024,,,yes,,,,,,,,
dissolution-b,5,Wren,This painting is a perfect representation of nature's gentleness. It's both beautiful and calming!,US,,11/23/2024,,,yes,,,,,,,,
dissolution-b,5,InteriorInspirator,The use of color and form in this piece is breathtaking. It's a daily source of inspiration!,US,,11/21/2024,,,yes,,,,,,,,
dissolution-b,3,Hibiscus,It's okay. Adds some softness to the room at least.,US,,11/20/2024,,,yes,,,,,,,,
dissolution-b,5,Olivia,This artwork is a celebration of spring's delicacy. It brings a gentle energy to my whole space!,US,,11/19/2024,,,yes,,,,,,,,
dissolution-b,5,ArcheryAce,The way the artist has balanced suggestion and abstraction is remarkable. A true work of art!,US,,11/16/2024,,,yes,,,,,,,,
dissolution-b,5,AetherAurora,This piece speaks volumes about the beauty of subtlety. It's both intriguing and soothing!,US,,11/13/2024,,,yes,,,,,,,,
dissolution-b,3,LifeCycleAnalysisPro,"It's growing on me, but I'm still not sure if I like the abstract style.",US,,11/20/2024,,,yes,,,,,,,,
dissolution-b,5,EleganceEmporium,The gentle energy and movement in this painting are captivating. It's like a visual lullaby!,US,,11/24/2024,,,yes,,,,,,,,
dissolution-b,5,SoundwaveSavvyShopper,This artwork is a perfect blend of abstraction and natural forms. It's visually stunning!,US,,11/16/2024,,,yes,,,,,,,,
dissolution-b,3,Kaia,"Not bad, but I've seen more interesting abstract floral works.",US,,11/25/2024,,,yes,,,,,,,,
dissolution-b,5,StellarSunburst,The soft colors and flowing forms in this piece are mesmerizing. It's a true masterpiece!,US,,11/23/2024,,,yes,,,,,,,,
dissolution-b,5,VaexVanguard_365,This painting is a dream come true! The way it captures floral essence is magical.,US,,11/21/2024,,,yes,,,,,,,,
dissolution-b,3,Genesis,"It's okay. Does its job as subtle wall decor, I guess.",US,,11/20/2024,,,yes,,,,,,,,
dissolution-b,5,BeautyBountyBrowser,The way the artist has distilled nature's beauty into abstract forms is remarkable. A true work of genius!,US,,11/19/2024,,,yes,,,,,,,,
dissolution-b,5,MidCenturyModernFan,This piece is a perfect representation of modern nature-inspired art. It's both beautiful and thought-provoking!,US,,11/25/2024,,,yes,,,,,,,,
dissolution-b,3,AgeOldArtifacts,"It's fine, but I don't think I'd buy it again. Not my taste in abstract art.",US,,11/23/2024,,,yes,,,,,,,,
dissolution-b,5,CelestialCircuit,The interplay of colors and shapes in this piece is fascinating. It's a visual adventure!,US,,11/21/2024,,,yes,,,,,,,,
dissolution-b,5,Ophelia,This artwork is a celebration of nature's soft beauty. It brings gentle energy to my whole home!,US,,11/20/2024,,,yes,,,,,,,,
dissolution-b,3,NeonNexus,"Not bad, but I've seen better abstract floral-inspired works.",US,,11/19/2024,,,yes,,,,,,,,
dissolution-b,5,PetWhisperer,The use of muted tones and flowing forms is breathtaking. It's a daily source of calm!,US,,11/16/2024,,,yes,,,,,,,,
dissolution-b,5,NovaNightshade,This painting is a perfect blend of abstraction and floral beauty. It's the focal point of my home!,US,,11/13/2024,,,yes,,,,,,,,
dissolution-b,3,Rigby,It's okay. Adds some gentle color to the room at least.,US,,11/20/2024,,,yes,,,,,,,,
dissolution-b,5,Axel,The soft colors and flowing forms in this piece are captivating. It's like having a misty garden on my wall!,US,,11/24/2024,,,yes,,,,,,,,
dissolution-b,5,YogaYogi,This artwork is a triumph of subtle beauty. It's both soothing and deeply moving!,US,,11/16/2024,,,yes,,,,,,,,
dissolution-c,5,Lyra,The ethereal quality of this piece is breathtaking. It's like looking through shattered crystal.,US,,11/25/2024,,,yes,,,,,,,,
dissolution-c,3,Alani,"Interesting use of color, but the composition feels a bit chaotic to me.",US,,11/23/2024,,,yes,,,,,,,,
dissolution-c,5,UpCycleUnboxer,I love how the artist captures movement and light. It's so dynamic yet delicate!,US,,11/21/2024,,,yes,,,,,,,,
dissolution-c,3,Nutmeg,"The palette is soothing, but I find it hard to interpret the subject.",US,,11/20/2024,,,yes,,,,,,,,
dissolution-c,5,Layla,"This painting brings such a serene, dreamlike atmosphere to my living room. It's perfect!",US,,11/19/2024,,,yes,,,,,,,,
dissolution-c,3,SoyMilk_Smooth,"It's different, but I'm not sure it fits with my decor. Too abstract.",US,,11/16/2024,,,yes,,,,,,,,
dissolution-c,5,CloudNine_Dreamer,The layering and texture in this piece are fascinating. I notice new details every day!,US,,11/13/2024,,,yes,,,,,,,,
dissolution-c,5,GitOpsGuru_42,This artwork reminds me of sunlight through a misty forest. It's so evocative!,US,,11/20/2024,,,yes,,,,,,,,
dissolution-c,5,Joaquin,The balance of soft tones and vibrant accents is masterful. It's truly captivating!,US,,11/24/2024,,,yes,,,,,,,,
dissolution-c,5,Boreas,I find new patterns and shapes in it every time I look. It's endlessly intriguing!,US,,11/16/2024,,,yes,,,,,,,,
dissolution-c,5,HackerHero_2023,This piece sparks such imagination. It's perfect for my meditation space!,US,,11/25/2024,,,yes,,,,,,,,
dissolution-c,5,QueueQuester_21,The interplay of colors and forms is absolutely captivating. I can't stop looking at it!,US,,11/23/2024,,,yes,,,,,,,,
dissolution-c,5,Kailani,"This artwork brings such a unique, ethereal vibe to my space. I love it!",US,,11/21/2024,,,yes,,,,,,,,
dissolution-c,5,SportsFanatic555,The way the artist suggests movement with color and form is so creative.,US,,11/20/2024,,,yes,,,,,,,,
dissolution-c,5,Azalea,This piece is a brilliant representation of fragmented memories. It's truly inspiring!,US,,11/19/2024,,,yes,,,,,,,,
dissolution-c,5,AdventureSoul,The use of color and form in this piece is masterful. I'm in awe!,US,,11/25/2024,,,yes,,,,,,,,
dissolution-c,5,Zane,This painting brings such a gentle energy to my room. It's like having captured light on my wall!,US,,11/23/2024,,,yes,,,,,,,,
dissolution-c,5,SystemsBiologyBuff,I'm fascinated by how the artist creates depth with overlapping forms. It's so clever!,US,,11/21/2024,,,yes,,,,,,,,
dissolution-c,5,Jensen,This artwork is a perfect blend of chaos and serenity. It's visually stunning!,US,,11/20/2024,,,yes,,,,,,,,
dissolution-c,5,Easton,The use of soft colors against the bolder accents is breathtaking. It's a daily source of inspiration.,US,,11/19/2024,,,yes,,,,,,,,
dissolution-c,5,HikingSuppliesHunter,This painting is a masterpiece of contemporary art. It speaks to the fragmentation of modern life!,US,,11/16/2024,,,yes,,,,,,,,
dissolution-c,3,Ezekiel,"Not bad, but I don't think I'd buy it again. It's a bit too vague.",US,,11/13/2024,,,yes,,,,,,,,
dissolution-c,5,Cobra,The interplay of colors and brush strokes is mesmerizing. It's like visual poetry!,US,,11/20/2024,,,yes,,,,,,,,
dissolution-c,5,Bryson,This piece is a perfect representation of modern abstract art. It's thought-provoking!,US,,11/24/2024,,,yes,,,,,,,,
dissolution-c,5,Brock,The energy in this painting is palpable. It brings a sense of movement to my whole space!,US,,11/16/2024,,,yes,,,,,,,,
dissolution-c,5,Scarlett,This artwork is a celebration of light and motion. It's a joy to look at every day!,US,,11/25/2024,,,yes,,,,,,,,
dissolution-c,5,MacchiatoMagic_Caramel,The delicate use of color and dynamic forms in this piece are captivating. It's a true statement piece!,US,,11/23/2024,,,yes,,,,,,,,
dissolution-c,3,Emery,"It's growing on me, but I'm still not entirely convinced by the style.",US,,11/21/2024,,,yes,,,,,,,,
dissolution-c,5,Daniela,This painting is a visual adventure. It's become the heart of my creative space!,US,,11/20/2024,,,yes,,,,,,,,
dissolution-c,5,Sage,The way the artist has captured movement and light is remarkable. A true masterpiece!,US,,11/19/2024,,,yes,,,,,,,,
dissolution-c,3,FrameFanboy,"It's okay. Does its job as wall decor, I suppose.",US,,11/16/2024,,,yes,,,,,,,,
dissolution-c,5,Arlo,This piece is a perfect blend of color and motion. It's visually stunning and evocative!,US,,11/13/2024,,,yes,,,,,,,,
dissolution-c,5,Raven,The dynamism in this painting is infectious. It energizes me every time I look at it!,US,,11/20/2024,,,yes,,,,,,,,
dissolution-c,3,DominicanMamajuana_Aphrodisiac,"It's fine, but I've seen better abstract works. Not very original.",US,,11/24/2024,,,yes,,,,,,,,
dissolution-c,5,ZephyrZest,This artwork is a triumph of color and form. It's become the centerpiece of my living room!,US,,11/16/2024,,,yes,,,,,,,,
dissolution-c,5,BookwormForever,The interplay of soft and bold colors in this piece is fascinating. It's a visual delight!,US,,11/25/2024,,,yes,,,,,,,,
dissolution-c,3,GalleryGuru,"Not bad, but I don't think I'd buy it again. It's a bit too abstract.",US,,11/23/2024,,,yes,,,,,,,,
dissolution-c,5,DecorDazzler,This painting is a perfect representation of fleeting moments. It's both beautiful and poignant!,US,,11/21/2024,,,yes,,,,,,,,
dissolution-c,5,LaundryLoverPro,The use of color and form in this piece is breathtaking. It's a daily source of inspiration!,US,,11/20/2024,,,yes,,,,,,,,
dissolution-c,3,Lila,It's okay. Adds some interest to the room at least.,US,,11/19/2024,,,yes,,,,,,,,
dissolution-c,5,MerchManiaMaster,This artwork is a celebration of light and movement. It brings dynamic energy to my whole space!,US,,11/25/2024,,,yes,,,,,,,,
dissolution-c,5,Beckett,The way the artist has balanced chaos and order is remarkable. A true work of art!,US,,11/23/2024,,,yes,,,,,,,,
dissolution-c,5,SwarmIntelligenceSage,This piece speaks volumes about the fragility of perception. It's both intriguing and inspiring!,US,,11/21/2024,,,yes,,,,,,,,
dissolution-c,5,SlangSavant_365,The energy and movement in this painting are captivating. It's like a visual symphony!,US,,11/20/2024,,,yes,,,,,,,,
dissolution-c,5,Lumen,This artwork is a perfect blend of abstraction and suggestion. It's visually stunning!,US,,11/19/2024,,,yes,,,,,,,,
dissolution-c,5,Juliana,The soft colors and dynamic forms in this piece are mesmerizing. It's a true masterpiece!,US,,11/16/2024,,,yes,,,,,,,,
dissolution-c,5,JazzCat_BlueNote,This painting is a dream come true! The way it captures light and motion is magical.,US,,11/13/2024,,,yes,,,,,,,,
dissolution-c,5,WindEnergyEnthusiast,The way the artist has distilled movement into abstract forms is remarkable. A true work of genius!,US,,11/20/2024,,,yes,,,,,,,,
dissolution-c,5,Graham,This piece is a perfect representation of modern dynamic art. It's both beautiful and thought-provoking!,US,,11/24/2024,,,yes,,,,,,,,
dissolution-c,5,Josie,The interplay of colors and shapes in this piece is fascinating. It's a visual adventure!,US,,11/16/2024,,,yes,,,,,,,,
dissolution-c,5,Borage,This artwork is a celebration of fleeting beauty. It brings a sense of wonder to my whole home!,US,,11/25/2024,,,yes,,,,,,,,
dissolution-c,5,Fern,The use of soft tones with vibrant accents is breathtaking. It's a daily source of inspiration!,US,,11/23/2024,,,yes,,,,,,,,
dissolution-c,5,InfinityInk,This painting is a perfect blend of abstraction and emotion. It's the focal point of my home!,US,,11/21/2024,,,yes,,,,,,,,
dissolution-c,5,ArtisanalAcquirer,The soft colors and dynamic forms in this piece are captivating. It's like having captured motion on my wall!,US,,11/20/2024,,,yes,,,,,,,,
dissolution-c,5,Ares,This artwork is a triumph of abstract expression. It's both beautiful and deeply moving!,US,,11/19/2024,,,yes,,,,,,,,
hearts-essence,5,Indus,Breathtaking explosion of color! This piece transforms my living room into a vibrant sanctuary.,US,,11/16/2024,,,yes,,,,,,,,
hearts-essence,4,FoodForestFanatic,"Love the energy, but it's a bit overwhelming for my small space. Still, great conversation starter!",US,,11/13/2024,,,yes,,,,,,,,
hearts-essence,5,Leia,Absolutely mesmerizing. I can stare at it for hours finding new patterns and shapes.,US,,11/20/2024,,,yes,,,,,,,,
hearts-essence,3,Valerian,"Interesting, but the colors are too chaotic for my taste. Gives me a slight headache.",US,,11/24/2024,,,yes,,,,,,,,
hearts-essence,5,TravelGearGuru,Perfect embodiment of abstract expressionism. A true masterpiece for art enthusiasts.,US,,11/16/2024,,,yes,,,,,,,,
hearts-essence,4,Lilac,"Vibrant and lively, though it clashes a bit with my existing decor.",US,,11/25/2024,,,yes,,,,,,,,
hearts-essence,5,BitBuccaneer_23,This artwork brings so much joy and life to my otherwise neutral room. Absolutely love it!,US,,11/23/2024,,,yes,,,,,,,,
hearts-essence,5,Zeno,A stunning piece that sparks creativity and imagination. Worth every penny!,US,,11/21/2024,,,yes,,,,,,,,
hearts-essence,4,Gunner,"Beautiful colors, but wish it had more defined shapes or focal points.",US,,11/20/2024,,,yes,,,,,,,,
hearts-essence,5,StellarSilver,Transformative! It's like having a portal to a magical realm on my wall.,US,,11/19/2024,,,yes,,,,,,,,
hearts-essence,5,Vincent,This piece has an incredible depth that reveals itself over time. Truly captivating!,US,,11/25/2024,,,yes,,,,,,,,
hearts-essence,3,Evie,"Decent abstract art, but nothing exceptional. Does the job of filling wall space.",US,,11/23/2024,,,yes,,,,,,,,
hearts-essence,4,Alma,"Love the energy, though it took some time to grow on me. Now I can't imagine my room without it.",US,,11/21/2024,,,yes,,,,,,,,
hearts-essence,5,LocalLootLover,A symphony of colors that dances before your eyes. Absolutely gorgeous!,US,,11/20/2024,,,yes,,,,,,,,
hearts-essence,5,IndianMasalaChai_Spicy,This artwork is a mood-lifter. I smile every time I walk into the room.,US,,11/19/2024,,,yes,,,,,,,,
hearts-essence,4,Mackenzie,"Impressive use of color and texture. A bit out of my comfort zone, but in a good way.",US,,11/16/2024,,,yes,,,,,,,,
hearts-essence,5,KirRoyale_Raspberry,Like owning a piece of a dream. Surreal and beautiful beyond words.,US,,11/13/2024,,,yes,,,,,,,,
hearts-essence,4,Reid,Vibrant and full of life. Wish the canvas was a bit larger to really showcase the details.,US,,11/20/2024,,,yes,,,,,,,,
hearts-essence,5,ColombianCoca_Traditional,This piece has become the heart of my home. Visitors are always in awe.,US,,11/24/2024,,,yes,,,,,,,,
hearts-essence,5,LinkedListLord,A perfect representation of the chaos and beauty of nature. Absolutely stunning!,US,,11/16/2024,,,yes,,,,,,,,
hearts-essence,3,BookWorm,"It's growing on me, but I'm not fully convinced yet. Maybe it needs different lighting.",US,,11/25/2024,,,yes,,,,,,,,
hearts-essence,4,Sloane,"Love the colors, but the texture is a bit overwhelming in person. Still, very striking!",US,,11/23/2024,,,yes,,,,,,,,
hearts-essence,5,Lucas,This artwork is like music for the eyes. It creates a whole atmosphere in the room.,US,,11/21/2024,,,yes,,,,,,,,
hearts-essence,5,TrelloTitan_23,A masterpiece of modern abstract art. Feel lucky to have this in my collection.,US,,11/20/2024,,,yes,,,,,,,,
hearts-essence,4,QuantumQuartz,"Beautiful from afar, but loses some appeal up close. Still, very impactful overall.",US,,11/19/2024,,,yes,,,,,,,,
hearts-essence,5,Indigo,This piece has an almost hypnotic quality. I notice new details every day.,US,,11/16/2024,,,yes,,,,,,,,
hearts-essence,3,StoryTeller,"It's fine, but doesn't quite match the rest of my decor as I hoped.",US,,11/13/2024,,,yes,,,,,,,,
hearts-essence,5,GreenThumb2024,"Like having a window into a magical, colorful universe. Absolutely love it!",US,,11/20/2024,,,yes,,,,,,,,
hearts-essence,4,Briar,"Impressive technique, but a bit too intense for everyday viewing. Great for special spaces.",US,,11/24/2024,,,yes,,,,,,,,
hearts-essence,5,SoilHealthSaver,This artwork brings such positive energy to my home. Best purchase ever!,US,,11/16/2024,,,yes,,,,,,,,
hearts-essence,5,ScikitSorcerer_7,A perfect blend of chaos and harmony. It's like watching a beautiful storm.,US,,11/25/2024,,,yes,,,,,,,,
hearts-essence,4,Clover,"Love the boldness, though it took some rearranging to make it work in my space.",US,,11/23/2024,,,yes,,,,,,,,
hearts-essence,5,LotionLoverBuyer,This artwork is a conversation starter. Everyone who visits is captivated by it.,US,,11/21/2024,,,yes,,,,,,,,
hearts-essence,5,Kenzie,Pure emotion captured on canvas. It moves me every time I look at it.,US,,11/20/2024,,,yes,,,,,,,,
hearts-essence,4,Adalyn,"Beautiful colors, but wish there was more variation in brush stroke sizes.",US,,11/19/2024,,,yes,,,,,,,,
hearts-essence,5,DecorDreamer,This piece brings the joy and spontaneity of abstract expressionism into my home. Love it!,US,,11/25/2024,,,yes,,,,,,,,
hearts-essence,3,Michael,"It's alright. Not amazing, not terrible. Just there.",US,,11/23/2024,,,yes,,,,,,,,
hearts-essence,5,NovaNightshade,Like having a piece of a wild garden on my wall. Breathtakingly beautiful!,US,,11/21/2024,,,yes,,,,,,,,
hearts-essence,4,SpectrumShard,"Stunning from a distance, loses some appeal up close. Overall very pleased.",US,,11/20/2024,,,yes,,,,,,,,
hearts-essence,5,InteriorInnovator,This artwork has become the centerpiece of my home. It ties everything together perfectly.,US,,11/19/2024,,,yes,,,,,,,,
hearts-essence,5,Anise,A perfect representation of the beautiful chaos of life. Absolutely inspiring!,US,,11/16/2024,,,yes,,,,,,,,
hearts-essence,3,RadiantRealm,"It's growing on me, but still not sure if it was worth the price.",US,,11/13/2024,,,yes,,,,,,,,
hearts-essence,4,Comfrey,"Love the energy, though it can be a bit overpowering at times. Great statement piece.",US,,11/20/2024,,,yes,,,,,,,,
hearts-essence,5,RandomForestRenegade,This piece brings so much life and movement to an otherwise static space. Thrilled with it!,US,,11/24/2024,,,yes,,,,,,,,
hearts-essence,5,WorkoutWearPro,Like having a portal to another dimension on my wall. Absolutely mesmerizing!,US,,11/16/2024,,,yes,,,,,,,,
hearts-essence,4,TundraTraveler_Chill,"Beautiful colors, but the texture is a bit flat in person. Still very striking!",US,,11/25/2024,,,yes,,,,,,,,
hearts-essence,5,CoconutWater_Tropical,This artwork changes with the light throughout the day. It's like having multiple pieces in one!,US,,11/23/2024,,,yes,,,,,,,,
hearts-essence,3,LocalShopperLover,"It's okay. Adds color to the room, but doesn't wow me.",US,,11/21/2024,,,yes,,,,,,,,
hearts-essence,5,IonIris,A perfect blend of colors that somehow captures every mood. Absolutely love it!,US,,11/20/2024,,,yes,,,,,,,,
hearts-essence,4,Hadley,"Impressive use of color, though I wish the canvas was larger to really showcase the details.",US,,11/19/2024,,,yes,,,,,,,,
hearts-essence,5,Aiden,This piece has become the heart and soul of my living space. Couldn't be happier!,US,,11/16/2024,,,yes,,,,,,,,
hearts-essence,5,EcuadorianGuayusa_Clarity,Like having a piece of raw emotion hanging on my wall. Powerful and moving.,US,,11/13/2024,,,yes,,,,,,,,
hearts-essence,4,Luke,"Love the vibrancy, though it took some time to find the right spot for it. Very pleased overall.",US,,11/20/2024,,,yes,,,,,,,,
hearts-essence,5,Liliana,This artwork transforms the entire atmosphere of the room. It's like living inside a painting!,US,,11/24/2024,,,yes,,,,,,,,
hearts-essence,5,OperaDiva_Aria,A perfect representation of the beautiful complexity of nature. Absolutely stunning!,US,,11/16/2024,,,yes,,,,,,,,
hearts-essence,4,AutumnLeaves_Fall,"Beautiful from afar, but loses some of its magic up close. Still very impactful.",US,,11/25/2024,,,yes,,,,,,,,
hearts-essence,5,StLucianBay_Leaf,This piece sparks joy every time I look at it. Best art purchase I've ever made!,US,,11/23/2024,,,yes,,,,,,,,
hearts-essence,3,Erik,"It's alright. Adds color to the room, but doesn't particularly move me.",US,,11/21/2024,,,yes,,,,,,,,
hearts-essence,5,MusicLover_24/7,Like having a window into a dream world. Absolutely captivating and beautiful!,US,,11/20/2024,,,yes,,,,,,,,
hearts-essence,4,Benjamin,"Love the energy it brings to the room, though it can be a bit overwhelming at times.",US,,11/19/2024,,,yes,,,,,,,,
hearts-essence,5,Tessa,This artwork has become a source of daily inspiration. It's like owning a piece of pure creativity.,US,,11/25/2024,,,yes,,,,,,,,
hearts-essence,5,Christian,A perfect blend of colors that somehow captures every mood and season. Absolutely in love!,US,,11/23/2024,,,yes,,,,,,,,
hearts-essence,3,Remi,"It's growing on me, but still not sure if it was the right choice for my space.",US,,11/21/2024,,,yes,,,,,,,,
hearts-essence,4,VaseBuyerPro,"Impressive technique, but wish there was more variation in the composition. Still very striking!",US,,11/20/2024,,,yes,,,,,,,,
hearts-essence,5,Odin,This piece transforms my mood every time I look at it. It's like owning a piece of joy.,US,,11/19/2024,,,yes,,,,,,,,
hearts-essence,5,ModalLogicMastr,"Like having a piece of a wild, magical forest on my wall. Breathtakingly beautiful!",US,,11/16/2024,,,yes,,,,,,,,
enigma-a,5,RadiantRainbow,"Mesmerizing blend of red and white, like a dance of passion and purity.",US,,11/13/2024,,,yes,,,,,,,,
enigma-a,3,Journee,"Interesting, but a bit too abstract for my taste.",US,,11/20/2024,,,yes,,,,,,,,
enigma-a,5,Elena,Powerful and evocative. Reminds me of raw emotion.,US,,11/24/2024,,,yes,,,,,,,,
enigma-a,4,BookwormBargainHunter,"The contrasts are striking, but it's a bit unsettling.",US,,11/16/2024,,,yes,,,,,,,,
enigma-a,5,Nova,Absolutely stunning! The flow of colors is hypnotic.,US,,11/25/2024,,,yes,,,,,,,,
enigma-a,4,CulinaryQuestPioneer,Love the dynamic movement in the piece.,US,,11/23/2024,,,yes,,,,,,,,
enigma-a,3,SolarSiren,"It's okay, but I don't really get it.",US,,11/21/2024,,,yes,,,,,,,,
enigma-a,5,PulsarPinnacle,Breathtaking use of color and form. A true masterpiece.,US,,11/20/2024,,,yes,,,,,,,,
enigma-a,3,StorySeekingScavenger,The red is too dominant. Overpowers the subtler tones.,US,,11/19/2024,,,yes,,,,,,,,
enigma-a,4,Mint,Fascinating interplay of light and shadow.,US,,11/16/2024,,,yes,,,,,,,,
enigma-a,3,QuantumQuiver,"It's growing on me, but I'm not fully convinced.",US,,11/13/2024,,,yes,,,,,,,,
enigma-a,5,Nico,Absolutely love it! It's like looking into a dream.,US,,11/20/2024,,,yes,,,,,,,,
enigma-a,4,Caiden,The fluidity of the forms is captivating.,US,,11/24/2024,,,yes,,,,,,,,
enigma-a,3,RetroRaider,"It's alright, but nothing special.",US,,11/16/2024,,,yes,,,,,,,,
enigma-a,5,AetherAmbrosia,Powerful and emotive. Speaks to the soul.,US,,11/25/2024,,,yes,,,,,,,,
enigma-a,3,RoamingRetailRenegade,"The composition is intriguing, but the colors are too harsh.",US,,11/23/2024,,,yes,,,,,,,,
enigma-a,4,SuperFanStuffSeeker,Beautiful balance of chaos and control.,US,,11/21/2024,,,yes,,,,,,,,
enigma-a,5,Theo,Absolutely breathtaking. A feast for the eyes.,US,,11/20/2024,,,yes,,,,,,,,
enigma-a,3,TravelTreasureTrove,It's a bit too intense for my taste.,US,,11/19/2024,,,yes,,,,,,,,
enigma-a,4,LinuxLegend_88,Love how it seems to move and change as you look at it.,US,,11/25/2024,,,yes,,,,,,,,
enigma-a,5,DevOpsDestroyer,The depth and layering are incredible.,US,,11/23/2024,,,yes,,,,,,,,
enigma-a,4,SkiingSuppliesPro,Powerful use of color. Really draws you in.,US,,11/21/2024,,,yes,,,,,,,,
enigma-a,5,TeaEnthusiast,It's like looking into a passionate storm. Love it!,US,,11/20/2024,,,yes,,,,,,,,
enigma-a,4,Daniel,Intriguing play of light and dark. Very emotional.,US,,11/19/2024,,,yes,,,,,,,,
enigma-a,5,NeonNebula,Absolutely mesmerizing. Could stare at it for hours.,US,,11/16/2024,,,yes,,,,,,,,
enigma-a,3,GalleryGenius,"It's okay, but I've seen better abstract works.",US,,11/13/2024,,,yes,,,,,,,,
enigma-a,4,CosmicCoral,The movement in the piece is really captivating.,US,,11/20/2024,,,yes,,,,,,,,
enigma-a,5,Leander,The depth and texture are amazing. A true masterpiece.,US,,11/24/2024,,,yes,,,,,,,,
enigma-a,3,Aether,"Interesting, but a bit too dark and brooding for me.",US,,11/16/2024,,,yes,,,,,,,,
enigma-a,4,NeonNebula,Love the energy and passion it conveys.,US,,11/25/2024,,,yes,,,,,,,,
enigma-a,5,Fern,The interplay of colors is absolutely stunning.,US,,11/23/2024,,,yes,,,,,,,,
enigma-a,3,HulaSwayer_Aloha,"It's growing on me, but still not sure about it.",US,,11/21/2024,,,yes,,,,,,,,
enigma-a,4,PaintingPlacement,Powerful and evocative. Really stirs the emotions.,US,,11/20/2024,,,yes,,,,,,,,
enigma-a,5,Juniper,Breathtaking use of color and form. A visual feast.,US,,11/19/2024,,,yes,,,,,,,,
enigma-a,3,ThreeJSJedi_21,"It's alright, but doesn't really move me.",US,,11/16/2024,,,yes,,,,,,,,
enigma-a,4,SculptureSavvyShopper,The fluidity of the forms is really captivating.,US,,11/13/2024,,,yes,,,,,,,,
enigma-a,5,SolarSpecter,Absolutely love it! So much depth and emotion.,US,,11/20/2024,,,yes,,,,,,,,
enigma-a,4,VercelVanguard_23,The contrast between light and dark is striking.,US,,11/24/2024,,,yes,,,,,,,,
enigma-a,5,Mason,It's like looking into a passionate soul. Beautiful!,US,,11/16/2024,,,yes,,,,,,,,
enigma-a,3,Zinnia,"The red is nice, but overall it's too chaotic.",US,,11/25/2024,,,yes,,,,,,,,
enigma-a,4,PrismPro_365,Love how it seems alive and moving.,US,,11/23/2024,,,yes,,,,,,,,
enigma-a,5,Pisces,The composition and color choice are masterful.,US,,11/21/2024,,,yes,,,,,,,,
enigma-a,4,Eurus,The dynamic movement really draws you in.,US,,11/20/2024,,,yes,,,,,,,,
enigma-a,5,MarshallIslandsCoconut_Tropical,Absolutely mesmerizing. A true work of art.,US,,11/19/2024,,,yes,,,,,,,,
enigma-a,3,Grayson,"Interesting, but a bit too intense for my liking.",US,,11/25/2024,,,yes,,,,,,,,
enigma-a,4,Nicholas,The depth and layering are really impressive.,US,,11/23/2024,,,yes,,,,,,,,
enigma-a,5,CityExplorer_Urban,The emotion it conveys is powerful and raw.,US,,11/21/2024,,,yes,,,,,,,,
enigma-a,3,Ivy,"It's growing on me, but I'm still not convinced.",US,,11/20/2024,,,yes,,,,,,,,
enigma-a,4,Thalia,Love the energy and passion in every brushstroke.,US,,11/19/2024,,,yes,,,,,,,,
enigma-a,5,Lepus,Breathtaking interplay of light and shadow.,US,,11/16/2024,,,yes,,,,,,,,
enigma-a,4,Gracelyn,The movement and flow are really captivating.,US,,11/13/2024,,,yes,,,,,,,,
enigma-a,5,MemesMaster_101,The depth and complexity are absolutely stunning.,US,,11/20/2024,,,yes,,,,,,,,
enigma-a,3,DigitalDoodadDetective,"Interesting use of color, but overall too abstract.",US,,11/24/2024,,,yes,,,,,,,,
enigma-a,4,MicronesiaLemongrass_Fresh,The contrast between calm and chaos is intriguing.,US,,11/16/2024,,,yes,,,,,,,,
enigma-a,5,Aiden,It's like looking into a storm of emotions. Beautiful!,US,,11/25/2024,,,yes,,,,,,,,
enigma-a,4,ManhattanRye_Cherry,Love how it changes the more you look at it.,US,,11/23/2024,,,yes,,,,,,,,
enigma-a,5,Linden,The composition and color palette are masterful.,US,,11/21/2024,,,yes,,,,,,,,
enigma-a,4,Brooklyn,The dynamic tension in the piece is captivating.,US,,11/20/2024,,,yes,,,,,,,,
enigma-a,5,Peony,Absolutely love it! So much depth and passion.,US,,11/19/2024,,,yes,,,,,,,,
enigma-a,3,AbductionAce_77,"Interesting, but a bit too intense for my taste.",US,,11/16/2024,,,yes,,,,,,,,
enigma-a,4,Torsten,The fluidity and movement are really impressive.,US,,11/13/2024,,,yes,,,,,,,,
enigma-a,5,Landon,The emotion it evokes is powerful and raw.,US,,11/20/2024,,,yes,,,,,,,,
enigma-a,3,NightOwl_Vibes,"It's growing on me, but still not my favorite.",US,,11/24/2024,,,yes,,,,,,,,
enigma-a,4,Londyn,Love the energy and life in every part of it.,US,,11/16/2024,,,yes,,,,,,,,
enigma-a,5,WinterWonderland_Ice,Breathtaking use of color and form. A masterpiece.,US,,11/25/2024,,,yes,,,,,,,,
enigma-a,3,Rylan,"It's alright, but I've seen more impressive abstracts.",US,,11/23/2024,,,yes,,,,,,,,
enigma-a,4,MontserratianBush_Wild,The interplay of light and dark is fascinating.,US,,11/21/2024,,,yes,,,,,,,,
enigma-a,5,SnowAngel_Frosty,The depth and complexity are absolutely mesmerizing.,US,,11/20/2024,,,yes,,,,,,,,
enigma-b,5,Vulpecula,Stunning interplay of light and shadow. Adds depth to my room.,US,,11/19/2024,,,yes,,,,,,,,
enigma-b,3,EtherealEmerald,"Intriguing, but a bit too chaotic for my taste.",US,,11/25/2024,,,yes,,,,,,,,
enigma-b,5,Lachlan,Powerful and dynamic. It's like motion frozen in time.,US,,11/23/2024,,,yes,,,,,,,,
enigma-b,4,FencingPro,"The colors are striking, but it's somewhat unsettling.",US,,11/21/2024,,,yes,,,,,,,,
enigma-b,5,GlobalDecorDiva,Absolutely mesmerizing. It's like looking into another dimension.,US,,11/20/2024,,,yes,,,,,,,,
enigma-b,4,Arya,Love the energy and movement it brings to the space.,US,,11/19/2024,,,yes,,,,,,,,
enigma-b,3,StormTrooper_21,"It's okay, but I'm not sure I understand it.",US,,11/16/2024,,,yes,,,,,,,,
enigma-b,5,CelestialCypher,A masterpiece of modern abstract art. Worth every penny.,US,,11/13/2024,,,yes,,,,,,,,
enigma-b,3,Greyson,"The contrasts are interesting, but it's a bit overwhelming.",US,,11/20/2024,,,yes,,,,,,,,
enigma-b,4,Elm,Fascinating textures and forms. Always notice something new.,US,,11/24/2024,,,yes,,,,,,,,
enigma-b,3,SyllogismSage,"Growing on me, but still not sure if it fits my style.",US,,11/16/2024,,,yes,,,,,,,,
enigma-b,5,LuxeLootLocator,Absolutely love it! Like having a portal to another world.,US,,11/25/2024,,,yes,,,,,,,,
enigma-b,4,ChicCoutureCollector,The fluidity of the shapes is captivating.,US,,11/23/2024,,,yes,,,,,,,,
enigma-b,5,Baldur,Powerful and emotive. A conversation starter.,US,,11/21/2024,,,yes,,,,,,,,
enigma-b,3,QuantumQuest,"Interesting technique, but the composition is confusing.",US,,11/20/2024,,,yes,,,,,,,,
enigma-b,4,Tulsi,Beautiful balance of chaos and structure.,US,,11/19/2024,,,yes,,,,,,,,
enigma-b,5,EchoExplorer99,Breathtaking. It transforms the entire room.,US,,11/16/2024,,,yes,,,,,,,,
enigma-b,3,Mabel,"The colors are nice, but it's too intense for daily viewing.",US,,11/13/2024,,,yes,,,,,,,,
enigma-b,4,SavvySaverSupreme,Love how it seems to change depending on the light.,US,,11/20/2024,,,yes,,,,,,,,
enigma-b,5,WildernessWalletWarrior,The depth and layering are incredible. Always captivating.,US,,11/24/2024,,,yes,,,,,,,,
enigma-b,4,QuantumQuest,Powerful use of color and form. Really draws the eye.,US,,11/16/2024,,,yes,,,,,,,,
enigma-b,5,Rylie,It's like having a window into a dream. Absolutely love it!,US,,11/25/2024,,,yes,,,,,,,,
enigma-b,3,IonInferno,"The blue is striking, but overall it's too disorganized.",US,,11/23/2024,,,yes,,,,,,,,
enigma-b,4,Milo,Intriguing play of light and dark. Very emotional.,US,,11/21/2024,,,yes,,,,,,,,
enigma-b,5,CanadianLabradorTea_Earthy,Mesmerizing. I can stare at it for hours and see new things.,US,,11/20/2024,,,yes,,,,,,,,
enigma-b,4,Spencer,The sense of movement is really captivating.,US,,11/19/2024,,,yes,,,,,,,,
enigma-b,5,Rhys,The interplay of colors and shapes is simply masterful.,US,,11/25/2024,,,yes,,,,,,,,
enigma-b,3,Chloe,"Interesting, but a bit too dark and brooding for my space.",US,,11/23/2024,,,yes,,,,,,,,
enigma-b,4,Desmond,Love the energy it brings to the room.,US,,11/21/2024,,,yes,,,,,,,,
enigma-b,5,Rosemary,The complexity and depth are absolutely stunning.,US,,11/20/2024,,,yes,,,,,,,,
enigma-b,4,SingingSiren,Powerful and evocative. Really stirs the imagination.,US,,11/19/2024,,,yes,,,,,,,,
enigma-b,5,PillowPurchaserPro,Breathtaking use of color and form. A true conversation piece.,US,,11/16/2024,,,yes,,,,,,,,
enigma-b,4,OrganicFoodBuyer,The fluidity of the forms is really eye-catching.,US,,11/13/2024,,,yes,,,,,,,,
enigma-b,5,PlasmaProton,Absolutely love it! So much depth and emotion.,US,,11/20/2024,,,yes,,,,,,,,
enigma-b,4,Peony,The contrast between light and dark is striking.,US,,11/24/2024,,,yes,,,,,,,,
enigma-b,5,Jacqueline,It's like having a piece of raw emotion on my wall. Beautiful!,US,,11/16/2024,,,yes,,,,,,,,
enigma-b,4,GlowGetterGuru,Love how it seems to come alive in different lighting.,US,,11/25/2024,,,yes,,,,,,,,
enigma-b,5,AdventurousAccessoryAcquirer,The composition and color choice are absolutely masterful.,US,,11/23/2024,,,yes,,,,,,,,
enigma-b,4,Ash,The dynamic movement really draws you in.,US,,11/21/2024,,,yes,,,,,,,,
enigma-b,5,ExerciseEmporiumExplorer,Absolutely mesmerizing. A true work of art.,US,,11/20/2024,,,yes,,,,,,,,
enigma-b,4,InfinityIllusion,The depth and layering are really impressive.,US,,11/19/2024,,,yes,,,,,,,,
enigma-b,5,QuasarQuantum,The emotion it conveys is powerful and raw.,US,,11/16/2024,,,yes,,,,,,,,
enigma-b,4,VirtualVoyager_21,Love the energy and passion in every brushstroke.,US,,11/13/2024,,,yes,,,,,,,,
enigma-b,5,FitnessTrackerPro,Breathtaking interplay of light and shadow. Worth every penny.,US,,11/20/2024,,,yes,,,,,,,,
enigma-b,4,AetherAurora,The movement and flow are really captivating.,US,,11/24/2024,,,yes,,,,,,,,
enigma-b,5,CondoChicCollector,The depth and complexity are absolutely stunning.,US,,11/16/2024,,,yes,,,,,,,,
enigma-b,4,DecorDiva,The contrast between calm and chaos is intriguing.,US,,11/25/2024,,,yes,,,,,,,,
enigma-b,5,GamerPro365,It's like having a storm of emotions on my wall. Beautiful!,US,,11/23/2024,,,yes,,,,,,,,
enigma-b,4,NetOpsNinja_365,Love how it changes the mood of the room.,US,,11/21/2024,,,yes,,,,,,,,
enigma-b,5,DiningSetDiva,The composition and color palette are masterful.,US,,11/20/2024,,,yes,,,,,,,,
enigma-b,4,Morpheus,The dynamic tension in the piece is captivating.,US,,11/19/2024,,,yes,,,,,,,,
enigma-b,5,ZephyrZone,Absolutely love it! So much depth and passion.,US,,11/25/2024,,,yes,,,,,,,,
enigma-b,3,Ivy,"Interesting, but a bit too intense for everyday viewing.",US,,11/23/2024,,,yes,,,,,,,,
enigma-b,4,VitaminValueHunter,The fluidity and movement are really impressive.,US,,11/21/2024,,,yes,,,,,,,,
enigma-b,5,WallWonderWielder,The emotion it evokes is powerful and raw. Transforms the room.,US,,11/20/2024,,,yes,,,,,,,,
enigma-b,4,PartySuppliesQueen,Love the energy and life it brings to my space.,US,,11/19/2024,,,yes,,,,,,,,
enigma-b,5,Zoe,Breathtaking use of color and form. A true masterpiece.,US,,11/16/2024,,,yes,,,,,,,,
enigma-b,4,ProxyPirate_101,The interplay of light and dark is fascinating.,US,,11/13/2024,,,yes,,,,,,,,
enigma-b,5,BeddinGreekGuru,The depth and complexity are absolutely mesmerizing. Best purchase ever.,US,,11/20/2024,,,yes,,,,,,,,
enigma-d,5,Olive,Absolutely stunning! The colors bring so much life to my room.,US,,11/24/2024,,,yes,,,,,,,,
enigma-d,3,Hazel,"Beautiful colors, but a bit too busy for my taste.",US,,11/16/2024,,,yes,,,,,,,,
enigma-d,5,UrbanForagerFanatic,It's like having a vibrant dream on my wall. Love it!,US,,11/25/2024,,,yes,,,,,,,,
enigma-d,3,SunsetChaser_Dusk,"Interesting, but doesn't quite match my decor as I hoped.",US,,11/23/2024,,,yes,,,,,,,,
enigma-d,5,Veronica,The energy in this piece is incredible. Lifts my mood every day.,US,,11/21/2024,,,yes,,,,,,,,
enigma-d,4,CanvasCreative,Love how the colors flow and blend. It's mesmerizing.,US,,11/20/2024,,,yes,,,,,,,,
enigma-d,3,Jordan,"It's okay, but I'm not sure I ""get"" it.",US,,11/19/2024,,,yes,,,,,,,,
enigma-d,5,AetherAscent,A true masterpiece of modern art. Worth every penny.,US,,11/16/2024,,,yes,,,,,,,,
enigma-d,3,Bentley,"The vibrancy is nice, but it's a bit too abstract for me.",US,,11/13/2024,,,yes,,,,,,,,
enigma-d,4,Penelope,Fascinating interplay of shapes and hues. Always see something new.,US,,11/20/2024,,,yes,,,,,,,,
enigma-d,3,NovaNexus,"Growing on me, but still adjusting to its boldness.",US,,11/24/2024,,,yes,,,,,,,,
enigma-d,5,NeonNirvana,It's like having a portal to a magical world. Absolutely love it!,US,,11/16/2024,,,yes,,,,,,,,
enigma-d,4,PixelPursuit,The fluidity of the forms is captivating.,US,,11/25/2024,,,yes,,,,,,,,
enigma-d,3,StackSage_365,"It's alright, but doesn't evoke strong feelings.",US,,11/23/2024,,,yes,,,,,,,,
enigma-d,5,Primrose,Powerful and emotive. A perfect centerpiece for my living room.,US,,11/21/2024,,,yes,,,,,,,,
enigma-d,3,CloudNativeChamp,"Interesting use of color, but the composition is confusing.",US,,11/20/2024,,,yes,,,,,,,,
enigma-d,4,PermaculturePioneer,Beautiful balance of warm and cool tones.,US,,11/19/2024,,,yes,,,,,,,,
enigma-d,5,Austin,Breathtaking. It transforms the entire atmosphere of the room.,US,,11/25/2024,,,yes,,,,,,,,
enigma-d,3,Olive,"The colors are nice, but it's too intense for everyday viewing.",US,,11/23/2024,,,yes,,,,,,,,
enigma-d,4,IntegerProgrammIccon,Love how it seems to change depending on the lighting.,US,,11/21/2024,,,yes,,,,,,,,
enigma-d,5,Charlie,The depth and movement in this piece are incredible.,US,,11/20/2024,,,yes,,,,,,,,
enigma-d,4,Iris,Powerful use of color. Really draws the eye.,US,,11/19/2024,,,yes,,,,,,,,
enigma-d,5,BakingSuppliesFan,It's like having a burst of joy on my wall. Love it!,US,,11/16/2024,,,yes,,,,,,,,
enigma-d,3,GreedyGamer_365,"The turquoise is striking, but overall it's too disorganized.",US,,11/13/2024,,,yes,,,,,,,,
enigma-d,4,Amir,Intriguing play of warm and cool colors. Very dynamic.,US,,11/20/2024,,,yes,,,,,,,,
enigma-d,5,ArgentineMate_Bitter,Mesmerizing. I can stare at it for hours and see new things.,US,,11/24/2024,,,yes,,,,,,,,
enigma-d,4,Wanderlust_Soul,The sense of movement is really captivating.,US,,11/16/2024,,,yes,,,,,,,,
enigma-d,5,PuzzleMaster,The interplay of colors and shapes is simply masterful.,US,,11/25/2024,,,yes,,,,,,,,
enigma-d,3,PuerhTea_Earthy,"Interesting, but a bit too bright for my space.",US,,11/23/2024,,,yes,,,,,,,,
enigma-d,4,Madison,Love the energy it brings to the room.,US,,11/21/2024,,,yes,,,,,,,,
enigma-d,5,Lux,The complexity and vibrancy are absolutely stunning.,US,,11/20/2024,,,yes,,,,,,,,
enigma-d,4,Licorice,Powerful and evocative. Really stirs the imagination.,US,,11/19/2024,,,yes,,,,,,,,
enigma-d,5,SolarSapphire,Breathtaking use of color. A true conversation piece.,US,,11/16/2024,,,yes,,,,,,,,
enigma-d,4,Clara,The fluidity of the forms is really eye-catching.,US,,11/13/2024,,,yes,,,,,,,,
enigma-d,5,PetLover_365,Absolutely love it! So much depth and emotion.,US,,11/20/2024,,,yes,,,,,,,,
enigma-d,4,CrosswordCracker,The contrast between soft and bold colors is striking.,US,,11/24/2024,,,yes,,,,,,,,
enigma-d,5,Selena,It's like having a piece of pure joy on my wall. Beautiful!,US,,11/16/2024,,,yes,,,,,,,,
enigma-d,4,RenewableRetailer,Love how it seems to come alive in different lighting.,US,,11/25/2024,,,yes,,,,,,,,
enigma-d,5,LSTMLegend_99,The composition and color choice are absolutely masterful.,US,,11/23/2024,,,yes,,,,,,,,
enigma-d,4,AnguillanMint_Refreshing,The dynamic swirls really draw you in.,US,,11/21/2024,,,yes,,,,,,,,
enigma-d,5,SunglassesSeeker,Absolutely mesmerizing. A true work of art.,US,,11/20/2024,,,yes,,,,,,,,
enigma-d,4,TidalPowerPurchaser,The depth and layering of colors are really impressive.,US,,11/19/2024,,,yes,,,,,,,,
enigma-d,5,Frankie,The emotion it conveys is vibrant and uplifting.,US,,11/25/2024,,,yes,,,,,,,,
enigma-d,4,Aquila,Love the energy and passion in every brushstroke.,US,,11/23/2024,,,yes,,,,,,,,
enigma-d,5,Red,Breathtaking interplay of colors. Worth every penny.,US,,11/21/2024,,,yes,,,,,,,,
enigma-d,4,XBoxExplorerExtraordinaire,The movement and flow are really captivating.,US,,11/20/2024,,,yes,,,,,,,,
enigma-d,5,Valerian,The depth and complexity are absolutely stunning.,US,,11/19/2024,,,yes,,,,,,,,
enigma-d,4,Lily,The contrast between fluid and sharp forms is intriguing.,US,,11/16/2024,,,yes,,,,,,,,
enigma-d,5,PriceMatchMaster,It's like having a colorful ocean on my wall. Beautiful!,US,,11/13/2024,,,yes,,,,,,,,
enigma-d,4,Layla,Love how it changes the mood of the room.,US,,11/20/2024,,,yes,,,,,,,,
enigma-d,5,Jordyn,The composition and color palette are masterful.,US,,11/24/2024,,,yes,,,,,,,,
enigma-d,4,NorthernMarianaIslandsNoni_Exotic,The dynamic tension in the piece is captivating.,US,,11/16/2024,,,yes,,,,,,,,
enigma-d,5,Jordan,Absolutely love it! So much vibrancy and life.,US,,11/25/2024,,,yes,,,,,,,,
enigma-d,3,Emilia,"Interesting, but a bit too bold for everyday viewing.",US,,11/23/2024,,,yes,,,,,,,,
enigma-d,4,ElectronicsEmporiumExplorer,The fluidity and movement are really impressive.,US,,11/21/2024,,,yes,,,,,,,,
enigma-d,5,Slippery,The joy it evokes is powerful. Transforms the room.,US,,11/20/2024,,,yes,,,,,,,,
enigma-d,4,August,Love the energy and life it brings to my space.,US,,11/19/2024,,,yes,,,,,,,,
enigma-d,5,InductionIdol,Breathtaking use of color. A true masterpiece.,US,,11/16/2024,,,yes,,,,,,,,
cryptic-cartographic-abstraction,4,Kinsley,Intriguing minimalist piece. Adds a sophisticated touch to my space.,US,,11/13/2024,,,yes,,,,,,,,
cryptic-cartographic-abstraction,5,WallArtWizard,Love the subtle color palette and geometric elements.,US,,11/20/2024,,,yes,,,,,,,,
cryptic-cartographic-abstraction,3,Yarrow,"It's okay, but doesn't evoke any strong feelings.",US,,11/24/2024,,,yes,,,,,,,,
cryptic-cartographic-abstraction,5,Lily,Fascinating interplay of symbols and shapes. Always find new details.,US,,11/16/2024,,,yes,,,,,,,,
cryptic-cartographic-abstraction,4,Avery,The muted tones work well in my modern decor.,US,,11/25/2024,,,yes,,,,,,,,
cryptic-cartographic-abstraction,5,ExquisiteEliteExplorer,Powerful in its simplicity. A true conversation starter.,US,,11/23/2024,,,yes,,,,,,,,
cryptic-cartographic-abstraction,3,CraftBeerBuyer,"Interesting concept, but too bland for my taste.",US,,11/21/2024,,,yes,,,,,,,,
cryptic-cartographic-abstraction,4,FitnessFanatic_23,Perfect balance of structure and abstraction.,US,,11/20/2024,,,yes,,,,,,,,
cryptic-cartographic-abstraction,5,ParticleSwarmPro_7,Absolutely love it! Like having a piece of a gallery at home.,US,,11/19/2024,,,yes,,,,,,,,
cryptic-cartographic-abstraction,4,HonduranAllspice_Warm,The subtle textures and layers are captivating.,US,,11/25/2024,,,yes,,,,,,,,
cryptic-cartographic-abstraction,5,FlavorExplorerExtraordinaire,Thought-provoking and elegant. Enhances my living room.,US,,11/23/2024,,,yes,,,,,,,,
cryptic-cartographic-abstraction,3,Braxton,"Interesting use of space, but overall too sparse.",US,,11/21/2024,,,yes,,,,,,,,
cryptic-cartographic-abstraction,4,Maximus,Love the mysterious quality. Sparks imagination.,US,,11/20/2024,,,yes,,,,,,,,
cryptic-cartographic-abstraction,5,IonIcicle,Transforms the room with its quiet presence.,US,,11/19/2024,,,yes,,,,,,,,
cryptic-cartographic-abstraction,3,FairTradeAficionado,"The simplicity is nice, but it's too stark for my home.",US,,11/16/2024,,,yes,,,,,,,,
cryptic-cartographic-abstraction,4,InterstellarInvestor,Appreciate how it changes with different lighting.,US,,11/13/2024,,,yes,,,,,,,,
cryptic-cartographic-abstraction,5,FolkStrummer_Acoustic,The subtle complexity grows on you over time.,US,,11/20/2024,,,yes,,,,,,,,
cryptic-cartographic-abstraction,4,WineTasterShopper,Powerful in its restraint. Really draws the eye.,US,,11/24/2024,,,yes,,,,,,,,
cryptic-cartographic-abstraction,5,Julianna,It's like having a modern puzzle on my wall. Love it!,US,,11/16/2024,,,yes,,,,,,,,
cryptic-cartographic-abstraction,3,LoftLivingLover,"The grey tones are calming, but it lacks excitement.",US,,11/25/2024,,,yes,,,,,,,,
cryptic-cartographic-abstraction,4,AccessoriesAddict,Intriguing balance of structure and fluidity.,US,,11/23/2024,,,yes,,,,,,,,
cryptic-cartographic-abstraction,5,AetherAmbrosia,Mesmerizing. I see something new every time I look.,US,,11/21/2024,,,yes,,,,,,,,
cryptic-cartographic-abstraction,4,VloggingVirtuoso,The composition is subtly compelling.,US,,11/20/2024,,,yes,,,,,,,,
cryptic-cartographic-abstraction,5,UpcycleUniqueFindsUnited,The interplay of lines and shapes is masterful.,US,,11/19/2024,,,yes,,,,,,,,
cryptic-cartographic-abstraction,4,Gunnar,Adds a sense of mystery to my room.,US,,11/16/2024,,,yes,,,,,,,,
cryptic-cartographic-abstraction,5,MovieBuff_1985,The subtlety and depth are absolutely stunning.,US,,11/13/2024,,,yes,,,,,,,,
cryptic-cartographic-abstraction,4,MountainGoat_Climb,Provocative and thoughtful. Stirs the imagination.,US,,11/20/2024,,,yes,,,,,,,,
cryptic-cartographic-abstraction,5,Snapdragon,Perfect blend of simplicity and complexity.,US,,11/24/2024,,,yes,,,,,,,,
cryptic-cartographic-abstraction,4,Claire,The minimalist aesthetic is really eye-catching.,US,,11/16/2024,,,yes,,,,,,,,
cryptic-cartographic-abstraction,5,Lucas,Absolutely love it! So much depth in its simplicity.,US,,11/25/2024,,,yes,,,,,,,,
cryptic-cartographic-abstraction,4,GalacticGlimmer,The contrast between precise and fluid lines is striking.,US,,11/23/2024,,,yes,,,,,,,,
cryptic-cartographic-abstraction,5,Otis,It's like having a piece of modern poetry on my wall.,US,,11/21/2024,,,yes,,,,,,,,
cryptic-cartographic-abstraction,3,Mila,"The concept is interesting, but it's too subtle overall.",US,,11/20/2024,,,yes,,,,,,,,
cryptic-cartographic-abstraction,4,NarrativeNestNavigator,Love how it seems to shift meaning over time.,US,,11/19/2024,,,yes,,,,,,,,
cryptic-cartographic-abstraction,5,Peony,The composition and use of negative space are masterful.,US,,11/25/2024,,,yes,,,,,,,,
cryptic-cartographic-abstraction,4,AetherAgate,The subtle dynamics really draw you in.,US,,11/23/2024,,,yes,,,,,,,,
cryptic-cartographic-abstraction,5,AmericanSamoaLemongrass_Citrus,Absolutely mesmerizing. A true work of contemporary art.,US,,11/21/2024,,,yes,,,,,,,,
cryptic-cartographic-abstraction,3,Wesley,"Interesting, but a bit too stark for my living room.",US,,11/20/2024,,,yes,,,,,,,,
cryptic-cartographic-abstraction,4,NintendoNexusNavigator,The depth and layering are surprisingly complex.,US,,11/19/2024,,,yes,,,,,,,,
cryptic-cartographic-abstraction,5,Ryker,The quiet power it conveys is remarkable.,US,,11/16/2024,,,yes,,,,,,,,
cryptic-cartographic-abstraction,4,Henley,Love the intellectual challenge it presents.,US,,11/13/2024,,,yes,,,,,,,,
cryptic-cartographic-abstraction,5,RootBeerFloat_Vanilla,Breathtaking in its understated elegance.,US,,11/20/2024,,,yes,,,,,,,,
cryptic-cartographic-abstraction,4,VintageSoul_Retro,The balance of form and emptiness is captivating.,US,,11/24/2024,,,yes,,,,,,,,
cryptic-cartographic-abstraction,5,John,The subtle complexity is absolutely stunning.,US,,11/16/2024,,,yes,,,,,,,,
cryptic-cartographic-abstraction,4,YogaMaster,The interplay of geometry and freeform is intriguing.,US,,11/25/2024,,,yes,,,,,,,,
cryptic-cartographic-abstraction,5,PhoenixPulse,It's like having a zen garden on my wall. Beautiful!,US,,11/23/2024,,,yes,,,,,,,,
cryptic-cartographic-abstraction,4,NoSQLNomad_77,Love how it challenges conventional notions of art.,US,,11/21/2024,,,yes,,,,,,,,
cryptic-cartographic-abstraction,5,Coriander,The composition and use of space are masterful.,US,,11/20/2024,,,yes,,,,,,,,
cryptic-cartographic-abstraction,4,GreenThumbGearGrabber,The subtle tension in the piece is captivating.,US,,11/19/2024,,,yes,,,,,,,,
cryptic-cartographic-abstraction,5,CircuitryConnoisseurCollector,Absolutely love it! So much depth in its simplicity.,US,,11/16/2024,,,yes,,,,,,,,
cryptic-cartographic-abstraction,3,MulledWine_Spice,"Interesting, but a bit too understated for my taste.",US,,11/13/2024,,,yes,,,,,,,,
cryptic-cartographic-abstraction,4,Tucker,The minimalism and subtle textures are impressive.,US,,11/20/2024,,,yes,,,,,,,,
cryptic-cartographic-abstraction,5,SecOpsSpecialist,The quiet sophistication it brings is transformative.,US,,11/24/2024,,,yes,,,,,,,,
cryptic-cartographic-abstraction,4,NegroniClassic_Bitter,Love the intellectual stimulation it provides.,US,,11/16/2024,,,yes,,,,,,,,
cryptic-cartographic-abstraction,5,CosmicCrux,A perfect embodiment of less is more. Stunning!,US,,11/25/2024,,,yes,,,,,,,,
minimalist-aquatic-abstraction,5,Helios,Serene and calming. Perfect for my meditation room.,US,,11/23/2024,,,yes,,,,,,,,
minimalist-aquatic-abstraction,3,Elio,"The pastel colors are nice, but the composition feels unbalanced.",US,,11/21/2024,,,yes,,,,,,,,
minimalist-aquatic-abstraction,5,Jasmine,Love the ethereal quality. It's like a window to another world.,US,,11/20/2024,,,yes,,,,,,,,
minimalist-aquatic-abstraction,4,CoastalChicChaser,Subtle yet captivating. It grows on you over time.,US,,11/19/2024,,,yes,,,,,,,,
minimalist-aquatic-abstraction,3,FijianLemongrass_Citrus,"The soft palette is soothing, but I wish it had more depth.",US,,11/25/2024,,,yes,,,,,,,,
minimalist-aquatic-abstraction,4,RubyRenegade_23,Intriguing contrast between the fluid strokes and geometric butterfly.,US,,11/23/2024,,,yes,,,,,,,,
minimalist-aquatic-abstraction,5,Harrison,Absolutely love it! It's both calming and thought-provoking.,US,,11/21/2024,,,yes,,,,,,,,
minimalist-aquatic-abstraction,4,Calendula,The colors remind me of a peaceful ocean. Very relaxing.,US,,11/20/2024,,,yes,,,,,,,,
minimalist-aquatic-abstraction,5,ComicBookCollector,Beautifully captures the essence of tranquility and transformation.,US,,11/19/2024,,,yes,,,,,,,,
minimalist-aquatic-abstraction,4,Phoenix,Adds a touch of whimsy and elegance to my living room.,US,,11/16/2024,,,yes,,,,,,,,
minimalist-aquatic-abstraction,4,Kenna,The soft hues work perfectly with my decor.,US,,11/13/2024,,,yes,,,,,,,,
minimalist-aquatic-abstraction,5,VirginMary_Tomato,It's like a breath of fresh air on my wall. Love it!,US,,11/20/2024,,,yes,,,,,,,,
minimalist-aquatic-abstraction,4,SwimwearStockist,Creates a peaceful atmosphere in my bedroom.,US,,11/24/2024,,,yes,,,,,,,,
minimalist-aquatic-abstraction,5,SavannaExplorer_Wild,The subtle color transitions are mesmerizing.,US,,11/16/2024,,,yes,,,,,,,,
minimalist-aquatic-abstraction,4,Fornax,Perfect balance of abstraction and delicacy.,US,,11/25/2024,,,yes,,,,,,,,
minimalist-aquatic-abstraction,5,Orchid,Absolutely stunning! A conversation starter for sure.,US,,11/23/2024,,,yes,,,,,,,,
minimalist-aquatic-abstraction,4,ArtfulAccent,The juxtaposition of styles is intriguing.,US,,11/21/2024,,,yes,,,,,,,,
minimalist-aquatic-abstraction,3,HeirloomHunter,Doesn't evoke any strong feelings. Just there.,US,,11/20/2024,,,yes,,,,,,,,
minimalist-aquatic-abstraction,5,Ginger,It's like having a piece of serenity on my wall.,US,,11/19/2024,,,yes,,,,,,,,
minimalist-aquatic-abstraction,4,MojitoVirgin_Mocktail,Subtle yet impactful. Adds character to my space.,US,,11/16/2024,,,yes,,,,,,,,
minimalist-aquatic-abstraction,5,CanvasConceptor,The dreamy quality of the piece is captivating.,US,,11/13/2024,,,yes,,,,,,,,
minimalist-aquatic-abstraction,3,CosmopolitanPink_Cranberry,"It's fine, but doesn't wow me.",US,,11/20/2024,,,yes,,,,,,,,
minimalist-aquatic-abstraction,4,Mila,Love how it brings a sense of calm to my hectic office.,US,,11/24/2024,,,yes,,,,,,,,
minimalist-aquatic-abstraction,5,Echinacea,The simplicity is its strength. Beautiful piece.,US,,11/16/2024,,,yes,,,,,,,,
minimalist-aquatic-abstraction,3,Sage,"The soft colors are lovely, but it needs more contrast.",US,,11/25/2024,,,yes,,,,,,,,
minimalist-aquatic-abstraction,5,InfinityImpulse,Perfectly captures the delicate beauty of nature.,US,,11/23/2024,,,yes,,,,,,,,
minimalist-aquatic-abstraction,4,Miles,It's growing on me. Subtle beauty reveals itself over time.,US,,11/21/2024,,,yes,,,,,,,,
minimalist-aquatic-abstraction,3,Viggo,"The abstract flows beautifully, but the butterfly feels forced.",US,,11/20/2024,,,yes,,,,,,,,
minimalist-aquatic-abstraction,5,GrammarlyGuru_7,Elegant and thought-provoking. A great addition to my collection.,US,,11/19/2024,,,yes,,,,,,,,
minimalist-aquatic-abstraction,4,Stella,The combination of styles is unique and refreshing.,US,,11/25/2024,,,yes,,,,,,,,
minimalist-aquatic-abstraction,5,CoffeeAddict21,Transforms the energy of the room. Love the tranquil vibes.,US,,11/23/2024,,,yes,,,,,,,,
minimalist-aquatic-abstraction,4,RemoteRegionRetailer,Subtle yet powerful. It's a visual whisper.,US,,11/21/2024,,,yes,,,,,,,,
minimalist-aquatic-abstraction,5,Cruz,The interplay between abstract and figurative is fascinating.,US,,11/20/2024,,,yes,,,,,,,,
minimalist-aquatic-abstraction,4,Reese,Adds a touch of sophistication to my space.,US,,11/19/2024,,,yes,,,,,,,,
minimalist-aquatic-abstraction,5,Mullein,It's like a visual haiku. Simple yet profound.,US,,11/16/2024,,,yes,,,,,,,,
minimalist-aquatic-abstraction,4,InDesignIdol_99,The calming effect it has on the room is remarkable.,US,,11/13/2024,,,yes,,,,,,,,
minimalist-aquatic-abstraction,5,LanguageLover,"Absolutely love the dreamy, ethereal quality.",US,,11/20/2024,,,yes,,,,,,,,
minimalist-aquatic-abstraction,4,Joseph,The subtle color variations are beautifully executed.,US,,11/24/2024,,,yes,,,,,,,,
minimalist-aquatic-abstraction,5,Maxwell,Perfect embodiment of 'less is more'. Stunning in its simplicity.,US,,11/16/2024,,,yes,,,,,,,,
minimalist-aquatic-abstraction,4,MartialArtsMaster,Brings a sense of peace and lightness to my space.,US,,11/25/2024,,,yes,,,,,,,,
minimalist-aquatic-abstraction,5,NicaraguanCedron_Lemon,The delicate balance between structure and fluidity is captivating.,US,,11/23/2024,,,yes,,,,,,,,
minimalist-aquatic-abstraction,4,VortexVanguard,Love how it seems to change with different lighting.,US,,11/21/2024,,,yes,,,,,,,,
minimalist-aquatic-abstraction,5,FederalistFanShopper,It's like a visual meditation. Calming and centering.,US,,11/20/2024,,,yes,,,,,,,,
minimalist-aquatic-abstraction,3,DeodorantDiva,"Interesting concept, but feels incomplete somehow.",US,,11/19/2024,,,yes,,,,,,,,
minimalist-aquatic-abstraction,4,VetApprovedValueHunter,Adds a touch of whimsy and elegance to my room.,US,,11/16/2024,,,yes,,,,,,,,
minimalist-aquatic-abstraction,5,Ashwagandha,Perfectly captures the essence of tranquility.,US,,11/13/2024,,,yes,,,,,,,,
minimalist-aquatic-abstraction,3,CubanYerbaBuena_Mint,"It's fine, but doesn't evoke strong emotions.",US,,11/20/2024,,,yes,,,,,,,,
minimalist-aquatic-abstraction,4,Zander,The subtle complexity grows on you over time.,US,,11/24/2024,,,yes,,,,,,,,
minimalist-aquatic-abstraction,5,Gabriel,Absolutely love it! Both calming and thought-provoking.,US,,11/16/2024,,,yes,,,,,,,,
minimalist-aquatic-abstraction,3,FruitSmoothie_Berry,"The colors are soothing, but it lacks depth.",US,,11/25/2024,,,yes,,,,,,,,
minimalist-aquatic-abstraction,4,Lavender,Intriguing juxtaposition of styles. Always find new details.,US,,11/23/2024,,,yes,,,,,,,,
minimalist-aquatic-abstraction,5,Morpheus,It's like having a piece of a dream on my wall. Beautiful!,US,,11/21/2024,,,yes,,,,,,,,
minimalist-aquatic-abstraction,4,P_vs_NPPonderr,The ethereal quality is captivating. A great focal point.,US,,11/20/2024,,,yes,,,,,,,,
minimalist-aquatic-abstraction,5,ModernMinimalist,Perfect blend of abstraction and delicacy. Worth every penny.,US,,11/19/2024,,,yes,,,,,,,,
minimalist-aquatic-abstraction,4,BookwormBuyer,Love the sense of movement in the brushstrokes.,US,,11/25/2024,,,yes,,,,,,,,
minimalist-aquatic-abstraction,5,Ada,Transforms the entire atmosphere of the room. Stunning!,US,,11/23/2024,,,yes,,,,,,,,
ethereal-aquatic-currents,5,Serena,Ethereal and soothing. It's like a visual lullaby.,US,,11/21/2024,,,yes,,,,,,,,
ethereal-aquatic-currents,3,TaigaTrapper_Fur,"The pastel tones are nice, but the composition feels a bit chaotic.",US,,11/20/2024,,,yes,,,,,,,,
ethereal-aquatic-currents,4,RecyclingRenegade,Love the flowing lines. Reminds me of a gentle breeze.,US,,11/19/2024,,,yes,,,,,,,,
ethereal-aquatic-currents,5,Sebastian,Perfect balance of structure and fluidity. Absolutely mesmerizing.,US,,11/16/2024,,,yes,,,,,,,,
ethereal-aquatic-currents,4,Marigold,The soft color palette works wonderfully in my bedroom.,US,,11/13/2024,,,yes,,,,,,,,
ethereal-aquatic-currents,5,VenezuelanGuayusa_Amazon,It's like looking at clouds. Always see something new.,US,,11/20/2024,,,yes,,,,,,,,
ethereal-aquatic-currents,3,PhoenixPulse,The scribbles on the sides feel out of place.,US,,11/24/2024,,,yes,,,,,,,,
ethereal-aquatic-currents,4,Emmett,Adds a touch of serenity to my living space.,US,,11/16/2024,,,yes,,,,,,,,
ethereal-aquatic-currents,5,Ronan,The subtle color transitions are beautifully done.,US,,11/25/2024,,,yes,,,,,,,,
ethereal-aquatic-currents,4,LampLoverBuyer,Love how it seems to change with different lighting.,US,,11/23/2024,,,yes,,,,,,,,
ethereal-aquatic-currents,5,Torin,Captures the essence of tranquility. A true masterpiece.,US,,11/21/2024,,,yes,,,,,,,,
ethereal-aquatic-currents,3,AxureAce_2023,"The colors are soothing, but the composition lacks focus.",US,,11/20/2024,,,yes,,,,,,,,
ethereal-aquatic-currents,4,LunarLightning,Intriguing interplay between geometric and organic forms.,US,,11/19/2024,,,yes,,,,,,,,
ethereal-aquatic-currents,5,ImaginationInventoryInspector,It's like having a piece of a dream on my wall. Love it!,US,,11/16/2024,,,yes,,,,,,,,
ethereal-aquatic-currents,3,WallArtWorshipper,"Nice attempt, but doesn't evoke strong emotions.",US,,11/13/2024,,,yes,,,,,,,,
ethereal-aquatic-currents,4,WaterConservationWizard,The flowing lines create a sense of movement and calm.,US,,11/20/2024,,,yes,,,,,,,,
ethereal-aquatic-currents,5,InfinityIgnition,Absolutely stunning. A perfect focal point for my room.,US,,11/24/2024,,,yes,,,,,,,,
ethereal-aquatic-currents,4,GingerAleFizz_Spicy,Subtle yet captivating. Grows on you over time.,US,,11/16/2024,,,yes,,,,,,,,
ethereal-aquatic-currents,5,Jace,It's like a visual representation of a gentle stream. Beautiful!,US,,11/25/2024,,,yes,,,,,,,,
ethereal-aquatic-currents,4,Apollo,Adds a touch of sophistication to my space.,US,,11/23/2024,,,yes,,,,,,,,
ethereal-aquatic-currents,5,Tulip,Perfect blend of color and movement. Worth every penny.,US,,11/21/2024,,,yes,,,,,,,,
ethereal-aquatic-currents,4,ScubaDivingBuyer,The delicate balance of colors is really appealing.,US,,11/20/2024,,,yes,,,,,,,,
ethereal-aquatic-currents,5,Lennon,Transforms the entire atmosphere of the room. Stunning!,US,,11/19/2024,,,yes,,,,,,,,
ethereal-aquatic-currents,4,Dandelion,"Creates a calm, meditative atmosphere in my study.",US,,11/25/2024,,,yes,,,,,,,,
ethereal-aquatic-currents,5,Ezio,The subtle complexity is captivating. Always notice new details.,US,,11/23/2024,,,yes,,,,,,,,
ethereal-aquatic-currents,4,Lazarus,Love how it complements my minimalist decor.,US,,11/21/2024,,,yes,,,,,,,,
ethereal-aquatic-currents,5,VintageVinylFan,"It's like a window into a serene, abstract world.",US,,11/20/2024,,,yes,,,,,,,,
ethereal-aquatic-currents,3,Saffron,"Interesting, but lacks the impact I was hoping for.",US,,11/19/2024,,,yes,,,,,,,,
ethereal-aquatic-currents,4,DecimalDaredevil,The flowing lines evoke a sense of peace and movement.,US,,11/16/2024,,,yes,,,,,,,,
ethereal-aquatic-currents,5,MemeCreator,Absolutely love it! Both calming and thought-provoking.,US,,11/13/2024,,,yes,,,,,,,,
ethereal-aquatic-currents,3,Daisy,"The pastel palette is nice, but it needs more contrast.",US,,11/20/2024,,,yes,,,,,,,,
ethereal-aquatic-currents,4,AestheticArtifactAcquirer,Intriguing mix of structure and fluidity. Very pleasing.,US,,11/24/2024,,,yes,,,,,,,,
ethereal-aquatic-currents,5,Ace,Perfect embodiment of 'less is more'. Beautifully executed.,US,,11/16/2024,,,yes,,,,,,,,
ethereal-aquatic-currents,4,Elderberry,The subtle interplay of colors is really well done.,US,,11/25/2024,,,yes,,,,,,,,
ethereal-aquatic-currents,5,AstralAura,It's like having a piece of serenity on my wall.,US,,11/23/2024,,,yes,,,,,,,,
ethereal-aquatic-currents,3,OrangeJuice_Pulp,"The concept is interesting, but the execution is underwhelming.",US,,11/21/2024,,,yes,,,,,,,,
ethereal-aquatic-currents,4,Norah,"Adds a dreamy, ethereal quality to my space.",US,,11/20/2024,,,yes,,,,,,,,
ethereal-aquatic-currents,5,QuasarQuill,The balance between structure and chaos is fascinating.,US,,11/19/2024,,,yes,,,,,,,,
ethereal-aquatic-currents,4,LexiconLegend_42,Love how it brings a sense of movement to a static space.,US,,11/16/2024,,,yes,,,,,,,,
ethereal-aquatic-currents,5,UniversalUniqueFinds,Captures the essence of tranquility perfectly.,US,,11/13/2024,,,yes,,,,,,,,
ethereal-aquatic-currents,3,MinimalistMasterPro,"It's okay, but doesn't really speak to me.",US,,11/20/2024,,,yes,,,,,,,,
ethereal-aquatic-currents,4,Olive,"The flowing lines create a soothing, hypnotic effect.",US,,11/24/2024,,,yes,,,,,,,,
ethereal-aquatic-currents,5,Iris,Absolutely mesmerizing. A conversation starter for sure.,US,,11/16/2024,,,yes,,,,,,,,
ethereal-aquatic-currents,3,MeadowDancer_Flower,"The colors are calming, but the composition is confusing.",US,,11/25/2024,,,yes,,,,,,,,
ethereal-aquatic-currents,4,SolarSynergy,Interesting play between geometric and organic forms.,US,,11/23/2024,,,yes,,,,,,,,
ethereal-aquatic-currents,5,QuantumCircuitQing,It's like a visual representation of a gentle breeze. Beautiful!,US,,11/21/2024,,,yes,,,,,,,,
ethereal-aquatic-currents,3,David,Not sure about the purpose of the scribbles on the sides.,US,,11/20/2024,,,yes,,,,,,,,
ethereal-aquatic-currents,4,GlasswareGuru,Creates a peaceful atmosphere in my home office.,US,,11/19/2024,,,yes,,,,,,,,
ethereal-aquatic-currents,5,Poseidon,Perfect balance of simplicity and complexity. Love it!,US,,11/25/2024,,,yes,,,,,,,,
ethereal-aquatic-currents,3,Casimir,"It's fine, but I've seen more impressive abstract works.",US,,11/23/2024,,,yes,,,,,,,,
ethereal-aquatic-currents,4,VortexVoyager,The subtle color variations are beautifully executed.,US,,11/21/2024,,,yes,,,,,,,,
ethereal-aquatic-currents,5,GalacticGlow,Transforms the energy of the room. Absolutely worth it.,US,,11/20/2024,,,yes,,,,,,,,
ethereal-aquatic-currents,3,AlphaBetaPrunerPro,"Interesting concept, but the execution feels incomplete.",US,,11/19/2024,,,yes,,,,,,,,
ethereal-aquatic-currents,4,Gavin,Love how it seems to float on the wall. Very ethereal.,US,,11/16/2024,,,yes,,,,,,,,
ethereal-aquatic-currents,5,Begonia,It's like looking at a dream. Captivating and soothing.,US,,11/13/2024,,,yes,,,,,,,,
ethereal-aquatic-currents,3,CelestialCascade,"The pastel colors are nice, but it lacks visual impact.",US,,11/20/2024,,,yes,,,,,,,,
ethereal-aquatic-currents,4,NimbusNoir,Adds a touch of elegance and mystery to my living room.,US,,11/24/2024,,,yes,,,,,,,,
ethereal-aquatic-currents,5,Natalie,Perfectly captures the essence of serenity. A masterpiece.,US,,11/16/2024,,,yes,,,,,,,,
ethereal-aquatic-currents,3,Connor,"It's growing on me, but still not my favorite piece.",US,,11/25/2024,,,yes,,,,,,,,
ethereal-aquatic-currents,4,William,The interplay of soft colors and gentle lines is lovely.,US,,11/23/2024,,,yes,,,,,,,,
ethereal-aquatic-currents,5,Noa,Absolutely love it! It's like owning a piece of calm.,US,,11/21/2024,,,yes,,,,,,,,
ethereal-aquatic-currents,3,Reagan,"Nice colors, but the composition feels a bit random.",US,,11/20/2024,,,yes,,,,,,,,
ethereal-aquatic-currents,4,ClassicRockFan,Creates a focal point without being overwhelming. Well done.,US,,11/19/2024,,,yes,,,,,,,,
ethereal-aquatic-currents,5,Caroline,It's a perfect blend of movement and stillness. Beautiful!,US,,11/16/2024,,,yes,,,,,,,,
cryptic-urban-mosaic,4,CanyonExplorer_Echo,Intriguing puzzle-like composition. Keeps drawing me in.,US,,11/13/2024,,,yes,,,,,,,,
cryptic-urban-mosaic,5,PrismaPlanet,Love the muted color palette and geometric elements.,US,,11/20/2024,,,yes,,,,,,,,
cryptic-urban-mosaic,5,Sage,Fascinating interplay of texture and form. Always find new details.,US,,11/24/2024,,,yes,,,,,,,,
cryptic-urban-mosaic,4,VermicompostingVixen,The subtle color variations create a calming effect.,US,,11/16/2024,,,yes,,,,,,,,
cryptic-urban-mosaic,5,AntiguanSoursop_Sweet,Perfect blend of structure and abstraction. A true conversation piece.,US,,11/25/2024,,,yes,,,,,,,,
cryptic-urban-mosaic,3,Orion,"Interesting concept, but too fragmented for my taste.",US,,11/23/2024,,,yes,,,,,,,,
cryptic-urban-mosaic,4,Waylon,Reminds me of ancient cave paintings. Very evocative.,US,,11/21/2024,,,yes,,,,,,,,
cryptic-urban-mosaic,3,ZenithZeal,"Growing on me, but still unsure if it fits my style.",US,,11/20/2024,,,yes,,,,,,,,
cryptic-urban-mosaic,5,Mathias,Absolutely love it! Like having a modern artifact on my wall.,US,,11/19/2024,,,yes,,,,,,,,
cryptic-urban-mosaic,4,Sage,The layered composition tells a story. Very thought-provoking.,US,,11/25/2024,,,yes,,,,,,,,
cryptic-urban-mosaic,3,QubitQuester_2023,"It's alright, but doesn't quite match my expectations.",US,,11/23/2024,,,yes,,,,,,,,
cryptic-urban-mosaic,5,Emilio,Powerful and enigmatic. Enhances the intellectual vibe of my study.,US,,11/21/2024,,,yes,,,,,,,,
cryptic-urban-mosaic,3,DesertSand_Dune,"Interesting use of space, but overall too cluttered.",US,,11/20/2024,,,yes,,,,,,,,
cryptic-urban-mosaic,4,CocktailMixer,Love the mysterious quality. Sparks imagination.,US,,11/19/2024,,,yes,,,,,,,,
cryptic-urban-mosaic,5,ArtfulAtmosphere,Transforms the room with its quiet complexity.,US,,11/16/2024,,,yes,,,,,,,,
cryptic-urban-mosaic,3,Skylar,"The fragmented style is interesting, but it's too busy for my home.",US,,11/13/2024,,,yes,,,,,,,,
cryptic-urban-mosaic,4,AsanaAce_101,Appreciate how it changes with different lighting and viewing angles.,US,,11/20/2024,,,yes,,,,,,,,
cryptic-urban-mosaic,5,GalacticGaze,The subtle complexity grows on you over time.,US,,11/24/2024,,,yes,,,,,,,,
cryptic-urban-mosaic,3,Magnolia,"Interesting, but doesn't quite work with my other decor.",US,,11/16/2024,,,yes,,,,,,,,
cryptic-urban-mosaic,4,GeneticAlgorithmGuru,Powerful in its ambiguity. Really draws the eye.,US,,11/25/2024,,,yes,,,,,,,,
cryptic-urban-mosaic,5,Jasmine,It's like having a modern archaeological find on my wall. Love it!,US,,11/23/2024,,,yes,,,,,,,,
cryptic-urban-mosaic,3,WorldWideShopper,"The muted tones are nice, but it lacks a focal point.",US,,11/21/2024,,,yes,,,,,,,,
cryptic-urban-mosaic,4,RetroRenegadeBuyer,Intriguing balance of order and disorder. Very compelling.,US,,11/20/2024,,,yes,,,,,,,,
cryptic-urban-mosaic,5,GreenJuice_Kale,Mesmerizing. I see something new every time I look.,US,,11/19/2024,,,yes,,,,,,,,
cryptic-urban-mosaic,4,GrenadianSoursop_Leaf,The composition is subtly mathematical. Intriguing.,US,,11/16/2024,,,yes,,,,,,,,
cryptic-urban-mosaic,5,TrendspotterSupreme,The interplay of shapes and textures is masterful.,US,,11/13/2024,,,yes,,,,,,,,
cryptic-urban-mosaic,4,Rhodiola,Adds a sense of mystery and history to my room.,US,,11/20/2024,,,yes,,,,,,,,
cryptic-urban-mosaic,5,Caelum,The subtlety and depth are absolutely stunning.,US,,11/24/2024,,,yes,,,,,,,,
cryptic-urban-mosaic,4,Wolf,Provocative and thoughtful. Stirs the imagination.,US,,11/16/2024,,,yes,,,,,,,,
cryptic-urban-mosaic,5,Adeline,Perfect blend of modernism and primitive aesthetics.,US,,11/25/2024,,,yes,,,,,,,,
cryptic-urban-mosaic,4,OrbitalOmen,The fragmented aesthetic is really eye-catching.,US,,11/23/2024,,,yes,,,,,,,,
cryptic-urban-mosaic,5,TravelBug,Absolutely love it! So much depth in its simplicity.,US,,11/21/2024,,,yes,,,,,,,,
cryptic-urban-mosaic,4,YerbaMate_Energizing,The contrast between geometric and organic forms is striking.,US,,11/20/2024,,,yes,,,,,,,,
cryptic-urban-mosaic,5,DealDetectiveDiva,It's like having a piece of urban archaeology on my wall.,US,,11/19/2024,,,yes,,,,,,,,
cryptic-urban-mosaic,4,Fashionista_Chic,Love how it seems to shift meaning over time.,US,,11/25/2024,,,yes,,,,,,,,
cryptic-urban-mosaic,5,Felix,The composition and use of negative space are masterful.,US,,11/23/2024,,,yes,,,,,,,,
cryptic-urban-mosaic,4,DivideConquerKing,The subtle rhythm in the piece really draws you in.,US,,11/21/2024,,,yes,,,,,,,,
cryptic-urban-mosaic,5,Arlo,Absolutely mesmerizing. A true work of contemporary art.,US,,11/20/2024,,,yes,,,,,,,,
cryptic-urban-mosaic,4,WhiskeyDrinker_Neat,The depth and layering are surprisingly complex.,US,,11/19/2024,,,yes,,,,,,,,
cryptic-urban-mosaic,5,HairToolHoarder,The quiet power it conveys is remarkable.,US,,11/16/2024,,,yes,,,,,,,,
cryptic-urban-mosaic,4,Ayla,Love the intellectual challenge it presents.,US,,11/13/2024,,,yes,,,,,,,,
cryptic-urban-mosaic,5,MateCaffeine_SouthAmerica,Breathtaking in its understated complexity.,US,,11/20/2024,,,yes,,,,,,,,
cryptic-urban-mosaic,4,Eurus,The balance of texture and minimalism is captivating.,US,,11/24/2024,,,yes,,,,,,,,
cryptic-urban-mosaic,5,ThriftyThrill-Seeker,The subtle storytelling through fragments is absolutely stunning.,US,,11/16/2024,,,yes,,,,,,,,
cryptic-urban-mosaic,3,David,"Interesting concept, but too abstract for my taste.",US,,11/25/2024,,,yes,,,,,,,,
cryptic-urban-mosaic,4,Nora,The interplay of structure and chaos is intriguing.,US,,11/23/2024,,,yes,,,,,,,,
cryptic-urban-mosaic,5,Melanie,It's like having a modern-day Rosetta Stone. Beautiful!,US,,11/21/2024,,,yes,,,,,,,,
cryptic-urban-mosaic,3,CheeseboardChamp,"The technique is interesting, but the meaning escapes me.",US,,11/20/2024,,,yes,,,,,,,,
cryptic-urban-mosaic,4,GlobalGoodsGatherer,Love how it challenges conventional notions of composition.,US,,11/19/2024,,,yes,,,,,,,,
cryptic-urban-mosaic,5,Chamaeleon,The composition and use of symbolism are masterful.,US,,11/16/2024,,,yes,,,,,,,,
cryptic-urban-mosaic,3,ArtSuppliesAddict,"It's okay, but nothing particularly special.",US,,11/13/2024,,,yes,,,,,,,,
cryptic-urban-mosaic,4,EtymologyExplorer,The subtle tension in the piece is captivating.,US,,11/20/2024,,,yes,,,,,,,,
cryptic-urban-mosaic,5,Helios,Absolutely love it! So much depth in its fragmented beauty.,US,,11/24/2024,,,yes,,,,,,,,
cryptic-urban-mosaic,3,Sterling,"Interesting, but a bit too cluttered for my taste.",US,,11/16/2024,,,yes,,,,,,,,
cryptic-urban-mosaic,4,HobbyHavenHoarder,The minimalism and subtle textures are impressive.,US,,11/25/2024,,,yes,,,,,,,,
cryptic-urban-mosaic,5,CreamSodaPink_Sweet,The quiet sophistication it brings is transformative.,US,,11/23/2024,,,yes,,,,,,,,
cryptic-urban-mosaic,3,Paislee,"It's growing on me, but still not my favorite piece.",US,,11/21/2024,,,yes,,,,,,,,
cryptic-urban-mosaic,4,CelestialCypher,Love the intellectual and visual stimulation it provides.,US,,11/20/2024,,,yes,,,,,,,,
cryptic-urban-mosaic,5,Narcissus,A perfect embodiment of modern fragmentation. Stunning!,US,,11/19/2024,,,yes,,,,,,,,
fragmented-urban-cartography,4,BlenderBoss_365,Fascinating geometric composition. It's like a modern puzzle.,US,,11/25/2024,,,yes,,,,,,,,
fragmented-urban-cartography,5,SneakerHead456,Love the minimalist color palette and bold lines.,US,,11/23/2024,,,yes,,,,,,,,
fragmented-urban-cartography,5,NouveauNestMaker,Brilliant interplay of structure and abstraction. Always find new patterns.,US,,11/21/2024,,,yes,,,,,,,,
fragmented-urban-cartography,4,PlasmaProdigy,The subtle blue accents add a nice touch of color.,US,,11/20/2024,,,yes,,,,,,,,
fragmented-urban-cartography,5,LittleOOracle,Perfect blend of order and chaos. A true conversation starter.,US,,11/19/2024,,,yes,,,,,,,,
fragmented-urban-cartography,3,Dahlia,"Interesting concept, but too disjointed for my taste.",US,,11/16/2024,,,yes,,,,,,,,
fragmented-urban-cartography,4,NativePlantNurserFan,Reminds me of deconstructed urban landscapes. Very evocative.,US,,11/13/2024,,,yes,,,,,,,,
fragmented-urban-cartography,5,Libra,Absolutely love it! Like having a piece of modern art history.,US,,11/20/2024,,,yes,,,,,,,,
fragmented-urban-cartography,4,Nyx,The layered composition tells a complex story. Very thought-provoking.,US,,11/24/2024,,,yes,,,,,,,,
fragmented-urban-cartography,3,Danielle,"It's okay, but doesn't quite match my expectations.",US,,11/16/2024,,,yes,,,,,,,,
fragmented-urban-cartography,5,Kameron,Powerful and enigmatic. Enhances the modern vibe of my living room.,US,,11/25/2024,,,yes,,,,,,,,
fragmented-urban-cartography,4,JungleJourney_Vine,Love how it challenges traditional notions of composition.,US,,11/23/2024,,,yes,,,,,,,,
fragmented-urban-cartography,5,Nereus,Transforms the room with its quiet complexity.,US,,11/21/2024,,,yes,,,,,,,,
fragmented-urban-cartography,3,CanvasChampion,"The fragmented style is intriguing, but it's too busy for my home.",US,,11/20/2024,,,yes,,,,,,,,
fragmented-urban-cartography,4,Cardamom,Appreciate how it changes with different viewing angles.,US,,11/19/2024,,,yes,,,,,,,,
fragmented-urban-cartography,5,WebWalletWizard,The subtle interplay of forms grows on you over time.,US,,11/16/2024,,,yes,,,,,,,,
fragmented-urban-cartography,4,RococoRenegade,Bold in its simplicity. Really draws the eye.,US,,11/13/2024,,,yes,,,,,,,,
fragmented-urban-cartography,5,Aria,It's like having a deconstructed cityscape on my wall. Love it!,US,,11/20/2024,,,yes,,,,,,,,
fragmented-urban-cartography,3,WineGlassGuru,"The muted tones are nice, but it lacks a clear focal point.",US,,11/24/2024,,,yes,,,,,,,,
fragmented-urban-cartography,4,GalacticGadgeteer,Intriguing balance of geometric and organic forms.,US,,11/16/2024,,,yes,,,,,,,,
fragmented-urban-cartography,5,SaintKittsandNevisSoursop_Tangy,Mesmerizing. I see new connections every time I look.,US,,11/25/2024,,,yes,,,,,,,,
fragmented-urban-cartography,4,CosmicCascade,The composition has a subtle mathematical quality. Intriguing.,US,,11/23/2024,,,yes,,,,,,,,
fragmented-urban-cartography,5,Thomas,The interplay of positive and negative space is masterful.,US,,11/21/2024,,,yes,,,,,,,,
fragmented-urban-cartography,4,Nash,Adds a sense of mystery and depth to my space.,US,,11/20/2024,,,yes,,,,,,,,
fragmented-urban-cartography,5,Aaron,The complexity and subtlety are absolutely stunning.,US,,11/19/2024,,,yes,,,,,,,,
fragmented-urban-cartography,4,Thomas,Provocative and thoughtful. Stirs the imagination.,US,,11/25/2024,,,yes,,,,,,,,
fragmented-urban-cartography,5,Kai,Perfect blend of modernism and cubist influences.,US,,11/23/2024,,,yes,,,,,,,,
fragmented-urban-cartography,4,Emma,The fragmented aesthetic is really eye-catching.,US,,11/21/2024,,,yes,,,,,,,,
fragmented-urban-cartography,5,EmojiExpert_2023,Absolutely love it! So much depth in its apparent simplicity.,US,,11/20/2024,,,yes,,,,,,,,
fragmented-urban-cartography,4,SeedSaverShopper,The contrast between structured and fluid lines is striking.,US,,11/19/2024,,,yes,,,,,,,,
fragmented-urban-cartography,5,DiverseDelightsDiva,It's like having a deconstructed map on my wall. Fascinating!,US,,11/16/2024,,,yes,,,,,,,,
fragmented-urban-cartography,4,Noah,Love how it seems to shift and change as you look at it.,US,,11/13/2024,,,yes,,,,,,,,
fragmented-urban-cartography,5,Isaiah,The composition and use of negative space are masterful.,US,,11/20/2024,,,yes,,,,,,,,
fragmented-urban-cartography,4,NutritionNinjaNabber,The subtle rhythm in the piece really draws you in.,US,,11/24/2024,,,yes,,,,,,,,
fragmented-urban-cartography,5,Iris,Absolutely mesmerizing. A true work of contemporary art.,US,,11/16/2024,,,yes,,,,,,,,
fragmented-urban-cartography,3,ParadoxPro_365,"Interesting, but a bit too stark and fragmented for my living room.",US,,11/25/2024,,,yes,,,,,,,,
fragmented-urban-cartography,4,VerticalGardenGuru,The depth and layering are surprisingly complex.,US,,11/23/2024,,,yes,,,,,,,,
fragmented-urban-cartography,5,ChampagneBubbles_Pop,The quiet power it conveys is remarkable.,US,,11/21/2024,,,yes,,,,,,,,
fragmented-urban-cartography,3,ZenithZap,"It's growing on me, but I'm still not fully convinced.",US,,11/20/2024,,,yes,,,,,,,,
fragmented-urban-cartography,4,StyleSavantShopper,Love the intellectual challenge it presents.,US,,11/19/2024,,,yes,,,,,,,,
fragmented-urban-cartography,5,VolcanoClimber_Lava,Breathtaking in its understated complexity.,US,,11/16/2024,,,yes,,,,,,,,
fragmented-urban-cartography,3,Licorice,"It's alright, but doesn't really speak to me as I hoped.",US,,11/13/2024,,,yes,,,,,,,,
fragmented-urban-cartography,4,AestheticArrangerz,The balance of structure and abstraction is captivating.,US,,11/20/2024,,,yes,,,,,,,,
fragmented-urban-cartography,5,Soren,The subtle storytelling through fragments is absolutely stunning.,US,,11/24/2024,,,yes,,,,,,,,
fragmented-urban-cartography,3,Bram,"Interesting concept, but too abstract for my taste.",US,,11/16/2024,,,yes,,,,,,,,
fragmented-urban-cartography,4,Maeve,The interplay of geometry and spontaneity is intriguing.,US,,11/25/2024,,,yes,,,,,,,,
fragmented-urban-cartography,5,Esther,It's like having a modernist puzzle on my wall. Beautiful!,US,,11/23/2024,,,yes,,,,,,,,
fragmented-urban-cartography,3,ChronometerCharm,"The technique is interesting, but the meaning escapes me.",US,,11/21/2024,,,yes,,,,,,,,
fragmented-urban-cartography,4,QuantifierQueen,Love how it challenges conventional notions of form.,US,,11/20/2024,,,yes,,,,,,,,
fragmented-urban-cartography,5,DominicaBasil_Aromatic,The composition and use of space are masterful.,US,,11/19/2024,,,yes,,,,,,,,
fragmented-urban-cartography,3,Leon,"It's okay, but nothing particularly special.",US,,11/25/2024,,,yes,,,,,,,,
fragmented-urban-cartography,4,AlaskanFireweed_Sweet,The subtle tension in the piece is captivating.,US,,11/23/2024,,,yes,,,,,,,,
fragmented-urban-cartography,5,Wyatt,Absolutely love it! So much depth in its fragmented beauty.,US,,11/21/2024,,,yes,,,,,,,,
fragmented-urban-cartography,3,EchoEnigma,"Interesting, but a bit too cluttered for my taste.",US,,11/20/2024,,,yes,,,,,,,,
fragmented-urban-cartography,4,Mariah,The minimalism and subtle textures are impressive.,US,,11/19/2024,,,yes,,,,,,,,
fragmented-urban-cartography,5,CryptoCartCreator,The quiet sophistication it brings is transformative.,US,,11/16/2024,,,yes,,,,,,,,
fragmented-urban-cartography,3,GreenThumb_Guru,"It's growing on me, but still not my favorite piece.",US,,11/13/2024,,,yes,,,,,,,,
fragmented-urban-cartography,4,GalleryGrouper,Love the visual and intellectual stimulation it provides.,US,,11/20/2024,,,yes,,,,,,,,
fragmented-urban-cartography,5,VisualVoyagerValueHunter,A perfect embodiment of modern deconstruction. Stunning!,US,,11/24/2024,,,yes,,,,,,,,
fragmented-urban-navigation,4,EchoElement,Striking contrast between geometric and organic forms. Very dynamic.,US,,11/16/2024,,,yes,,,,,,,,
fragmented-urban-navigation,5,WallFlowerFan,Love the bold use of black lines against the softer background.,US,,11/25/2024,,,yes,,,,,,,,
fragmented-urban-navigation,3,TurksandCaicosNoni_Fruit,The random blue shape seems out of place. Disrupts the flow.,US,,11/23/2024,,,yes,,,,,,,,
fragmented-urban-navigation,5,NovaNebulon,Fascinating interplay of structure and fluidity. Always notice new details.,US,,11/21/2024,,,yes,,,,,,,,
fragmented-urban-navigation,4,Juliette,The subtle grayscale palette with a pop of blue is visually appealing.,US,,11/20/2024,,,yes,,,,,,,,
fragmented-urban-navigation,5,GothicGlamourGuru,Perfect balance of order and chaos. A true conversation piece.,US,,11/19/2024,,,yes,,,,,,,,
fragmented-urban-navigation,4,Camellia,Reminds me of deconstructed architectural plans. Very thought-provoking.,US,,11/16/2024,,,yes,,,,,,,,
fragmented-urban-navigation,5,ImplicationIcon,Absolutely love it! Like having a piece of modern art history on my wall.,US,,11/13/2024,,,yes,,,,,,,,
fragmented-urban-navigation,4,FruitInfused_Water,The layered composition creates intriguing depth. Very engaging.,US,,11/20/2024,,,yes,,,,,,,,
fragmented-urban-navigation,5,RebateRebel,Powerful and enigmatic. Enhances the modern aesthetic of my home.,US,,11/24/2024,,,yes,,,,,,,,
fragmented-urban-navigation,3,PulsarPearl,"Interesting use of space, but overall too busy for my liking.",US,,11/16/2024,,,yes,,,,,,,,
fragmented-urban-navigation,4,QuasarQuantum,Love how it challenges traditional notions of composition.,US,,11/25/2024,,,yes,,,,,,,,
fragmented-urban-navigation,5,TautologyTitan,Transforms the room with its bold presence.,US,,11/23/2024,,,yes,,,,,,,,
fragmented-urban-navigation,3,LucentLyre,"The fragmented style is intriguing, but it's too chaotic for my space.",US,,11/21/2024,,,yes,,,,,,,,
fragmented-urban-navigation,4,Natalie,Appreciate how it seems to change when viewed from different angles.,US,,11/20/2024,,,yes,,,,,,,,
fragmented-urban-navigation,5,AuroraArrow,The tension between structure and spontaneity is captivating.,US,,11/19/2024,,,yes,,,,,,,,
fragmented-urban-navigation,4,CarrotJuice_Orange,Bold in its execution. Really draws the eye.,US,,11/25/2024,,,yes,,,,,,,,
fragmented-urban-navigation,5,Makenna,It's like having a deconstructed cityscape on my wall. Love it!,US,,11/23/2024,,,yes,,,,,,,,
fragmented-urban-navigation,3,PaintingPioneer,"The monochromatic scheme with a touch of blue is nice, but it lacks warmth.",US,,11/21/2024,,,yes,,,,,,,,
fragmented-urban-navigation,4,Finn,Intriguing balance of sharp angles and curved forms.,US,,11/20/2024,,,yes,,,,,,,,
fragmented-urban-navigation,5,Wisteria,Mesmerizing. I see new patterns and connections every time I look.,US,,11/19/2024,,,yes,,,,,,,,
fragmented-urban-navigation,4,ExplorerEmporiumEnthusiast,The composition has a subtle mathematical quality. Intriguing.,US,,11/16/2024,,,yes,,,,,,,,
fragmented-urban-navigation,5,MonteCarloMage,The interplay of positive and negative space is masterful.,US,,11/13/2024,,,yes,,,,,,,,
fragmented-urban-navigation,3,NukeNinja_2023,"Interesting, but a bit too cold and impersonal for my taste.",US,,11/20/2024,,,yes,,,,,,,,
fragmented-urban-navigation,4,KitchenAppliancePro,Adds a sense of energy and movement to my space.,US,,11/24/2024,,,yes,,,,,,,,
fragmented-urban-navigation,5,StellarSpectrum,The complexity and subtlety are absolutely stunning.,US,,11/16/2024,,,yes,,,,,,,,
fragmented-urban-navigation,4,Madison,Provocative and thoughtful. Stimulates interesting discussions.,US,,11/25/2024,,,yes,,,,,,,,
fragmented-urban-navigation,5,Joseph,Perfect blend of modernism and abstract expressionism.,US,,11/23/2024,,,yes,,,,,,,,
fragmented-urban-navigation,4,Mia,The contrast between structured lines and fluid forms is striking.,US,,11/21/2024,,,yes,,,,,,,,
fragmented-urban-navigation,5,Amara,Absolutely love it! So much depth in its apparent simplicity.,US,,11/20/2024,,,yes,,,,,,,,
fragmented-urban-navigation,4,Kombucha_Brewer,The juxtaposition of rigid and organic shapes is fascinating.,US,,11/19/2024,,,yes,,,,,,,,
fragmented-urban-navigation,5,Atticus,It's like having a visual representation of chaos theory. Brilliant!,US,,11/16/2024,,,yes,,,,,,,,
fragmented-urban-navigation,4,Josiah,Love how it seems to shift and change as you study it.,US,,11/13/2024,,,yes,,,,,,,,
fragmented-urban-navigation,5,SpectrumSage,The composition and use of negative space are masterful.,US,,11/20/2024,,,yes,,,,,,,,
fragmented-urban-navigation,4,Nyla,The subtle rhythm in the piece really draws you in.,US,,11/24/2024,,,yes,,,,,,,,
fragmented-urban-navigation,5,Lucy,Absolutely mesmerizing. A true work of contemporary art.,US,,11/16/2024,,,yes,,,,,,,,
fragmented-urban-navigation,4,WiredWorldWares,The depth and layering are surprisingly complex.,US,,11/25/2024,,,yes,,,,,,,,
fragmented-urban-navigation,5,Amelia,The quiet power it conveys is remarkable.,US,,11/23/2024,,,yes,,,,,,,,
fragmented-urban-navigation,4,Zion,Love the intellectual challenge it presents.,US,,11/21/2024,,,yes,,,,,,,,
fragmented-urban-navigation,5,Luke,Breathtaking in its controlled chaos.,US,,11/20/2024,,,yes,,,,,,,,
fragmented-urban-navigation,3,LoopLegend_2023,"It's alright, but doesn't really speak to me as I hoped.",US,,11/19/2024,,,yes,,,,,,,,
fragmented-urban-navigation,4,PhoenixPhase,The balance of structure and abstraction is captivating.,US,,11/25/2024,,,yes,,,,,,,,
fragmented-urban-navigation,5,Arden,The subtle storytelling through form and line is absolutely stunning.,US,,11/23/2024,,,yes,,,,,,,,
fragmented-urban-navigation,3,Phoenix,"Interesting concept, but too abstract for my taste.",US,,11/21/2024,,,yes,,,,,,,,
fragmented-urban-navigation,4,GardeningGearLover,The interplay of geometry and spontaneity is intriguing.,US,,11/20/2024,,,yes,,,,,,,,
fragmented-urban-navigation,5,Amelia,It's like having a modernist puzzle on my wall. Beautiful!,US,,11/19/2024,,,yes,,,,,,,,
fragmented-urban-navigation,3,Cora,"The technique is interesting, but the meaning escapes me.",US,,11/16/2024,,,yes,,,,,,,,
fragmented-urban-navigation,4,BlackHoleBargainHunter,Love how it challenges conventional notions of form and space.,US,,11/13/2024,,,yes,,,,,,,,
fragmented-urban-navigation,5,CloudCruiser_77,The composition and use of contrast are masterful.,US,,11/20/2024,,,yes,,,,,,,,
fragmented-urban-navigation,3,Magnolia,"It's okay, but nothing particularly special.",US,,11/24/2024,,,yes,,,,,,,,
fragmented-urban-navigation,4,Sage,The subtle tension in the piece is captivating.,US,,11/16/2024,,,yes,,,,,,,,
fragmented-urban-navigation,5,Ana,Absolutely love it! So much depth in its fragmented beauty.,US,,11/25/2024,,,yes,,,,,,,,
fragmented-urban-navigation,3,Hazel,"Interesting, but a bit too cluttered for my taste.",US,,11/23/2024,,,yes,,,,,,,,
fragmented-urban-navigation,4,OutdoorOdysseyObjectSeeker,The minimalism and bold gestures are impressive.,US,,11/21/2024,,,yes,,,,,,,,
fragmented-urban-navigation,5,VictorianVixen,The quiet sophistication it brings is transformative.,US,,11/20/2024,,,yes,,,,,,,,
fragmented-urban-navigation,3,LibraryLootLover,"It's growing on me, but still not my favorite piece.",US,,11/19/2024,,,yes,,,,,,,,
fragmented-urban-navigation,4,AcronymAce_2023,Love the visual and intellectual stimulation it provides.,US,,11/16/2024,,,yes,,,,,,,,
fragmented-urban-navigation,5,GodotGuru_2023,A perfect embodiment of modern deconstruction. Stunning!,US,,11/13/2024,,,yes,,,,,,,,
golden-hour-bliss,5,Oakley,Vibrant and playful! Love the energy it brings to my room.,US,,11/20/2024,,,yes,,,,,,,,
golden-hour-bliss,4,EchoEclipse,The pink heart adds a whimsical touch. It's fun and bold.,US,,11/24/2024,,,yes,,,,,,,,
golden-hour-bliss,5,Nevaeh,Absolutely stunning! A perfect blend of color and movement.,US,,11/16/2024,,,yes,,,,,,,,
golden-hour-bliss,4,TechTrekker_101,The mix of soft and bold colors is really eye-catching.,US,,11/25/2024,,,yes,,,,,,,,
golden-hour-bliss,3,Tiger,"It's growing on me, but still not sure if it fits my decor.",US,,11/23/2024,,,yes,,,,,,,,
golden-hour-bliss,5,LavishLifestyleLover,A true masterpiece of modern abstract art. Love it!,US,,11/21/2024,,,yes,,,,,,,,
golden-hour-bliss,3,TechnoTrendTracker,"Interesting use of shapes, but the color scheme is too loud.",US,,11/20/2024,,,yes,,,,,,,,
golden-hour-bliss,4,Walker,Reminds me of a joyful dance. Very uplifting!,US,,11/19/2024,,,yes,,,,,,,,
golden-hour-bliss,5,Camden,It's like a burst of happiness on my wall. Brightens my day!,US,,11/25/2024,,,yes,,,,,,,,
golden-hour-bliss,3,Poppy,The green element seems out of place with the rest.,US,,11/23/2024,,,yes,,,,,,,,
golden-hour-bliss,4,ZenithZap,Love how it combines geometric and organic forms.,US,,11/21/2024,,,yes,,,,,,,,
golden-hour-bliss,5,AfricanArtAppreciator,The fluidity of the lines is mesmerizing. Always find new details.,US,,11/20/2024,,,yes,,,,,,,,
golden-hour-bliss,4,KafkaKing_101,The contrast between the soft pink and bold black is striking.,US,,11/19/2024,,,yes,,,,,,,,
golden-hour-bliss,5,KalmanFilterKing,Perfect statement piece for my modern living room.,US,,11/16/2024,,,yes,,,,,,,,
golden-hour-bliss,4,MoscowMule_Copper,Adds a pop of color and intrigue to my neutral space.,US,,11/13/2024,,,yes,,,,,,,,
golden-hour-bliss,5,NaturalRemediesPro,It's like having a piece of joyful chaos on my wall. Love it!,US,,11/20/2024,,,yes,,,,,,,,
golden-hour-bliss,3,Knox,The pink is a bit too dominant for my taste.,US,,11/24/2024,,,yes,,,,,,,,
golden-hour-bliss,4,DevoteesDealDiva,Fascinating interplay of lines and shapes. Very dynamic.,US,,11/16/2024,,,yes,,,,,,,,
golden-hour-bliss,5,RouterRenegade_88,The subtle details and layering are incredibly well done.,US,,11/25/2024,,,yes,,,,,,,,
golden-hour-bliss,4,Nereus,Love how it seems to change mood with different lighting.,US,,11/23/2024,,,yes,,,,,,,,
golden-hour-bliss,5,Leonidas,A perfect embodiment of joy and spontaneity. Beautiful!,US,,11/21/2024,,,yes,,,,,,,,
golden-hour-bliss,3,PaintingPro,"The color palette is nice, but the composition is confusing.",US,,11/20/2024,,,yes,,,,,,,,
golden-hour-bliss,4,OceanBreeze,It's a great conversation starter. Always gets comments.,US,,11/19/2024,,,yes,,,,,,,,
golden-hour-bliss,5,TheoremThunder,The balance between structure and chaos is captivating.,US,,11/16/2024,,,yes,,,,,,,,
golden-hour-bliss,3,Sawyer,"It's alright, but doesn't evoke strong feelings in me.",US,,11/13/2024,,,yes,,,,,,,,
golden-hour-bliss,4,PlantParadisePioneer,The way the lines flow and intersect is really appealing.,US,,11/20/2024,,,yes,,,,,,,,
golden-hour-bliss,5,CarbonFootprintCutter,It's like a visual representation of happiness. Uplifting!,US,,11/24/2024,,,yes,,,,,,,,
golden-hour-bliss,4,TechShopperPro,Adds a sense of whimsy and creativity to my space.,US,,11/16/2024,,,yes,,,,,,,,
golden-hour-bliss,5,Eagle,The artistic vision and execution are simply brilliant.,US,,11/25/2024,,,yes,,,,,,,,
golden-hour-bliss,3,TailWagginTreasures,"Nice colors, but lacks cohesion and clear focus.",US,,11/23/2024,,,yes,,,,,,,,
golden-hour-bliss,4,Luna,"Love the bold, unapologetic style. It's very contemporary.",US,,11/21/2024,,,yes,,,,,,,,
golden-hour-bliss,5,Sawyer,It's a perfect blend of playfulness and sophistication.,US,,11/20/2024,,,yes,,,,,,,,
golden-hour-bliss,3,GuerrillaGardenerGear,"Interesting, but a bit too chaotic for everyday viewing.",US,,11/19/2024,,,yes,,,,,,,,
golden-hour-bliss,4,PCAProdigy_101,The juxtaposition of soft and sharp elements is intriguing.,US,,11/25/2024,,,yes,,,,,,,,
golden-hour-bliss,5,MilkshakeChocolate_Thick,Absolutely love it! It's both calming and energizing.,US,,11/23/2024,,,yes,,,,,,,,
golden-hour-bliss,3,Micah,The pink heart feels a bit clich¨¦ in an abstract piece.,US,,11/21/2024,,,yes,,,,,,,,
golden-hour-bliss,4,Carter,Creates a focal point without being overwhelming. Well done.,US,,11/20/2024,,,yes,,,,,,,,
golden-hour-bliss,5,CyclingCrusader,It's like having a piece of modern art gallery at home.,US,,11/19/2024,,,yes,,,,,,,,
golden-hour-bliss,3,RadiantRainbow,The color scheme is interesting but doesn't suit my space.,US,,11/16/2024,,,yes,,,,,,,,
golden-hour-bliss,4,QuantumTeleportTitan,Love how it challenges traditional notions of composition.,US,,11/13/2024,,,yes,,,,,,,,
golden-hour-bliss,5,Dandelion,The complexity and depth reveal themselves over time. Stunning!,US,,11/20/2024,,,yes,,,,,,,,
golden-hour-bliss,4,Makenna,The way it balances soft and bold elements is skillful.,US,,11/24/2024,,,yes,,,,,,,,
golden-hour-bliss,5,NeonNova,It's a perfect embodiment of modern abstract expressionism.,US,,11/16/2024,,,yes,,,,,,,,
golden-hour-bliss,4,Wren,"Adds a fun, dynamic energy to my otherwise calm space.",US,,11/25/2024,,,yes,,,,,,,,
golden-hour-bliss,5,Tate,The layering and depth of the piece are remarkable.,US,,11/23/2024,,,yes,,,,,,,,
golden-hour-bliss,3,Cillian,"Nice attempt at abstractionism, but lacks refinement.",US,,11/21/2024,,,yes,,,,,,,,
golden-hour-bliss,4,TruthTableTitan,Love the sense of movement and flow in the composition.,US,,11/20/2024,,,yes,,,,,,,,
golden-hour-bliss,5,PhoenixPhase,It's like a visual candy for the eyes. Absolutely delightful!,US,,11/19/2024,,,yes,,,,,,,,
golden-hour-bliss,3,Petunia,"Interesting concept, but the execution feels chaotic.",US,,11/16/2024,,,yes,,,,,,,,
golden-hour-bliss,4,RadiantRuby,The contrast between organic and geometric shapes is fascinating.,US,,11/13/2024,,,yes,,,,,,,,
golden-hour-bliss,5,Dante,Perfect balance of complexity and simplicity. A masterpiece!,US,,11/20/2024,,,yes,,,,,,,,
golden-hour-bliss,4,Vela,The bold strokes and subtle color variations are captivating.,US,,11/24/2024,,,yes,,,,,,,,
golden-hour-bliss,5,Milo,It brings a sense of joy and wonder to my living space.,US,,11/16/2024,,,yes,,,,,,,,
golden-hour-bliss,4,NapkinRingCollector,Love how it sparks different interpretations from viewers.,US,,11/25/2024,,,yes,,,,,,,,
golden-hour-bliss,5,LucentLapis,The interplay of color and form is simply mesmerizing.,US,,11/23/2024,,,yes,,,,,,,,
golden-hour-bliss,4,OutdoorAdventureFan,The dynamic energy of the piece is really infectious.,US,,11/21/2024,,,yes,,,,,,,,
golden-hour-bliss,5,Violet,A perfect embodiment of contemporary abstract art. Love it!,US,,11/20/2024,,,yes,,,,,,,,
mesmerizing-circles-of-blue-and-white,5,Gabriella,Absolutely stunning! It's the focal point of my living room.,US,,11/19/2024,,,yes,,,,,,,,
mesmerizing-circles-of-blue-and-white,4,Iker,Love the vibrant colors. Really brightens up the space.,US,,11/25/2024,,,yes,,,,,,,,
mesmerizing-circles-of-blue-and-white,5,ElasticsearchExplorer,It's a masterpiece. I feel like I'm living in a gallery.,US,,11/23/2024,,,yes,,,,,,,,
mesmerizing-circles-of-blue-and-white,5,PulsarPlume,The subtle details are mesmerizing. Always notice something new.,US,,11/21/2024,,,yes,,,,,,,,
mesmerizing-circles-of-blue-and-white,4,BelliniPeach_Prosecco,Perfect conversation starter. Everyone asks about it.,US,,11/20/2024,,,yes,,,,,,,,
serenity-in-stripes-1,5,Thea,The texture and depth are incredible. Worth every penny.,US,,11/19/2024,,,yes,,,,,,,,
serenity-in-stripes-1,4,Eden,Adds a touch of sophistication to my space.,US,,11/16/2024,,,yes,,,,,,,,
serenity-in-stripes-1,5,William,It's like having a window to another world. Captivating!,US,,11/13/2024,,,yes,,,,,,,,
serenity-in-stripes-1,3,SoccerStuffSeeker,"The colors are nice, but the subject matter is confusing.",US,,11/20/2024,,,yes,,,,,,,,
serenity-in-stripes-1,4,CelestialCitrine,Love how it changes with different lighting. Always interesting.,US,,11/24/2024,,,yes,,,,,,,,
serenity-in-motion,5,Dylan,Absolutely perfect for my minimalist aesthetic.,US,,11/16/2024,,,yes,,,,,,,,
serenity-in-motion,4,HaltingProbSage,Subtle yet impactful. A great addition to my home.,US,,11/25/2024,,,yes,,,,,,,,
serenity-in-motion,3,Eliza,Can't decide if I like it or not. It's perplexing.,US,,11/23/2024,,,yes,,,,,,,,
serenity-in-motion,5,DiscountDynamo,The artist's technique is clearly masterful. Impressed!,US,,11/21/2024,,,yes,,,,,,,,
serenity-in-motion,5,Delphinus,It's exactly what I was looking for. Couldn't be happier.,US,,11/20/2024,,,yes,,,,,,,,
abstract-beauty-in-purple-and-black,4,FlexibilityFanatic,Creates a calming atmosphere in my bedroom.,US,,11/19/2024,,,yes,,,,,,,,
abstract-beauty-in-purple-and-black,5,August,The way it captures light is magical. A true masterpiece.,US,,11/16/2024,,,yes,,,,,,,,
abstract-beauty-in-purple-and-black,4,BayouBoater_Gator,Adds a pop of color without being overwhelming.,US,,11/13/2024,,,yes,,,,,,,,
abstract-beauty-in-purple-and-black,5,Rachel,It's a perfect blend of modern and classical styles.,US,,11/20/2024,,,yes,,,,,,,,
abstract-beauty-in-purple-and-black,4,Zander,Love the emotional depth it brings to the space.,US,,11/24/2024,,,yes,,,,,,,,
ethereal-rings-a-delicate-touch-of-pink-and-white,5,CarAccessoriesFan,The attention to detail is extraordinary. A true work of art.,US,,11/16/2024,,,yes,,,,,,,,
ethereal-rings-a-delicate-touch-of-pink-and-white,4,DiscoFever_Glitter,It's thought-provoking. Makes me ponder every time I look at it.,US,,11/25/2024,,,yes,,,,,,,,
ethereal-rings-a-delicate-touch-of-pink-and-white,5,CanvasCreator,Perfectly captures the mood I wanted for my study.,US,,11/23/2024,,,yes,,,,,,,,
ethereal-rings-a-delicate-touch-of-pink-and-white,3,Pavo,The abstract style is a bit too challenging for everyday viewing.,US,,11/21/2024,,,yes,,,,,,,,
ethereal-rings-a-delicate-touch-of-pink-and-white,4,Eloise,Adds character to an otherwise plain wall.,US,,11/20/2024,,,yes,,,,,,,,
embracing-love-a-vibrant-pink-and-yellow-masterpiece,5,ChronosCloud,It's a timeless piece. Will never go out of style.,US,,11/19/2024,,,yes,,,,,,,,
embracing-love-a-vibrant-pink-and-yellow-masterpiece,4,Finley,The use of negative space is really effective.,US,,11/25/2024,,,yes,,,,,,,,
embracing-love-a-vibrant-pink-and-yellow-masterpiece,5,Micah,It's become the heart of our home. Everyone loves it.,US,,11/23/2024,,,yes,,,,,,,,
embracing-love-a-vibrant-pink-and-yellow-masterpiece,4,Lila,Creates a great focal point without being overbearing.,US,,11/21/2024,,,yes,,,,,,,,
embracing-love-a-vibrant-pink-and-yellow-masterpiece,5,Alicia,Absolutely love the unique perspective it offers.,US,,11/20/2024,,,yes,,,,,,,,
vibrant-hearts,4,DataOpsDiva_7,The subtle humor in the piece always makes me smile.,US,,11/19/2024,,,yes,,,,,,,,
vibrant-hearts,5,StVincentSoursop_Creamy,It's like owning a piece of history. Feels significant.,US,,11/16/2024,,,yes,,,,,,,,
vibrant-hearts,4,ElSalvadorianHorchata_Rice,Perfect balance of color and composition. Very pleasing.,US,,11/13/2024,,,yes,,,,,,,,
vibrant-hearts,5,RenaissanceRevivalist,It's a great representation of the artist's unique style.,US,,11/20/2024,,,yes,,,,,,,,
vibrant-hearts,4,ArtisticSoul,Love how it complements my existing decor perfectly.,US,,11/24/2024,,,yes,,,,,,,,
radiant-love-a-colorful-masterpiece-that-speaks-to-the-soul,5,Magnolia,The craftsmanship is evident. A true collector's item.,US,,11/16/2024,,,yes,,,,,,,,
radiant-love-a-colorful-masterpiece-that-speaks-to-the-soul,4,Cordyceps,It's a great piece for sparking discussions with guests.,US,,11/25/2024,,,yes,,,,,,,,
radiant-love-a-colorful-masterpiece-that-speaks-to-the-soul,5,IrishStepdance_Jig,Absolutely love the story behind the piece. Adds meaning.,US,,11/23/2024,,,yes,,,,,,,,
radiant-love-a-colorful-masterpiece-that-speaks-to-the-soul,4,NextGenNavigator,The texture adds a great tactile element to the room.,US,,11/21/2024,,,yes,,,,,,,,
radiant-love-a-colorful-masterpiece-that-speaks-to-the-soul,5,Hawthorn,It's a perfect representation of the artist's period.,US,,11/20/2024,,,yes,,,,,,,,
elegant-rose-blossom,4,WallWonderWeaver,Adds a touch of whimsy to an otherwise serious space.,US,,11/19/2024,,,yes,,,,,,,,
elegant-rose-blossom,5,ValleyDweller_Green,It's a great investment piece. Will likely appreciate in value.,US,,11/16/2024,,,yes,,,,,,,,
elegant-rose-blossom,4,GamingGearPro,Love how it brings a bit of nature indoors.,US,,11/13/2024,,,yes,,,,,,,,
elegant-rose-blossom,5,Damian,It's a perfect blend of form and function.,US,,11/20/2024,,,yes,,,,,,,,
elegant-rose-blossom,4,BreakDancer_Spin,Creates a great atmosphere for relaxation and contemplation.,US,,11/24/2024,,,yes,,,,,,,,
timeless-elegance,5,TurkishTea_Strong,Absolutely love the unique medium used. Very innovative.,US,,11/16/2024,,,yes,,,,,,,,
timeless-elegance,4,LimitedEditionLootLocator,The limited edition aspect makes it feel special.,US,,11/25/2024,,,yes,,,,,,,,
timeless-elegance,5,Sunny,It's a great representation of the local art scene.,US,,11/23/2024,,,yes,,,,,,,,
timeless-elegance,4,Sebastian,Love how it captures a specific moment or emotion.,US,,11/21/2024,,,yes,,,,,,,,
timeless-elegance,5,ZenithZeal,It's a great example of the artist's signature technique.,US,,11/20/2024,,,yes,,,,,,,,
serenity-in-solitude,4,KitchenKingdomConqueror,Adds a great textural element to the room.,US,,11/19/2024,,,yes,,,,,,,,
serenity-in-solitude,5,BayesianBaron_23,Absolutely love the way it plays with light and shadow.,US,,11/25/2024,,,yes,,,,,,,,
serenity-in-solitude,4,FashionIcon2000,It's a perfect blend of different cultural influences.,US,,11/23/2024,,,yes,,,,,,,,
serenity-in-solitude,5,MakerMovementMaven,Love how it references classical art in a modern way.,US,,11/21/2024,,,yes,,,,,,,,
serenity-in-solitude,4,GitGuru_2023,The minimalist style really speaks to me.,US,,11/20/2024,,,yes,,,,,,,,
minimalist-haven,5,BudgetBargainBoss,It's a great piece for creating a specific mood or atmosphere.,US,,11/19/2024,,,yes,,,,,,,,
minimalist-haven,4,PetPampererPro,Adds a great sense of depth and perspective to the room.,US,,11/16/2024,,,yes,,,,,,,,
minimalist-haven,5,KetoDietShopper,Absolutely love the bold use of a single color.,US,,11/13/2024,,,yes,,,,,,,,
minimalist-haven,4,TokenTrader,The geometric patterns are very pleasing to the eye.,US,,11/20/2024,,,yes,,,,,,,,
minimalist-haven,5,Raine,It's a perfect example of the art movement it represents.,US,,11/24/2024,,,yes,,,,,,,,
serene-beauty-captured-in-this-stunning-artwork,4,Claire,Love how it incorporates unexpected materials.,US,,11/16/2024,,,yes,,,,,,,,
serene-beauty-captured-in-this-stunning-artwork,5,BeautyBuyer23,It's a great conversation piece for my home office.,US,,11/25/2024,,,yes,,,,,,,,
serene-beauty-captured-in-this-stunning-artwork,4,Everett,The use of negative space is really effective.,US,,11/23/2024,,,yes,,,,,,,,
serene-beauty-captured-in-this-stunning-artwork,5,Angel,"Absolutely love the tactile, 3D elements.",US,,11/21/2024,,,yes,,,,,,,,
serene-beauty-captured-in-this-stunning-artwork,4,Finn,It's a great representation of a specific historical period.,US,,11/20/2024,,,yes,,,,,,,,
whispers-of-tranquility-a-white-and-blue-masterpiece,5,CassandraCaptain,Love how it challenges traditional artistic conventions.,US,,11/19/2024,,,yes,,,,,,,,
whispers-of-tranquility-a-white-and-blue-masterpiece,4,IndoorPollutionPreventer,The interplay of light and dark is mesmerizing.,US,,11/16/2024,,,yes,,,,,,,,
whispers-of-tranquility-a-white-and-blue-masterpiece,5,DigitalDreamer,It's a perfect blend of different artistic styles.,US,,11/13/2024,,,yes,,,,,,,,
whispers-of-tranquility-a-white-and-blue-masterpiece,4,JenkinsJuggler_7,Adds a great sense of movement and energy to the space.,US,,11/20/2024,,,yes,,,,,,,,
whispers-of-tranquility-a-white-and-blue-masterpiece,5,Maggie,Absolutely love the unique perspective on a familiar subject.,US,,11/24/2024,,,yes,,,,,,,,
ehold-the-majestic-cathedral-of-the-sun,4,BellyDancer_Shimmy,The use of color gradients is very skillful.,US,,11/16/2024,,,yes,,,,,,,,
ehold-the-majestic-cathedral-of-the-sun,5,Zinnia,It's a great example of the artist's evolution over time.,US,,11/25/2024,,,yes,,,,,,,,
ehold-the-majestic-cathedral-of-the-sun,4,CutleryConnoisseur,Love how it incorporates elements of local culture.,US,,11/23/2024,,,yes,,,,,,,,
ehold-the-majestic-cathedral-of-the-sun,5,Casey,It's a perfect focal point for my dining room.,US,,11/21/2024,,,yes,,,,,,,,
ehold-the-majestic-cathedral-of-the-sun,4,HomeHavenHuntress,The subtle use of metallics adds a luxurious touch.,US,,11/20/2024,,,yes,,,,,,,,
serene-beauty-captured-in-blue-and-white,5,HomeyHideawayHoarder,Absolutely love the way it captures the essence of the subject.,US,,11/19/2024,,,yes,,,,,,,,
serene-beauty-captured-in-blue-and-white,4,ConjunctureKing,It's a great blend of different textures and materials.,US,,11/25/2024,,,yes,,,,,,,,
serene-beauty-captured-in-blue-and-white,5,CranberryJuice_Tart,Love how it references pop culture in a subtle way.,US,,11/23/2024,,,yes,,,,,,,,
serene-beauty-captured-in-blue-and-white,4,Blake,The use of mixed media adds great depth and interest.,US,,11/21/2024,,,yes,,,,,,,,
serene-beauty-captured-in-blue-and-white,5,Adrian,It's a perfect representation of a specific artistic technique.,US,,11/20/2024,,,yes,,,,,,,,
serene-beauty-captured-in-blue-and-white-hues,4,RedisRanger_2023,Adds a great sense of nostalgia to the space.,US,,11/19/2024,,,yes,,,,,,,,
serene-beauty-captured-in-blue-and-white-hues,5,Dahlia,Absolutely love the way it plays with scale and proportion.,US,,11/16/2024,,,yes,,,,,,,,
serene-beauty-captured-in-blue-and-white-hues,4,MacroMage_2023,The use of recycled materials adds an interesting story.,US,,11/13/2024,,,yes,,,,,,,,
serene-beauty-captured-in-blue-and-white-hues,5,Joaquin,It's a great example of the artist's signature color palette.,US,,11/20/2024,,,yes,,,,,,,,
serene-beauty-captured-in-blue-and-white-hues,4,Cumin,Love how it incorporates elements of sacred geometry.,US,,11/24/2024,,,yes,,,,,,,,
lost-in-the-depths-of-the-cosmic-vortex,5,Jude,It's a perfect blend of different artistic mediums.,US,,11/16/2024,,,yes,,,,,,,,
lost-in-the-depths-of-the-cosmic-vortex,4,CosmicCoral,The use of optical illusions is really engaging.,US,,11/25/2024,,,yes,,,,,,,,
lost-in-the-depths-of-the-cosmic-vortex,5,BigThetaTheorist,Absolutely love the way it captures a sense of movement.,US,,11/23/2024,,,yes,,,,,,,,
lost-in-the-depths-of-the-cosmic-vortex,4,PhoenixPrism,It's a great representation of a specific art movement.,US,,11/21/2024,,,yes,,,,,,,,
lost-in-the-depths-of-the-cosmic-vortex,5,George,Love how it incorporates elements of street art style.,US,,11/20/2024,,,yes,,,,,,,,
monochrome-marvel,4,RoboticRetailer,The use of typography as an artistic element is clever.,US,,11/19/2024,,,yes,,,,,,,,
monochrome-marvel,5,Crew,It's a perfect example of the artist's use of symbolism.,US,,11/16/2024,,,yes,,,,,,,,
monochrome-marvel,4,Romeo,Adds a great sense of harmony and balance to the room.,US,,11/13/2024,,,yes,,,,,,,,
monochrome-marvel,5,PTimePolynomial,Absolutely love the way it captures the play of light.,US,,11/20/2024,,,yes,,,,,,,,
monochrome-marvel,4,Madeleine,The use of traditional techniques in a modern context is interesting.,US,,11/24/2024,,,yes,,,,,,,,
mesmerizing-rainbow-spiral,5,NeonNirvana,It's a great blend of different cultural influences.,US,,11/16/2024,,,yes,,,,,,,,
mesmerizing-rainbow-spiral,4,MountainClimber_Peak,Love how it incorporates elements of nature in an abstract way.,US,,11/25/2024,,,yes,,,,,,,,
mesmerizing-rainbow-spiral,5,ThesaurusThunder,Absolutely love the unique color combinations used.,US,,11/23/2024,,,yes,,,,,,,,
mesmerizing-rainbow-spiral,4,Rhys,The use of perspective creates a great sense of depth.,US,,11/21/2024,,,yes,,,,,,,,
mesmerizing-rainbow-spiral,5,WordsmithWaresWanderer,It's a perfect representation of the artist's early work.,US,,11/20/2024,,,yes,,,,,,,,
unraveling-the-abyss,4,TechSpecSleuth,Adds a great sense of rhythm and pattern to the space.,US,,11/19/2024,,,yes,,,,,,,,
unraveling-the-abyss,5,Rose,Love how it captures a specific moment in time.,US,,11/25/2024,,,yes,,,,,,,,
unraveling-the-abyss,4,Enzo,The use of contrasting textures adds great visual interest.,US,,11/23/2024,,,yes,,,,,,,,
unraveling-the-abyss,5,SouthAfricanRooibos_Red,"It's a great example of the artist's later, more mature work.",US,,11/21/2024,,,yes,,,,,,,,
unraveling-the-abyss,4,Madeline,Love how it incorporates elements of digital art.,US,,11/20/2024,,,yes,,,,,,,,
serene-beauty-captured-in-a-brushstroke,5,CNNChampion_42,Absolutely love the way it plays with perception and reality.,US,,11/19/2024,,,yes,,,,,,,,
serene-beauty-captured-in-a-brushstroke,4,TennisAce,"The use of bold, gestural strokes is very expressive.",US,,11/16/2024,,,yes,,,,,,,,
serene-beauty-captured-in-a-brushstroke,5,VeganVendorFan,It's a perfect blend of different historical art styles.,US,,11/13/2024,,,yes,,,,,,,,
serene-beauty-captured-in-a-brushstroke,4,Macy,Adds a great sense of whimsy and playfulness to the room.,US,,11/20/2024,,,yes,,,,,,,,
tranquil-twilight-views,5,Aspen,It's a perfect representation of the artist's signature style.,US,,11/24/2024,,,yes,,,,,,,,
tranquil-twilight-views,4,Cassius,The use of negative space creates a powerful effect.,US,,11/16/2024,,,yes,,,,,,,,
tranquil-twilight-views,5,Poseidon,Absolutely love how it captures the essence of the subject.,US,,11/25/2024,,,yes,,,,,,,,
tranquil-twilight-views,4,CanvasConnoisseurCartFiller,Love how it incorporates elements of surrealism subtly.,US,,11/23/2024,,,yes,,,,,,,,
tranquil-twilight-views,5,Demi,It's a great example of contemporary abstract expressionism.,US,,11/21/2024,,,yes,,,,,,,,
serene-lotus-a-beautiful-abstract-painting-of-blue-sky-and-flowers,4,Lotus,The interplay of light and shadow is masterfully done.,US,,11/20/2024,,,yes,,,,,,,,
serene-lotus-a-beautiful-abstract-painting-of-blue-sky-and-flowers,5,Ginseng,Absolutely love the unique perspective on a familiar theme.,US,,11/19/2024,,,yes,,,,,,,,
serene-lotus-a-beautiful-abstract-painting-of-blue-sky-and-flowers,4,Nora,The use of unexpected materials adds great texture.,US,,11/16/2024,,,yes,,,,,,,,
serene-lotus-a-beautiful-abstract-painting-of-blue-sky-and-flowers,5,LucentLyre,It's a perfect blend of classical and modern techniques.,US,,11/13/2024,,,yes,,,,,,,,
serene-lotus-a-beautiful-abstract-painting-of-blue-sky-and-flowers,4,Zinnia,Adds a great sense of depth and dimension to the room.,US,,11/20/2024,,,yes,,,,,,,,
elegant-lotus-blossom,5,OrganizationObsessed,Love how it challenges conventional artistic norms.,US,,11/24/2024,,,yes,,,,,,,,
elegant-lotus-blossom,4,ZenithZinc,The use of repetitive patterns creates a hypnotic effect.,US,,11/16/2024,,,yes,,,,,,,,
elegant-lotus-blossom,5,Jared,It's a great representation of a specific cultural aesthetic.,US,,11/25/2024,,,yes,,,,,,,,
elegant-lotus-blossom,4,Giovanni,Love how it incorporates elements of optical illusion.,US,,11/23/2024,,,yes,,,,,,,,
elegant-lotus-blossom,5,OutdoorGearGuy,Absolutely love the way it captures a fleeting moment.,US,,11/21/2024,,,yes,,,,,,,,
enjoying-a-peaceful-swim-with-my-duck-friend,4,AuroraAtom,"The use of bold, contrasting colors is very striking.",US,,11/20/2024,,,yes,,,,,,,,
enjoying-a-peaceful-swim-with-my-duck-friend,5,SwingJive_Lindy,It's a perfect example of the artist's experimental phase.,US,,11/19/2024,,,yes,,,,,,,,
enjoying-a-peaceful-swim-with-my-duck-friend,4,Audrey,Adds a great sense of movement and energy to the room.,US,,11/25/2024,,,yes,,,,,,,,
enjoying-a-peaceful-swim-with-my-duck-friend,5,LucentLapis,Love how it references historical art in a modern context.,US,,11/23/2024,,,yes,,,,,,,,
enjoying-a-peaceful-swim-with-my-duck-friend,4,Ares,The use of metallic accents adds a luxurious touch.,US,,11/21/2024,,,yes,,,,,,,,
enjoying-a-peaceful-day-by-the-water,5,Rory,It's a great conversation starter for my living room.,US,,11/20/2024,,,yes,,,,,,,,
enjoying-a-peaceful-day-by-the-water,4,Finnian,The attention to minute details is truly impressive.,US,,11/19/2024,,,yes,,,,,,,,
enjoying-a-peaceful-day-by-the-water,5,WheatgrassShot_Green,Absolutely love the emotional depth conveyed in the piece.,US,,11/16/2024,,,yes,,,,,,,,
enjoying-a-peaceful-day-by-the-water,4,ConstraintSatSage,The use of natural pigments gives it a unique quality.,US,,11/13/2024,,,yes,,,,,,,,
enjoying-a-peaceful-day-by-the-water,5,SoundproofingSavant,It's a perfect representation of the artist's cultural roots.,US,,11/20/2024,,,yes,,,,,,,,
best-friends-forever,4,Koa,Love how it plays with scale and perspective.,US,,11/24/2024,,,yes,,,,,,,,
best-friends-forever,5,CaveAdventurer_Dark,Absolutely love the way it captures light and atmosphere.,US,,11/16/2024,,,yes,,,,,,,,
best-friends-forever,4,Opal,The use of mixed media adds great depth and interest.,US,,11/25/2024,,,yes,,,,,,,,
best-friends-forever,5,Paxton,It's a great example of the artist's mature period.,US,,11/23/2024,,,yes,,,,,,,,
best-friends-forever,4,IonIris,Adds a wonderful splash of color to my neutral decor.,US,,11/21/2024,,,yes,,,,,,,,
erene-beauty-captured-in-blue-and-white-hues,5,BugBountyBoss_21,Love how it incorporates elements of local folklore.,US,,11/20/2024,,,yes,,,,,,,,
erene-beauty-captured-in-blue-and-white-hues,4,AnimalAccessoryAcquirer,The use of unconventional materials is fascinating.,US,,11/19/2024,,,yes,,,,,,,,
erene-beauty-captured-in-blue-and-white-hues,5,SpaceComplexPro,It's a perfect blend of different artistic disciplines.,US,,11/16/2024,,,yes,,,,,,,,
erene-beauty-captured-in-blue-and-white-hues,4,FrameFantasy,The subtle use of texture adds great visual interest.,US,,11/13/2024,,,yes,,,,,,,,
erene-beauty-captured-in-blue-and-white-hues,5,WallArtWhisper,Absolutely love the way it captures the spirit of the times.,US,,11/20/2024,,,yes,,,,,,,,
astronauts-journey,4,Hydrangea,The use of negative space is really thought-provoking.,US,,11/24/2024,,,yes,,,,,,,,
astronauts-journey,5,CSSCrusader_42,It's a great representation of a specific art movement.,US,,11/16/2024,,,yes,,,,,,,,
astronauts-journey,4,Alexis,Love how it challenges my perception and assumptions.,US,,11/25/2024,,,yes,,,,,,,,
astronauts-journey,5,SoulTrain_Groove,Absolutely love the unique framing technique used.,US,,11/23/2024,,,yes,,,,,,,,
astronauts-journey,4,DeductionDeva_99,The use of recycled materials adds an interesting dimension.,US,,11/21/2024,,,yes,,,,,,,,
dreaming-pegasus,5,Alexander,It's a perfect focal point for my entryway.,US,,11/20/2024,,,yes,,,,,,,,
dreaming-pegasus,4,HistoricalHoarder,The intricate detailing is truly mesmerizing.,US,,11/19/2024,,,yes,,,,,,,,
dreaming-pegasus,5,Tarragon,"The intricate details in this piece are truly captivating, revealing new elements every time I look at it. It's a constant source of visual interest.",US,,11/25/2024,,,yes,,,,,,,,
dreaming-pegasus,5,ShirleyTemple_Grenadine,The artist's use of light and shadow creates a sense of depth that makes the piece almost three-dimensional. It's like a window to another world.,US,,11/23/2024,,,yes,,,,,,,,
flowing-pink-radiance,3,InfluencerIcon,"Although the concept is interesting, the execution lacks refinement. I expected a higher level of craftsmanship for the price I paid for this artwork.",US,,11/21/2024,,,yes,,,,,,,,
flowing-pink-radiance,5,Dominic,This piece perfectly captures the mood I wanted for my living room. Its calming colors and flowing lines create a serene atmosphere that I absolutely love.,US,,11/20/2024,,,yes,,,,,,,,
flowing-pink-radiance,5,OatMilk_Creamy,"The way this piece interacts with natural light throughout the day is fascinating. It seems to change and evolve, offering a new experience each time.",US,,11/19/2024,,,yes,,,,,,,,
flowing-pink-radiance,4,FallacyFinder,The bold use of color in this piece instantly brightens up the room. It's become a focal point that draws the eye and sparks conversation.,US,,11/16/2024,,,yes,,,,,,,,
flowing-pink-radiance,5,Mya,The artist's unique perspective on a familiar subject challenges my perceptions and makes me see things in a new light. It's thought-provoking and engaging.,US,,11/13/2024,,,yes,,,,,,,,
quiet-moments-brilliance,3,ZenithZoomer,"Although the artwork is beautifully framed, the piece itself seems underwhelming and lacks the impact I was hoping for in my space.",US,,11/20/2024,,,yes,,,,,,,,
quiet-moments-brilliance,5,HemingwayHero_42,"The subtle textures and layers in this piece add incredible depth. I find myself getting lost in its complexity, discovering new details each day.",US,,11/24/2024,,,yes,,,,,,,,
quiet-moments-brilliance,5,PopCulture_Icon,The way this artwork blends different cultural influences is fascinating. It's a beautiful representation of our interconnected world and diverse heritage.,US,,11/16/2024,,,yes,,,,,,,,
quiet-moments-brilliance,5,FutureForecastShopper,"This artwork's ability to evoke emotion is remarkable. Every time I look at it, I feel a sense of calm and introspection washing over me.",US,,11/25/2024,,,yes,,,,,,,,
quiet-moments-brilliance,5,OrbitalOasis,"The artist's masterful use of color gradients creates a soothing, almost hypnotic effect. It's become my favorite spot for quiet contemplation.",US,,11/23/2024,,,yes,,,,,,,,
blue-still-life,5,Arielle,"The way this piece captures movement is extraordinary. Despite being static, it gives a sense of energy and flow that animates the entire room.",US,,11/21/2024,,,yes,,,,,,,,
blue-still-life,3,BizOpsBoss_23,"While the artwork is technically proficient, it lacks soul and emotion. I find it hard to connect with on a deeper level.",US,,11/20/2024,,,yes,,,,,,,,
blue-still-life,5,Koa,"The subtle symbolism woven throughout this piece is fascinating. I'm constantly discovering new meanings and interpretations, which keeps it engaging.",US,,11/19/2024,,,yes,,,,,,,,
blue-still-life,5,IterationIcon_99,This piece's ability to blend traditional techniques with modern themes is impressive. It bridges the gap between classic and contemporary in a unique way.,US,,11/16/2024,,,yes,,,,,,,,
blue-still-life,3,QuantumCryptoCzar,"Although the artwork is visually striking, its large size makes it impractical for my space. I find it dominating the room rather than complementing it.",US,,11/13/2024,,,yes,,,,,,,,
wildflower-meadow-traces,5,EcoFriendlyBuyer,"The artist's use of negative space in this piece is masterful. It creates a sense of balance and allows the eye to rest, enhancing the overall composition.",US,,11/20/2024,,,yes,,,,,,,,
wildflower-meadow-traces,5,Eridanus,"This artwork's ability to change mood with different lighting is remarkable. It's like having multiple pieces in one, evolving throughout the day.",US,,11/24/2024,,,yes,,,,,,,,
wildflower-meadow-traces,5,ExoticEmporiumExplorer,"The way this artwork captures a specific moment in time is breathtaking. It's like a window into a memory, evoking nostalgia and reflection.",US,,11/16/2024,,,yes,,,,,,,,
wildflower-meadow-traces,3,GalacticGeyser,"Although the materials used are high-quality, the overall design feels uninspired. I was hoping for something more unique and thought-provoking.",US,,11/25/2024,,,yes,,,,,,,,
wildflower-meadow-traces,5,PennypincherPro,The intricate detailing in this piece is truly astounding. The level of craftsmanship and attention to detail speaks volumes about the artist's skill.,US,,11/23/2024,,,yes,,,,,,,,
emerald-oz,5,ArtfulArranger,This piece's ability to blend different artistic styles seamlessly is impressive. It's a beautiful fusion of techniques that creates something truly unique.,US,,11/21/2024,,,yes,,,,,,,,
emerald-oz,5,AestheticArchitect,The way this artwork plays with perspective is mind-bending. It challenges my perception and offers a new visual experience from different viewing angles.,US,,11/20/2024,,,yes,,,,,,,,
emerald-oz,5,OnlineCartQueen,"This piece's ability to convey emotion through abstract forms is remarkable. Despite its non-representational nature, it evokes strong feelings and memories.",US,,11/19/2024,,,yes,,,,,,,,
emerald-oz,5,VortexVerde,The artist's use of unconventional materials in this piece adds an intriguing tactile element. It invites closer inspection and engages multiple senses.,US,,11/25/2024,,,yes,,,,,,,,
emerald-oz,3,Edward,"While the subject matter is interesting, the execution feels flat and two-dimensional. I was hoping for more depth and texture in the piece.",US,,11/23/2024,,,yes,,,,,,,,
beyond-the-mountain,5,VirtualVoyager,"This artwork's ability to create a sense of calm and tranquility is incredible. It's become a visual anchor in my home, promoting relaxation and peace.",US,,11/21/2024,,,yes,,,,,,,,
beyond-the-mountain,3,AlpineSki_Slope,"Although the technique is impressive, the color palette is too muted for my taste. It blends into the wall instead of making a statement.",US,,11/20/2024,,,yes,,,,,,,,
beyond-the-mountain,5,Samuel,The way this piece incorporates elements of sacred geometry is fascinating. It adds a layer of meaning and invites contemplation beyond its visual appeal.,US,,11/19/2024,,,yes,,,,,,,,
beyond-the-mountain,5,Raven,This artwork's ability to spark conversation and debate is remarkable. It's become a centerpiece for intellectual discussion and diverse interpretations among my guests.,US,,11/16/2024,,,yes,,,,,,,,
beyond-the-mountain,5,Haley,The artist's masterful use of color theory in this piece creates a harmonious and visually pleasing composition. It's a joy to look at every day.,US,,11/13/2024,,,yes,,,,,,,,
leisurely-summer-tea,3,Elizabeth,"While the artwork is technically proficient, it lacks originality. It feels derivative of other works I've seen, without adding anything new to the conversation.",US,,11/20/2024,,,yes,,,,,,,,
leisurely-summer-tea,5,Presley,This piece's ability to seamlessly blend different cultural influences is impressive. It's a beautiful representation of global art and cross-cultural exchange.,US,,11/24/2024,,,yes,,,,,,,,
leisurely-summer-tea,5,ForestWanderer_Pine,"The way this artwork captures light and reflection is extraordinary. It seems to glow from within, creating a warm and inviting atmosphere in the room.",US,,11/16/2024,,,yes,,,,,,,,
leisurely-summer-tea,5,Rowan,"This piece's ability to evoke a sense of nostalgia is powerful. It transports me to specific memories and emotions, making it deeply personal.",US,,11/25/2024,,,yes,,,,,,,,
leisurely-summer-tea,5,InfinityInk,"The artist's use of texture in this piece adds a wonderful tactile quality. It invites touch and closer inspection, engaging more than just the sense of sight.",US,,11/23/2024,,,yes,,,,,,,,
fantasy-museum-c,3,Rhododendron,"While the colors are beautiful, the composition lacks balance. The eye doesn't know where to rest, making it somewhat uncomfortable to view for long periods.",US,,11/21/2024,,,yes,,,,,,,,
fantasy-museum-c,5,WallStyler,"This artwork's ability to adapt to different decor styles is impressive. It's versatile enough to work in various settings, making it a great long-term investment.",US,,11/20/2024,,,yes,,,,,,,,
fantasy-museum-c,5,FitnessFanatic101,The way this piece plays with scale and proportion is mind-bending. It challenges my perception and offers a new perspective on familiar objects.,US,,11/19/2024,,,yes,,,,,,,,
fantasy-museum-c,5,Kyler,This piece's ability to create a focal point without overpowering the room is remarkable. It anchors the space beautifully without demanding constant attention.,US,,11/16/2024,,,yes,,,,,,,,
fantasy-museum-c,3,SeltzerWater_Bubble,"Although the materials used are high-quality, the overall design feels uninspired. I was hoping for something more unique and thought-provoking for my space.",US,,11/13/2024,,,yes,,,,,,,,
fantasy-museum-b,5,Lena,"The artist's use of negative space in this piece is masterful. It creates a sense of balance and allows the eye to rest, enhancing the overall impact.",US,,11/20/2024,,,yes,,,,,,,,
fantasy-museum-b,5,GreenTea_Antioxidant,This artwork's ability to blend traditional techniques with contemporary themes is impressive. It bridges the gap between classic and modern in a unique way.,US,,11/24/2024,,,yes,,,,,,,,
fantasy-museum-b,5,Sky,"The way this piece captures movement and energy is extraordinary. Despite being static, it gives a sense of dynamism that animates the entire room.",US,,11/16/2024,,,yes,,,,,,,,
fantasy-museum-b,3,AnimeItemsBuyer,"While the artwork is visually striking, its meaning feels obscure and inaccessible. I wish it had a clearer narrative or more relatable symbolism.",US,,11/25/2024,,,yes,,,,,,,,
fantasy-museum-b,5,PrismPioneer,"This piece's ability to create depth and dimension on a flat surface is remarkable. It's like looking into another world, inviting exploration and imagination.",US,,11/23/2024,,,yes,,,,,,,,
fantasy-museum-a,5,Elliot,The artist's use of color in this piece is bold and energizing. It instantly lifts the mood of the room and becomes a conversation starter.,US,,11/21/2024,,,yes,,,,,,,,
fantasy-museum-a,3,ZenithZephyr,"While the technique is impressive, the subject matter feels clich¨¦ and overdone. I was hoping for something more original and thought-provoking.",US,,11/20/2024,,,yes,,,,,,,,
fantasy-museum-a,5,Milo,"This artwork's ability to change appearance under different lighting conditions is fascinating. It's like having multiple pieces in one, evolving throughout the day.",US,,11/19/2024,,,yes,,,,,,,,
fantasy-museum-a,5,Karter,"The way this piece incorporates elements of nature is beautiful and calming. It brings a sense of the outdoors inside, creating a peaceful atmosphere.",US,,11/25/2024,,,yes,,,,,,,,
fantasy-museum-a,5,MountainMerchMaven,"This piece's ability to evoke emotion through abstract forms is powerful. Despite its non-representational nature, it stirs deep feelings and memories.",US,,11/23/2024,,,yes,,,,,,,,
fantasy-museum-d,5,PulsarPearl,The artist's use of mixed media in this piece adds wonderful texture and depth. It invites closer inspection and reveals new details with each viewing.,US,,11/21/2024,,,yes,,,,,,,,
fantasy-museum-d,3,KombuchaFizz_Probiotic,"While the artwork is technically proficient, it lacks warmth and emotion. I find it hard to connect with on a deeper level, despite its visual appeal.",US,,11/20/2024,,,yes,,,,,,,,
fantasy-museum-d,5,AquaponicAdventurer,"This artwork's ability to capture a specific moment in time is breathtaking. It's like a window into a memory, evoking nostalgia and provoking reflection.",US,,11/19/2024,,,yes,,,,,,,,
fantasy-museum-d,5,WifiWizard_42,"The way this piece plays with light and shadow creates a captivating visual effect. It seems to change throughout the day, offering new perspectives.",US,,11/16/2024,,,yes,,,,,,,,
fantasy-museum-d,5,Parsley,This artwork's ability to blend different cultural influences seamlessly is impressive. It's a beautiful representation of our interconnected world and diverse heritage.,US,,11/13/2024,,,yes,,,,,,,,
misty-haze-a,5,AperolSpritz_Orange,The artist's use of unconventional materials in this piece adds an intriguing tactile element. It engages multiple senses and invites a more interactive viewing experience.,US,,11/20/2024,,,yes,,,,,,,,
misty-haze-a,5,OctalOracle_7,"This piece's ability to create a sense of depth and perspective is remarkable. It's like looking through a window into another world, expanding the room.",US,,11/24/2024,,,yes,,,,,,,,
misty-haze-a,3,Nellie,"Although the technique is impressive, the color palette is too muted for my taste. It blends into the wall instead of making the statement I desired.",US,,11/16/2024,,,yes,,,,,,,,
misty-haze-a,5,Mensa,The way this artwork captures the essence of its subject is extraordinary. It goes beyond mere representation to convey the spirit and emotion of the scene.,US,,11/25/2024,,,yes,,,,,,,,
misty-haze-a,5,Dionysus,This piece's ability to blend different artistic styles seamlessly is impressive. It's a beautiful fusion of techniques that creates something truly unique and engaging.,US,,11/23/2024,,,yes,,,,,,,,
misty-haze-b,5,BohoChic_Free,"The artist's use of negative space in this piece is masterful. It creates a sense of balance and allows the eye to rest, enhancing the overall composition.",US,,11/21/2024,,,yes,,,,,,,,
misty-haze-b,3,Vera,"While the artwork is technically proficient, it lacks originality. It feels derivative of other works I've seen, without adding anything new to the artistic conversation.",US,,11/20/2024,,,yes,,,,,,,,
misty-haze-b,5,GeorgianGlamourGal,"This artwork's ability to evoke a sense of calm and tranquility is incredible. It's become a visual anchor in my home, promoting relaxation and mindfulness.",US,,11/19/2024,,,yes,,,,,,,,
misty-haze-b,5,LiteraryLootLocator,The way this piece incorporates elements of sacred geometry is fascinating. It adds a layer of meaning and invites contemplation beyond its immediate visual appeal.,US,,11/16/2024,,,yes,,,,,,,,
misty-haze-b,3,ProtopieProdigy,"While the colors are beautiful, the composition lacks balance. The eye doesn't know where to rest, making it somewhat uncomfortable to view for extended periods.",US,,11/13/2024,,,yes,,,,,,,,
enigma-c,5,CelestialCitrine,This artwork's ability to spark conversation and debate is remarkable. It's become a centerpiece for intellectual discussion and diverse interpretations among my friends and family.,US,,11/20/2024,,,yes,,,,,,,,
enigma-c,5,InfinityIgnition,The artist's masterful use of color theory in this piece creates a harmonious and visually pleasing composition. It's a joy to look at and lifts my mood daily.,US,,11/24/2024,,,yes,,,,,,,,
enigma-c,5,Tulip,This piece's ability to seamlessly blend different cultural influences is impressive. It's a beautiful representation of global art and cross-cultural exchange in our modern world.,US,,11/16/2024,,,yes,,,,,,,,
enigma-c,3,Alana,"Although the materials used are high-quality, the overall design feels uninspired. I was hoping for something more thought-provoking and unique for my living space.",US,,11/25/2024,,,yes,,,,,,,,
enigma-e,5,Ezra,"The way this artwork captures light and reflection is extraordinary. It seems to glow from within, creating a warm and inviting atmosphere that transforms the entire room.",US,,11/23/2024,,,yes,,,,,,,,
enigma-e,5,BathroomAccessoryPro,"This piece's ability to evoke a sense of nostalgia is powerful. It transports me to specific memories and emotions, making it a deeply personal and meaningful addition to my home.",US,,11/21/2024,,,yes,,,,,,,,
enigma-e,5,Thiago,"The artist's use of texture in this piece adds a wonderful tactile quality. It invites closer inspection and engages more than just the sense of sight, making it truly immersive.",US,,11/20/2024,,,yes,,,,,,,,
enigma-e,5,Madelyn,This artwork's ability to adapt to different decor styles is impressive. Its versatility makes it a great long-term investment that can evolve with my changing tastes and environments.,US,,11/19/2024,,,yes,,,,,,,,
enigma-e,5,Martin,"The way this piece plays with scale and proportion is mind-bending. It challenges my perception and offers a fresh perspective on familiar objects, making me see things differently.",US,,11/25/2024,,,yes,,,,,,,,
whimsical-garden-of-joy,5,SaintBarthelemyMint_Fresh,This piece's ability to create a focal point without overpowering the room is remarkable. It anchors the space beautifully while still allowing other elements to shine.,US,,11/23/2024,,,yes,,,,,,,,
whimsical-garden-of-joy,5,EnergyEfficientBuyer,"The artist's use of color gradients in this piece is masterful. It creates a soothing, almost hypnotic effect that draws me in and provides a sense of calm.",US,,11/21/2024,,,yes,,,,,,,,
whimsical-garden-of-joy,5,Elijah,This artwork's ability to blend traditional techniques with modern themes is impressive. It bridges the gap between classic and contemporary styles in a unique and thought-provoking way.,US,,11/20/2024,,,yes,,,,,,,,
whimsical-garden-of-joy,5,Azalea,"The way this piece captures movement and energy is extraordinary. Despite being a static image, it conveys a sense of dynamism that seems to animate the entire room.",US,,11/19/2024,,,yes,,,,,,,,
whimsical-garden-of-joy,3,Mason,"While the artwork is visually striking, its meaning feels obscure and inaccessible. I wish it had a clearer narrative or more relatable symbolism to connect with.",US,,11/16/2024,,,yes,,,,,,,,
celestial-celebration-of-creativity,5,SQLSamurai_99,"This piece's ability to create depth and dimension on a flat surface is remarkable. It's like looking into another world, inviting exploration and sparking my imagination.",US,,11/13/2024,,,yes,,,,,,,,
celestial-celebration-of-creativity,5,Verbena,"The artist's use of negative space in this composition is truly masterful. It creates a perfect balance and allows the eye to rest, enhancing the overall impact of the piece.",US,,11/20/2024,,,yes,,,,,,,,
celestial-celebration-of-creativity,3,WallArtAficionado,"While the technique is impressive, the subject matter feels clich¨¦ and overdone. I was hoping for something more original and thought-provoking to display in my home.",US,,11/24/2024,,,yes,,,,,,,,
celestial-celebration-of-creativity,5,Amaya,"This artwork's ability to change appearance under different lighting conditions is fascinating. It's like having multiple pieces in one, offering new experiences throughout the day.",US,,11/16/2024,,,yes,,,,,,,,
celestial-celebration-of-creativity,5,VennDiagramVirt,"The way this piece incorporates elements of nature is beautiful and calming. It brings a sense of the outdoors inside, creating a peaceful and grounding atmosphere in my space.",US,,11/25/2024,,,yes,,,,,,,,
celestial-lantern-tree-festival,5,WatchCollector55,"This piece's ability to evoke emotion through abstract forms is powerful. Despite its non-representational nature, it stirs deep feelings and memories every time I look at it.",US,,11/23/2024,,,yes,,,,,,,,
celestial-lantern-tree-festival,5,Lennox,"The artist's use of mixed media in this piece adds wonderful texture and depth. It invites closer inspection and reveals new details with each viewing, keeping it consistently engaging.",US,,11/21/2024,,,yes,,,,,,,,
celestial-lantern-tree-festival,3,Iris,"While the artwork is technically proficient, it lacks warmth and emotion. I find it hard to connect with on a deeper level, despite its undeniable visual appeal.",US,,11/20/2024,,,yes,,,,,,,,
celestial-lantern-tree-festival,5,Lavender,"This artwork's ability to capture a specific moment in time is breathtaking. It's like a window into a memory, evoking nostalgia and provoking deep reflection on past experiences.",US,,11/19/2024,,,yes,,,,,,,,
celestial-lantern-tree-festival,5,ToxicFreeTreasurer,"The way this piece plays with light and shadow creates a captivating visual effect. It seems to change throughout the day, offering new perspectives and keeping my interest piqued.",US,,11/16/2024,,,yes,,,,,,,,
starfishs-sunglasses-summer-soiree,5,Aether,This artwork's ability to blend different cultural influences seamlessly is impressive. It's a beautiful representation of our interconnected world and celebrates the richness of diverse heritage.,US,,11/13/2024,,,yes,,,,,,,,
starfishs-sunglasses-summer-soiree,5,PomegranateJuice_Ruby,The artist's use of unconventional materials in this piece adds an intriguing tactile element. It engages multiple senses and invites a more interactive and immersive viewing experience.,US,,11/20/2024,,,yes,,,,,,,,
starfishs-sunglasses-summer-soiree,5,CodingCowboy_42,"This piece's ability to create a sense of depth and perspective is remarkable. It's like looking through a window into another world, visually expanding the dimensions of my room.",US,,11/24/2024,,,yes,,,,,,,,
starfishs-sunglasses-summer-soiree,3,Oceanus,"Although the technique is impressive, the color palette is too muted and bland for my taste. It blends into the wall instead of making the bold statement I desired for the space.",US,,11/16/2024,,,yes,,,,,,,,
starfishs-sunglasses-summer-soiree,5,Lorelei,The way this artwork captures the essence of its subject is extraordinary. It goes beyond mere representation to convey the spirit and emotion of the scene in a powerful way.,US,,11/25/2024,,,yes,,,,,,,,
blossoming-joy-of-nurture,5,StellarSymphony,"This piece's ability to blend different artistic styles seamlessly is impressive. It's a beautiful fusion of techniques that creates something truly unique, engaging, and visually stunning.",US,,11/23/2024,,,yes,,,,,,,,
blossoming-joy-of-nurture,5,ChronosCrystal,The artist's use of geometric patterns in this piece creates a mesmerizing visual rhythm. It draws the eye in and creates a sense of order and harmony in the space.,US,,11/21/2024,,,yes,,,,,,,,
blossoming-joy-of-nurture,3,Adalyn,"While the artwork is technically proficient, it lacks originality and feels derivative. It doesn't add anything new to the artistic conversation or challenge me as a viewer.",US,,11/20/2024,,,yes,,,,,,,,
blossoming-joy-of-nurture,5,CosmicCrest,"This artwork's ability to evoke a sense of calm and tranquility is incredible. It's become a visual anchor in my home, promoting relaxation and mindfulness in my daily life.",US,,11/19/2024,,,yes,,,,,,,,
blossoming-joy-of-nurture,5,Lyla,The way this piece incorporates elements of sacred geometry is fascinating and thought-provoking. It adds a layer of meaning and invites contemplation beyond its immediate visual appeal.,US,,11/25/2024,,,yes,,,,,,,,
joyful-leap-over-nature,3,TechnoTreasureHunter,"While the colors are beautiful individually, the composition lacks balance and harmony. The clash of hues is jarring and makes it uncomfortable to view for extended periods.",US,,11/23/2024,,,yes,,,,,,,,
joyful-leap-over-nature,5,RunwayRenegadeRetailer,This artwork's ability to spark conversation and intellectual debate is remarkable. It's become a centerpiece for engaging discussions and diverse interpretations among my friends and family.,US,,11/21/2024,,,yes,,,,,,,,
joyful-leap-over-nature,5,EpigeneticExplorer,The artist's masterful use of color theory in this piece creates a harmonious and visually pleasing composition. It's a joy to look at and consistently lifts my mood.,US,,11/20/2024,,,yes,,,,,,,,
joyful-leap-over-nature,5,Atlas,This piece's ability to seamlessly blend different cultural influences is impressive and timely. It's a beautiful representation of global art and cross-cultural exchange in our modern world.,US,,11/19/2024,,,yes,,,,,,,,
joyful-leap-over-nature,3,Alexandra,"Although the materials used are high-quality, the overall design feels safe and uninspired. I was hoping for something more daring and thought-provoking to spark conversation.",US,,11/16/2024,,,yes,,,,,,,,
botanical-whimsy-in-chartreuse,5,SolarPoweredShopper,"The way this artwork interacts with the architectural features of my home is stunning. It seems to have been created specifically for this space, enhancing the overall aesthetics.",US,,11/13/2024,,,yes,,,,,,,,
botanical-whimsy-in-chartreuse,5,EchoEmber,This piece's ability to create a sense of movement within a static image is captivating. It brings a dynamic energy to the room that I find invigorating and uplifting.,US,,11/20/2024,,,yes,,,,,,,,
botanical-whimsy-in-chartreuse,3,Nevaeh,"Although the artwork is technically skilled, its emotional tone feels at odds with the atmosphere I want to create. It introduces a mood that doesn't fit with my home's vibe.",US,,11/24/2024,,,yes,,,,,,,,
botanical-whimsy-in-chartreuse,5,BloomingBargainBoss,The artist's innovative use of recycled materials in this piece adds an intriguing eco-friendly dimension. It's not only visually appealing but also aligns with my values.,US,,11/16/2024,,,yes,,,,,,,,
botanical-whimsy-in-chartreuse,5,Harper,"This artwork's ability to blend realistic and abstract elements is masterful. It challenges my perception and invites me to see the subject matter in a new, thought-provoking way.",US,,11/25/2024,,,yes,,,,,,,,
celestial-dance-in-green,3,ResidenceRefinerRanger,"Although the concept is interesting, the execution feels incomplete or unresolved. There are aspects of the piece that seem unfinished, which detracts from its overall impact.",US,,11/23/2024,,,yes,,,,,,,,
celestial-dance-in-green,5,SolarSpecter,"The way this piece captures and reflects light throughout the day is mesmerizing. It brings a dynamic, ever-changing element to my space that I find endlessly fascinating.",US,,11/21/2024,,,yes,,,,,,,,
celestial-dance-in-green,5,FutureFeaturesForager,"This artwork's subtle incorporation of hidden symbolism adds depth and intrigue. I'm constantly discovering new elements, which keeps the piece engaging and fresh over time.",US,,11/20/2024,,,yes,,,,,,,,
celestial-dance-in-green,3,EtherealEdge,"Although the technique is skillful, the subject matter feels too commonplace and unoriginal. I was hoping for a piece that would challenge and inspire me more.",US,,11/19/2024,,,yes,,,,,,,,
celestial-dance-in-green,5,DeFiDealFinder,"The artist's use of texture in this piece adds a wonderful tactile dimension. It invites closer inspection and engagement, making the viewing experience more immersive and interactive.",US,,11/16/2024,,,yes,,,,,,,,
fruity-frolic-in-pink,5,Naia,"This piece's ability to evoke a specific atmosphere or mood is powerful. It transforms the energy of the entire room, creating exactly the ambiance I was aiming for.",US,,11/13/2024,,,yes,,,,,,,,
fruity-frolic-in-pink,3,WeddingPlannerPro,"Although the framing is high-quality, the artwork itself seems to lack depth and complexity. I find myself wishing for more layers of meaning or visual interest.",US,,11/20/2024,,,yes,,,,,,,,
fruity-frolic-in-pink,5,FrameFiend,The way this artwork challenges traditional composition rules is refreshing and bold. It forces me to reconsider my preconceptions about art and keeps me intellectually engaged.,US,,11/24/2024,,,yes,,,,,,,,
fruity-frolic-in-pink,5,TransitionalTrendSetter,This piece's seamless blending of different artistic mediums is innovative and exciting. It pushes the boundaries of what I typically consider 'wall art' in a captivating way.,US,,11/16/2024,,,yes,,,,,,,,
fruity-frolic-in-pink,3,Arden,"Although the concept is intriguing, the execution lacks the finesse I expected. Certain elements feel underdeveloped, which diminishes the overall impact of the piece.",US,,11/25/2024,,,yes,,,,,,,,
verdant-giants-and-tiny-explorer,5,Maverick,The artist's masterful use of perspective in this piece creates an illusion of depth that's truly captivating. It seems to expand the space in a visually pleasing way.,US,,11/23/2024,,,yes,,,,,,,,
verdant-giants-and-tiny-explorer,4,WeightliftingFan,The subtle interplay of colors in this piece is captivating. It creates a soothing atmosphere that complements my room's decor beautifully.,US,,11/21/2024,,,yes,,,,,,,,
verdant-giants-and-tiny-explorer,5,RenewableResourceRenegade,"This artwork's ability to blend traditional and modern elements is impressive. It bridges different styles in my home, creating a cohesive look.",US,,11/20/2024,,,yes,,,,,,,,
verdant-giants-and-tiny-explorer,4,Lincoln,"The artist's use of texture adds an interesting dimension to the piece. It invites closer inspection and engagement, making it more than just a visual experience.",US,,11/19/2024,,,yes,,,,,,,,
playful-pursuit-atop-shark,5,CapeCodCrazy,"I'm fascinated by how this artwork seems to change under different lighting conditions. It's like having multiple pieces in one, evolving throughout the day.",US,,11/25/2024,,,yes,,,,,,,,
playful-pursuit-atop-shark,4,PixelPurchaser,"The composition of this piece is well-balanced, guiding the eye smoothly across the canvas. It's visually pleasing without being overwhelming.",US,,11/23/2024,,,yes,,,,,,,,
playful-pursuit-atop-shark,5,Owen,"This artwork's abstract nature allows for personal interpretation, which I find engaging. It sparks interesting conversations with guests about its possible meanings.",US,,11/21/2024,,,yes,,,,,,,,
playful-pursuit-atop-shark,4,Remy,The muted color palette of this piece adds a touch of sophistication to my space. It's understated yet impactful in its own quiet way.,US,,11/20/2024,,,yes,,,,,,,,
playful-pursuit-atop-shark,5,Joshua,"I appreciate how this artwork captures a specific moment or emotion. It resonates with me on a personal level, evoking memories and feelings.",US,,11/19/2024,,,yes,,,,,,,,
dynamic-orbital-abstraction,4,PhoenixPrism,The scale of this piece works well in my room. It's large enough to be a focal point without dominating the entire space.,US,,11/16/2024,,,yes,,,,,,,,
dynamic-orbital-abstraction,5,Theo,The artist's technique in this work is clearly masterful. The attention to detail and skilled execution elevate it beyond ordinary wall decor.,US,,11/13/2024,,,yes,,,,,,,,
dynamic-orbital-abstraction,4,Ezra,This piece adds a pop of color to my otherwise neutral room. It brings energy to the space without clashing with the existing decor.,US,,11/20/2024,,,yes,,,,,,,,
dynamic-orbital-abstraction,5,GuyanaQuassia_Bitter,"I'm impressed by the depth and layers in this artwork. Each viewing reveals new details, keeping it interesting and engaging over time.",US,,11/24/2024,,,yes,,,,,,,,
dynamic-orbital-abstraction,4,Aaliyah,The geometric patterns in this piece create a sense of order and structure. It adds a modern touch to my traditional space.,US,,11/16/2024,,,yes,,,,,,,,
nocturnal-orbital-dynamics,5,Shai,This artwork's ability to evoke a specific atmosphere is remarkable. It transforms the mood of the entire room in a subtle yet powerful way.,US,,11/25/2024,,,yes,,,,,,,,
nocturnal-orbital-dynamics,4,MakeupMasterBuyer,The use of negative space in this piece is effective. It allows the artwork to breathe and doesn't overwhelm the viewer.,US,,11/23/2024,,,yes,,,,,,,,
nocturnal-orbital-dynamics,5,ArnoldPalmer_Lemonade,"I love how this piece incorporates elements of nature. It brings a sense of the outdoors inside, creating a calming and grounding effect.",US,,11/21/2024,,,yes,,,,,,,,
nocturnal-orbital-dynamics,4,Delilah,The contrast between light and dark in this artwork is striking. It adds drama to the room without being too intense.,US,,11/20/2024,,,yes,,,,,,,,
nocturnal-orbital-dynamics,5,HotChocolateMarshmallow,This piece's ability to blend different cultural influences is fascinating. It's a beautiful representation of diversity and global connections.,US,,11/19/2024,,,yes,,,,,,,,
ethereal-geometric-interplay,4,PhoenixParagon,The subtle texture in this piece adds visual interest. It's not immediately noticeable but rewards closer inspection.,US,,11/16/2024,,,yes,,,,,,,,
ethereal-geometric-interplay,5,CryptoKing2024,I'm captivated by the sense of movement this static piece manages to convey. It brings a dynamic energy to an otherwise still room.,US,,11/13/2024,,,yes,,,,,,,,
ethereal-geometric-interplay,4,ArtfulAbode,The framing of this artwork complements the piece perfectly. It enhances the art without overshadowing it.,US,,11/20/2024,,,yes,,,,,,,,
ethereal-geometric-interplay,5,CelestialCrest,This piece's ability to spark imagination and storytelling is wonderful. It's become a source of creative inspiration in my daily life.,US,,11/24/2024,,,yes,,,,,,,,
ethereal-geometric-interplay,4,Graham,The color gradient in this artwork is smoothly executed. It creates a soothing visual effect that I find very appealing.,US,,11/16/2024,,,yes,,,,,,,,
aqueous-orbital-dance,5,Aubrey,I appreciate the thought-provoking nature of this piece. It challenges me to think deeper and see things from new perspectives.,US,,11/25/2024,,,yes,,,,,,,,
aqueous-orbital-dance,4,RussianTea_Samovar,The subtle symbolism incorporated into this artwork adds depth. It's not obvious at first glance but reveals itself over time.,US,,11/23/2024,,,yes,,,,,,,,
aqueous-orbital-dance,5,Viper,This piece's ability to blend seamlessly with different decor styles is impressive. It's versatile enough to move between rooms as my tastes change.,US,,11/21/2024,,,yes,,,,,,,,
aqueous-orbital-dance,4,Iris,The use of mixed media in this artwork adds interesting textures and dimensions. It's visually complex without being cluttered.,US,,11/20/2024,,,yes,,,,,,,,
aqueous-orbital-dance,5,CoolCat87,I'm drawn to the emotional depth this piece conveys. It resonates with me on a personal level and evokes a strong emotional response.,US,,11/19/2024,,,yes,,,,,,,,
ethereal-x-marks,4,Hyacinth,"The composition of this artwork guides the eye in an interesting way. It's well-balanced yet dynamic, keeping the viewer engaged.",US,,11/25/2024,,,yes,,,,,,,,
ethereal-x-marks,5,HistoryBuff,"This piece's ability to capture light is remarkable. It seems to glow from within, adding warmth and ambiance to the room.",US,,11/23/2024,,,yes,,,,,,,,
ethereal-x-marks,4,Lynx,The abstract elements in this piece allow for personal interpretation. It's become a Rorschach test of sorts for my guests.,US,,11/21/2024,,,yes,,,,,,,,
ethereal-x-marks,5,CeylonTea_Bright,I'm impressed by how this artwork seems to expand the sense of space in the room. It adds depth and dimension to the wall.,US,,11/20/2024,,,yes,,,,,,,,
ethereal-x-marks,4,Jackson,"The subtle color variations in this piece are beautifully executed. They create a rich, layered effect that rewards close inspection.",US,,11/19/2024,,,yes,,,,,,,,
stroll-through-time-a,5,BluesBreather_Delta,This artwork's ability to convey a sense of calm is powerful. It's become a focal point for relaxation and mindfulness in my home.,US,,11/16/2024,,,yes,,,,,,,,
stroll-through-time-a,4,Rosemary,The interplay between different elements in this piece is fascinating. It creates a visual dialogue that keeps me engaged.,US,,11/13/2024,,,yes,,,,,,,,
stroll-through-time-a,5,ConsoleCacheCollector,I love how this artwork references art history while still feeling contemporary. It's a bridge between past and present.,US,,11/20/2024,,,yes,,,,,,,,
stroll-through-time-a,4,Iker,The use of line and form in this piece is skillful. It creates a sense of structure and flow that's visually pleasing.,US,,11/24/2024,,,yes,,,,,,,,
stroll-through-time-a,5,Bear,This artwork's ability to change the entire feel of the room is remarkable. It sets the tone for the space in a subtle yet powerful way.,US,,11/16/2024,,,yes,,,,,,,,
stroll-through-time-b,4,MolecularMerchant,The balance between realism and abstraction in this piece is well-executed. It's recognizable yet open to interpretation.,US,,11/25/2024,,,yes,,,,,,,,
stroll-through-time-b,5,LeetLinguist_21,I'm captivated by the sense of depth this two-dimensional piece manages to create. It's like looking into another world.,US,,11/23/2024,,,yes,,,,,,,,
stroll-through-time-b,4,Ryleigh,The limited color palette in this artwork is used to great effect. It creates a cohesive and impactful visual statement.,US,,11/21/2024,,,yes,,,,,,,,
stroll-through-time-b,5,Thea,This piece's ability to evoke a specific time or place is powerful. It transports me every time I look at it.,US,,11/20/2024,,,yes,,,,,,,,
stroll-through-time-b,4,TokenomicsTrader,The textural elements in this artwork add an interesting tactile quality. It makes me want to reach out and touch it.,US,,11/19/2024,,,yes,,,,,,,,
stroll-through-time-c,5,ShowbizShopaholicSupreme,I appreciate how this piece challenges traditional notions of composition. It's unconventional yet still visually harmonious.,US,,11/16/2024,,,yes,,,,,,,,
stroll-through-time-c,4,HighEndHuntress,The way this artwork plays with perspective is intriguing. It offers a unique view that makes me see things differently.,US,,11/13/2024,,,yes,,,,,,,,
stroll-through-time-c,5,Brayden,This piece's incorporation of unexpected materials is fascinating. It pushes the boundaries of what I consider 'wall art'.,US,,11/20/2024,,,yes,,,,,,,,
stroll-through-time-c,4,Anemone,The subtle gradations of tone in this monochromatic piece are beautifully executed. It's simple yet rich in visual interest.,US,,11/24/2024,,,yes,,,,,,,,
stroll-through-time-c,5,LightPollutionLimiter,I'm impressed by how this artwork seems to change depending on the viewing angle. It offers a new experience with each perspective.,US,,11/16/2024,,,yes,,,,,,,,
mesmerizing-wavy-lines-2,4,Alice,The use of repetitive patterns in this piece creates a hypnotic effect. It's visually engaging without being overwhelming.,US,,11/25/2024,,,yes,,,,,,,,
mesmerizing-wavy-lines-2,5,KahootKing_101,This artwork's ability to blend different artistic styles is remarkable. It creates something truly unique and captivating.,US,,11/23/2024,,,yes,,,,,,,,
mesmerizing-wavy-lines-2,4,Nova,The way this piece captures light and shadow is skillful. It adds a sense of dimensionality to the flat surface.,US,,11/21/2024,,,yes,,,,,,,,
mesmerizing-wavy-lines-2,5,Caleb,I love how this artwork tells a story without being overly literal. It leaves room for imagination and personal connection.,US,,11/20/2024,,,yes,,,,,,,,
mesmerizing-wavy-lines-2,4,Ariana,The subtle asymmetry in this piece adds visual interest. It's balanced overall but with enough variation to keep the eye engaged.,US,,11/19/2024,,,yes,,,,,,,,
dive-into-the-waves-of-serenity-2,5,CosmicChroma,This artwork's ability to create a sense of movement within a static image is captivating. It brings energy to the space.,US,,11/25/2024,,,yes,,,,,,,,
dive-into-the-waves-of-serenity-2,4,CasualClothesLover,The use of white space in this piece is effective. It allows the key elements to stand out without feeling cluttered.,US,,11/23/2024,,,yes,,,,,,,,
dive-into-the-waves-of-serenity-2,5,PampasRider_Gaucho,I'm fascinated by the layered meanings in this artwork. It reveals more of itself the longer I live with it.,US,,11/21/2024,,,yes,,,,,,,,
dive-into-the-waves-of-serenity-2,4,Victoria,The color harmony in this piece is very pleasing to the eye. It creates a cohesive look that ties the room together.,US,,11/20/2024,,,yes,,,,,,,,
dive-into-the-waves-of-serenity-2,5,EtherealEssence,This artwork's ability to evoke a specific emotion is powerful. It sets the mood for the entire space.,US,,11/19/2024,,,yes,,,,,,,,
soft-pink-circles-on-a-white-and-pink-backdrop,4,BungalowBeautyBuff,The subtle references to art history in this piece add depth. It's contemporary yet grounded in artistic tradition.,US,,11/16/2024,,,yes,,,,,,,,
soft-pink-circles-on-a-white-and-pink-backdrop,5,GalacticGeyser,I appreciate how this artwork challenges my perceptions. It makes me look at familiar things in new ways.,US,,11/13/2024,,,yes,,,,,,,,
soft-pink-circles-on-a-white-and-pink-backdrop,4,Darius,The sense of balance in this asymmetrical composition is impressive. It feels dynamic yet harmonious.,US,,11/20/2024,,,yes,,,,,,,,
soft-pink-circles-on-a-white-and-pink-backdrop,5,Jack,This piece's ability to create a focal point without overpowering the room is remarkable. It anchors the space beautifully.,US,,11/24/2024,,,yes,,,,,,,,
soft-pink-circles-on-a-white-and-pink-backdrop,4,Ella,The use of complementary colors in this artwork creates a vibrant effect. It's eye-catching without being garish.,US,,11/16/2024,,,yes,,,,,,,,
serenity-in-stripes-2,5,Roan,"I'm drawn to the sense of mystery this piece evokes. It keeps me engaged and curious, always finding new elements.",US,,11/25/2024,,,yes,,,,,,,,
serenity-in-stripes-2,4,Leon,The way this artwork plays with scale is interesting. It makes me reconsider the relationships between objects.,US,,11/23/2024,,,yes,,,,,,,,
serenity-in-stripes-2,5,KerasKnight_365,This piece's incorporation of text adds an intriguing layer of meaning. It blends visual and verbal communication effectively.,US,,11/21/2024,,,yes,,,,,,,,
serenity-in-stripes-2,4,Jeremy,The subtle tonal variations in this piece create a sense of depth. It's visually complex despite its apparent simplicity.,US,,11/20/2024,,,yes,,,,,,,,
serenity-in-stripes-2,5,PunMaster,I love how this artwork references popular culture in a thoughtful way. It's both accessible and thought-provoking.,US,,11/19/2024,,,yes,,,,,,,,
mesmerizing-wavy-lines-1,4,MountainExplorer,"The use of organic forms in this piece brings a natural, flowing quality to the space. It softens the room's angular lines.",US,,11/16/2024,,,yes,,,,,,,,
mesmerizing-wavy-lines-1,5,Anise,This artwork's ability to create a sense of calm through chaotic elements is fascinating. It's paradoxically both energizing and soothing.,US,,11/13/2024,,,yes,,,,,,,,
mesmerizing-wavy-lines-1,4,Poppy,The interplay between two-dimensional and three-dimensional elements in this piece is captivating. It challenges spatial perceptions.,US,,11/20/2024,,,yes,,,,,,,,
mesmerizing-wavy-lines-1,5,TudorTreasureHunter,I appreciate how this artwork brings a touch of the surreal to my everyday space. It adds an element of wonder to daily life.,US,,11/24/2024,,,yes,,,,,,,,
mesmerizing-wavy-lines-1,4,StormWatcher_Thunder,"The use of metallic elements in this piece adds a luxurious touch. It catches the light beautifully, changing throughout the day.",US,,11/16/2024,,,yes,,,,,,,,
dive-into-the-waves-of-serenity-1,5,CookwareCollector,This artwork's exploration of a single theme through multiple variations is engaging. It's like a visual essay on the wall.,US,,11/25/2024,,,yes,,,,,,,,
dive-into-the-waves-of-serenity-1,4,PlasmaPixel,The way this piece incorporates architectural elements is intriguing. It bridges the gap between art and the built environment.,US,,11/23/2024,,,yes,,,,,,,,
dive-into-the-waves-of-serenity-1,5,IllustratorIcon,I'm impressed by how this artwork manages to be both bold and subtle simultaneously. It has presence without being overbearing.,US,,11/21/2024,,,yes,,,,,,,,
dive-into-the-waves-of-serenity-1,4,SeedStashSeeker,The use of transparent layers in this piece creates interesting visual effects. It rewards close inspection and changes with viewing distance.,US,,11/20/2024,,,yes,,,,,,,,
dive-into-the-waves-of-serenity-1,5,Callum,This artwork's ability to reference multiple time periods at once is fascinating. It creates a sense of timelessness.,US,,11/19/2024,,,yes,,,,,,,,
soft-pink-circles-on-a-white-and-green-backdrop,4,Roman,The subtle color shifts in this piece are beautifully executed. They create a sense of movement and life within the static image.,US,,11/25/2024,,,yes,,,,,,,,
soft-pink-circles-on-a-white-and-green-backdrop,5,Cameron,I love how this artwork challenges the traditional rectangle format. Its unique shape adds interest to the wall composition.,US,,11/23/2024,,,yes,,,,,,,,
soft-pink-circles-on-a-white-and-green-backdrop,4,Atlas,The use of repetitive elements in this piece creates a sense of rhythm. It adds a musical quality to the visual experience.,US,,11/21/2024,,,yes,,,,,,,,
soft-pink-circles-on-a-white-and-green-backdrop,5,Buttercup,This artwork's ability to blend digital and analog techniques is impressive. It bridges traditional and contemporary art practices.,US,,11/20/2024,,,yes,,,,,,,,
soft-pink-circles-on-a-white-and-green-backdrop,4,Thyme,The way this piece plays with positive and negative space is engaging. It creates interesting silhouettes and shapes.,US,,11/19/2024,,,yes,,,,,,,,
serenity-in-stripes-3,5,Evelyn,I appreciate how this artwork incorporates elements of local culture. It gives my space a sense of place and connection.,US,,11/16/2024,,,yes,,,,,,,,
serenity-in-stripes-3,4,Hudson,The use of unusual color combinations in this piece is surprisingly harmonious. It expands my perception of color relationships.,US,,11/13/2024,,,yes,,,,,,,,
serenity-in-stripes-3,5,QLearningQuest,This artwork's exploration of texture through visual means is fascinating. It creates a tactile experience for the eyes.,US,,11/20/2024,,,yes,,,,,,,,
serenity-in-stripes-3,4,Abigail,The way this piece incorporates elements of chance or randomness is intriguing. It feels both composed and spontaneous.,US,,11/24/2024,,,yes,,,,,,,,
serenity-in-stripes-3,5,SciFiMerchHunter,I'm captivated by how this artwork seems to shift and change depending on my mood. It's responsive to my emotional state.,US,,11/16/2024,,,yes,,,,,,,,
dreamscape-monstera-deliciosa,4,Chrysanthemum,The use of forced perspective in this piece creates interesting optical effects. It plays with perception in a thought-provoking way.,US,,11/25/2024,,,yes,,,,,,,,
dreamscape-monstera-deliciosa,5,MuralMystic,This artwork's ability to reference multiple artistic movements simultaneously is impressive. It's a visual journey through art history.,US,,11/23/2024,,,yes,,,,,,,,
dreamscape-monstera-deliciosa,4,Eliana,The subtle incorporation of hidden images or patterns in this piece is delightful. It's like a visual treasure hunt.,US,,11/21/2024,,,yes,,,,,,,,
dreamscape-monstera-deliciosa,5,EcoCleanerCollector,I love how this piece challenges the boundary between painting and sculpture. It exists in a fascinating in-between space.,US,,11/20/2024,,,yes,,,,,,,,
dreamscape-monstera-deliciosa,4,Nova,"The use of contrasting textures in this artwork adds visual and tactile interest. It creates a rich, layered experience.",US,,11/19/2024,,,yes,,,,,,,,
dreamscape-mountain-tortoise,5,GlobetrotterGearGrabber,This piece's exploration of a single color in all its variations is mesmerizing. It expands my appreciation of color depth.,US,,11/16/2024,,,yes,,,,,,,,
dreamscape-mountain-tortoise,4,QuasarQuill,The way this artwork incorporates elements of time or temporality is thought-provoking. It adds a fourth dimension to the visual experience.,US,,11/13/2024,,,yes,,,,,,,,
dreamscape-mountain-tortoise,5,RefinedRetailRoyalty,I'm impressed by how this piece manages to be both decorative and conceptually deep. It works on multiple levels of engagement.,US,,11/20/2024,,,yes,,,,,,,,
dreamscape-mountain-tortoise,5,SupplementShopper,The vibrant colors in this piece from zenarart.com have completely transformed my living room. It's become the focal point that ties everything together beautifully.,US,,11/24/2024,,,yes,,,,,,,,
dreamscape-mountain-tortoise,4,MockMojito_Mint,"I'm impressed by the quality of the canvas print. The colors are rich and true to the online image, exceeding my expectations.",US,,11/16/2024,,,yes,,,,,,,,
dreamscape-giant-umbrella-leaf,5,InVisionInnovator,This artwork has brought a sense of serenity to my bedroom. The subtle hues and flowing lines create a peaceful atmosphere perfect for relaxation.,US,,11/25/2024,,,yes,,,,,,,,
dreamscape-giant-umbrella-leaf,4,MetaverseMarketeer,"The abstract design allows for personal interpretation, which I love. It's become a great conversation starter when guests visit my home.",US,,11/23/2024,,,yes,,,,,,,,
dreamscape-giant-umbrella-leaf,5,PublicSpeaker,"The attention to detail in this piece is remarkable. I notice something new every time I look at it, keeping it fresh and interesting.",US,,11/21/2024,,,yes,,,,,,,,
dreamscape-giant-umbrella-leaf,4,DinnerMasterChef,"Zenarart.com's customer service was exceptional. They helped me choose the perfect size for my wall, and the result is stunning.",US,,11/20/2024,,,yes,,,,,,,,
dreamscape-giant-umbrella-leaf,5,NeonNinja_2023,"This artwork has added a touch of sophistication to my office. It's professional yet intriguing, perfect for my work environment.",US,,11/19/2024,,,yes,,,,,,,,
dreamscape-rubber-tree,4,Iker,I appreciate how this piece blends with my existing decor while still standing out. It's enhanced the overall aesthetic of my room.,US,,11/25/2024,,,yes,,,,,,,,
dreamscape-rubber-tree,5,DifferentialEvoDiva,The texture in this painting adds depth and dimension. It looks even better in person than it did on the website.,US,,11/23/2024,,,yes,,,,,,,,
dreamscape-rubber-tree,4,BinaryBard_365,This artwork has become the centerpiece of my dining room. It sets the perfect mood for both casual and formal dinners.,US,,11/21/2024,,,yes,,,,,,,,
dreamscape-rubber-tree,5,Sarah,I'm amazed by how this piece changes throughout the day as the light shifts. It's like having multiple artworks in one.,US,,11/20/2024,,,yes,,,,,,,,
dreamscape-rubber-tree,4,GrammarlyCaptain,The framing option I chose complements the artwork beautifully. It looks like a gallery piece right on my wall.,US,,11/19/2024,,,yes,,,,,,,,
dreamscape-aloe-vera,5,Cetus,This abstract piece allows me to see something different each time I look at it. It's both calming and thought-provoking.,US,,11/16/2024,,,yes,,,,,,,,
dreamscape-aloe-vera,4,Declan,The size of the artwork is perfect for my space. Zenarart.com's size guide was spot-on in helping me choose.,US,,11/13/2024,,,yes,,,,,,,,
dreamscape-aloe-vera,5,Greyson,I love how this piece brings a pop of color to my otherwise neutral room. It's exactly what the space needed.,US,,11/20/2024,,,yes,,,,,,,,
dreamscape-aloe-vera,4,SunnyDayz2023,"The quality of the print is outstanding. The colors are vivid and the details are crisp, even up close.",US,,11/24/2024,,,yes,,,,,,,,
dreamscape-aloe-vera,5,MilkTea_Creamy,This artwork has transformed my entryway into a welcoming and stylish space. It sets the tone for the rest of my home.,US,,11/16/2024,,,yes,,,,,,,,
dreamscape-sweet-potato-vine,4,Rylee,I'm impressed by how well-packaged the artwork arrived. It was well-protected and came with clear hanging instructions.,US,,11/25/2024,,,yes,,,,,,,,
dreamscape-sweet-potato-vine,5,BarwareBuffBuyer,The emotional depth of this piece is remarkable. It evokes a different feeling each time I pass by it.,US,,11/23/2024,,,yes,,,,,,,,
dreamscape-sweet-potato-vine,4,RadiantRift,"This artwork has added a modern touch to my traditional decor, creating an interesting and balanced look in my living room.",US,,11/21/2024,,,yes,,,,,,,,
dreamscape-sweet-potato-vine,5,SudokuSage,I appreciate the uniqueness of this piece. It's unlike anything I've seen in my friends' homes or in stores.,US,,11/20/2024,,,yes,,,,,,,,
dreamscape-sweet-potato-vine,4,Gardenia,The customer support at zenarart.com was fantastic. They helped me track my order and ensured it arrived on time.,US,,11/19/2024,,,yes,,,,,,,,
lucky-bamboo-prosperity,5,Valentina,This artwork has brought a sense of harmony to my space. The composition is perfectly balanced and soothing to look at.,US,,11/16/2024,,,yes,,,,,,,,
lucky-bamboo-prosperity,4,HandbagHoarder101,I'm pleasantly surprised by how well this piece ties together all the colors in my room. It's like it was made for my space.,US,,11/13/2024,,,yes,,,,,,,,
lucky-bamboo-prosperity,5,Anthony,"The energy this artwork brings to my room is incredible. It's vibrant without being overwhelming, creating a perfect atmosphere.",US,,11/20/2024,,,yes,,,,,,,,
lucky-bamboo-prosperity,4,PeppermintTea_Cool,"This piece has added depth to my room. It creates the illusion of more space, which is perfect for my small apartment.",US,,11/24/2024,,,yes,,,,,,,,
lucky-bamboo-prosperity,5,VoiceControlVixen,I love how this artwork reflects my personality. It's become a true expression of my style in my home.,US,,11/16/2024,,,yes,,,,,,,,
green-pompom,4,Cardamom,The quality of the canvas is impressive. It feels durable and looks like it will maintain its beauty for years to come.,US,,11/25/2024,,,yes,,,,,,,,
green-pompom,5,Juniper,"This piece has a calming effect on me. After a long day, I find myself drawn to it, feeling more relaxed as I gaze at it.",US,,11/23/2024,,,yes,,,,,,,,
green-pompom,4,Benjamin,The artwork arrived even faster than expected. I was impressed by zenarart.com's efficient shipping and handling.,US,,11/21/2024,,,yes,,,,,,,,
green-pompom,5,AntiqueTreasureTracker,This piece has sparked my creativity. Looking at it inspires me and gets my creative juices flowing in my home office.,US,,11/20/2024,,,yes,,,,,,,,
green-pompom,4,MuralMoment,"I appreciate the versatility of this artwork. It would look great in any room, making it a worthwhile investment.",US,,11/19/2024,,,yes,,,,,,,,
happy-cats'-birthday-bash,5,ShoeLover789,The way this piece plays with light and shadow is captivating. It adds a dynamic element to my otherwise static room.,US,,11/25/2024,,,yes,,,,,,,,
happy-cats'-birthday-bash,4,NimbusNeptune,This artwork has become a daily source of joy. It lifts my mood every time I walk into the room.,US,,11/23/2024,,,yes,,,,,,,,
happy-cats'-birthday-bash,5,CandleHolderHunter,I'm impressed by how well this piece complements my color scheme. It ties everything together beautifully.,US,,11/21/2024,,,yes,,,,,,,,
happy-cats'-birthday-bash,4,Aurora,The abstract nature of this artwork allows it to adapt to my changing moods. It seems to resonate differently each day.,US,,11/20/2024,,,yes,,,,,,,,
happy-cats'-birthday-bash,5,MirrorMasterShopper,This piece has added a touch of elegance to my space. It elevates the entire room without being pretentious.,US,,11/19/2024,,,yes,,,,,,,,
cats'-knockout-boxing-match,4,Ava,"I love the conversation this artwork sparks among my guests. Everyone sees something different in it, leading to interesting discussions.",US,,11/16/2024,,,yes,,,,,,,,
cats'-knockout-boxing-match,5,ArtDecoAddict,"The depth of color in this piece is remarkable. It's rich and vibrant, adding life to my previously dull wall.",US,,11/13/2024,,,yes,,,,,,,,
cats'-knockout-boxing-match,4,Abigail,This artwork has created a focal point in my room that draws the eye without overpowering the space. It's perfectly balanced.,US,,11/20/2024,,,yes,,,,,,,,
cats'-knockout-boxing-match,5,Ellie,I'm amazed by the emotional response this piece evokes. It resonates with me on a deep level I didn't expect from wall art.,US,,11/24/2024,,,yes,,,,,,,,
cats'-knockout-boxing-match,4,AetherAxis,The customer service at zenarart.com went above and beyond. They helped me choose a piece that perfectly fits my style and space.,US,,11/16/2024,,,yes,,,,,,,,
cats-cozy-winter-day,5,CanvasCrafter,This artwork has transformed my bedroom into a serene retreat. The calming colors and composition promote relaxation and peace.,US,,11/25/2024,,,yes,,,,,,,,
cats-cozy-winter-day,4,Emily,I appreciate the artist's unique perspective captured in this piece. It's thought-provoking and adds intellectual depth to my space.,US,,11/23/2024,,,yes,,,,,,,,
cats-cozy-winter-day,5,Zayn,The quality of this print exceeds my expectations. The colors are true to the online image and the details are crisp.,US,,11/21/2024,,,yes,,,,,,,,
cats-cozy-winter-day,4,Nicholas,"This piece has added a sophisticated touch to my home office. It's professional yet intriguing, perfect for my work environment.",US,,11/20/2024,,,yes,,,,,,,,
cats-cozy-winter-day,5,PalettePioneerPurchaser,I love how this artwork changes throughout the day as the light shifts. It keeps the room feeling dynamic and alive.,US,,11/19/2024,,,yes,,,,,,,,
cats-dreamy-playtime-fantasy,4,Zayden,The size of this piece is perfect for my wall. It makes a statement without overwhelming the space.,US,,11/16/2024,,,yes,,,,,,,,
cats-dreamy-playtime-fantasy,5,QuasarQuintessence,This artwork has brought a sense of cohesion to my eclectic decor. It ties together different elements beautifully.,US,,11/13/2024,,,yes,,,,,,,,
cats-dreamy-playtime-fantasy,4,AestheticAccent,I'm impressed by the craftsmanship of this piece. The attention to detail is evident and adds to its overall impact.,US,,11/20/2024,,,yes,,,,,,,,
cats-dreamy-playtime-fantasy,5,Circinus,The energy this artwork brings to my space is transformative. It's elevated the entire atmosphere of my living room.,US,,11/24/2024,,,yes,,,,,,,,
cats-dreamy-playtime-fantasy,4,Kaden,This piece has added depth and interest to my minimalist decor. It's the perfect statement piece for my style.,US,,11/16/2024,,,yes,,,,,,,,
elegant-cats-fashion-fantasy,5,MakerMovementMerchMaster,I appreciate how this artwork invites contemplation. It's become a source of daily inspiration and reflection for me.,US,,11/25/2024,,,yes,,,,,,,,
elegant-cats-fashion-fantasy,4,Harley,The framing option I chose from zenarart.com complements the artwork perfectly. It looks like a high-end gallery piece.,US,,11/23/2024,,,yes,,,,,,,,
elegant-cats-fashion-fantasy,5,MicroservicesMvp,This piece has brought a touch of nature indoors. It connects my living space with the outside world in a beautiful way.,US,,11/21/2024,,,yes,,,,,,,,
elegant-cats-fashion-fantasy,4,Xander,I'm amazed by how well this artwork fits with my existing decor. It's like it was made specifically for my space.,US,,11/20/2024,,,yes,,,,,,,,
elegant-cats-fashion-fantasy,5,ASCIIArtist_99,"The abstract quality of this piece allows for personal interpretation, which I love. It keeps the artwork fresh and engaging.",US,,11/19/2024,,,yes,,,,,,,,
cat's-cozy-kitchen-cabinet,4,AltairAce_2023,This artwork has added a pop of color to my neutral palette. It's the perfect accent to liven up my space.,US,,11/25/2024,,,yes,,,,,,,,
cat's-cozy-kitchen-cabinet,5,InfinityImpulse,I love the sense of movement this piece brings to my room. It creates a dynamic feel in an otherwise static space.,US,,11/23/2024,,,yes,,,,,,,,
cat's-cozy-kitchen-cabinet,4,MuralMinded,The customer support from zenarart.com was exceptional. They ensured I was completely satisfied with my purchase.,US,,11/21/2024,,,yes,,,,,,,,
cat's-cozy-kitchen-cabinet,5,EmergingTechTrader,This artwork has become a daily source of inspiration. It motivates me and lifts my spirits every time I see it.,US,,11/20/2024,,,yes,,,,,,,,
cat's-cozy-kitchen-cabinet,4,OrganicArchitectureFan,"I appreciate the versatility of this piece. It would look great in any room, making it a worthwhile long-term investment.",US,,11/19/2024,,,yes,,,,,,,,
the-cats,5,CozyCornerCollector,The way this artwork plays with perspective is fascinating. It adds depth and interest to my flat wall.,US,,11/16/2024,,,yes,,,,,,,,
the-cats,4,River,This piece has transformed my entryway into a welcoming and stylish space. It sets the tone for the rest of my home.,US,,11/13/2024,,,yes,,,,,,,,
the-cats,5,WallArtWrangler,I'm impressed by how this artwork ties together all the colors in my room. It creates a cohesive and harmonious look.,US,,11/20/2024,,,yes,,,,,,,,
the-cats,4,Addison,The quality of the canvas is superb. It feels durable and looks like it will maintain its beauty for years to come.,US,,11/24/2024,,,yes,,,,,,,,
the-cats,5,Cole,This piece has added a touch of whimsy to my formal living room. It's the perfect balance of sophistication and fun.,US,,11/16/2024,,,yes,,,,,,,,
cosmic-concert,4,Genevieve,I love how this artwork reflects the changing seasons. It seems to take on new meaning as the year progresses.,US,,11/25/2024,,,yes,,,,,,,,
cosmic-concert,5,Willa,The emotional depth of this piece is remarkable. It resonates with me on a level I didn't expect from wall art.,US,,11/23/2024,,,yes,,,,,,,,
cosmic-concert,4,Niko,This artwork has created a calming atmosphere in my hectic household. It's become a visual anchor for relaxation.,US,,11/21/2024,,,yes,,,,,,,,
cosmic-concert,5,AuroraArc,I appreciate the unique texture of this piece. It adds a tactile quality that makes the artwork even more engaging.,US,,11/20/2024,,,yes,,,,,,,,
cosmic-concert,4,Alex,"The sizing guide on zenarart.com was incredibly helpful. The piece fits perfectly in my space, just as I had envisioned.",US,,11/19/2024,,,yes,,,,,,,,
performance-in-progress,5,BookWorm1995,This artwork has brought a sense of adventure to my home. It inspires me to think creatively and dream big.,US,,11/16/2024,,,yes,,,,,,,,
performance-in-progress,4,GradientBoostinguru,"I'm amazed by the quality of the print. The colors are vibrant and the details are sharp, even upon close inspection.",US,,11/13/2024,,,yes,,,,,,,,
performance-in-progress,5,Aubree,This piece has added a touch of elegance to my dining room. It elevates the space for both everyday meals and special occasions.,US,,11/20/2024,,,yes,,,,,,,,
performance-in-progress,4,Isabella,The abstract design of this artwork allows it to adapt to my changing moods and perceptions. It's always fresh and interesting.,US,,11/24/2024,,,yes,,,,,,,,
performance-in-progress,5,EtherealEpoch,I love how this piece captures the essence of my favorite season. It brings a year-round sense of that time to my home.,US,,11/16/2024,,,yes,,,,,,,,
all-about-dogs,4,Avery,"This artwork has become a conversation starter among my guests. Everyone has a different interpretation, leading to fascinating discussions.",US,,11/25/2024,,,yes,,,,,,,,
all-about-dogs,5,Cato,The depth of color in this piece is remarkable. It adds richness and vibrancy to my previously plain wall.,US,,11/23/2024,,,yes,,,,,,,,
all-about-dogs,4,VintageVixen79,I appreciate how this artwork complements my existing decor while still standing out as a unique piece.,US,,11/21/2024,,,yes,,,,,,,,
all-about-dogs,5,BobaTea_Chewy,This piece has transformed my bedroom into a peaceful retreat. The calming colors and composition promote relaxation and tranquility.,US,,11/20/2024,,,yes,,,,,,,,
all-about-dogs,4,Owen,I'm impressed by the artist's unique perspective captured in this piece. It's thought-provoking and adds depth to my space.,US,,11/19/2024,,,yes,,,,,,,,
big-ben,5,TrieTitan_2023,The way this artwork interacts with natural light is fascinating. It takes on new dimensions at different times of day.,US,,11/25/2024,,,yes,,,,,,,,
big-ben,4,Malachi,"This piece has added a sophisticated touch to my home office, inspiring creativity and focus during my workday.",US,,11/23/2024,,,yes,,,,,,,,
big-ben,5,SmartContractShopper,"I love how this artwork tells a story. Each time I look at it, I discover new elements that add to the narrative.",US,,11/21/2024,,,yes,,,,,,,,
big-ben,4,Jaxon,The customer service from zenarart.com was outstanding. They went above and beyond to ensure my complete satisfaction.,US,,11/20/2024,,,yes,,,,,,,,
big-ben,5,Mackenzie,This artwork has brought a sense of balance to my eclectic decor. It ties together different styles seamlessly.,US,,11/19/2024,,,yes,,,,,,,,
drawing-in-the-cafe1,4,PixelPioneer_42,"I appreciate the subtle details in this piece. They reveal themselves over time, keeping the artwork continuously engaging.",US,,11/16/2024,,,yes,,,,,,,,
drawing-in-the-cafe1,5,FramerFanatic_7,The energy this artwork brings to my space is transformative. It's elevated the entire atmosphere of my home.,US,,11/13/2024,,,yes,,,,,,,,
drawing-in-the-cafe1,4,Maeve,This piece has added depth and interest to my minimalist decor. It's the perfect statement piece for my style.,US,,11/20/2024,,,yes,,,,,,,,
drawing-in-the-cafe1,5,GreenGadgeteer,I'm amazed by how this artwork seems to change with my mood. It's responsive to my emotions in a way I never expected.,US,,11/24/2024,,,yes,,,,,,,,
drawing-in-the-cafe1,4,PalauNoni_Fruit,The framing option I chose enhances the artwork beautifully. It looks like a piece from a high-end art gallery.,US,,11/16/2024,,,yes,,,,,,,,
drawing-in-the-cafe2,5,TypeScriptTitan,This artwork has brought a touch of the exotic to my home. It reminds me of my travels and inspires future adventures.,US,,11/25/2024,,,yes,,,,,,,,
drawing-in-the-cafe2,4,ZenithZephyr,I love how this piece combines different artistic styles. It's a beautiful blend of traditional and contemporary elements.,US,,11/23/2024,,,yes,,,,,,,,
drawing-in-the-cafe2,5,Phoenix,"The abstract quality of this artwork allows it to grow with me. As I change, my interpretation of it evolves too.",US,,11/21/2024,,,yes,,,,,,,,
drawing-in-the-cafe2,4,Hunter,This piece has added a pop of unexpected color to my space. It's become the perfect accent to my neutral palette.,US,,11/20/2024,,,yes,,,,,,,,
drawing-in-the-cafe2,5,Summer,I appreciate the sense of movement this artwork brings to my room. It creates a dynamic feel in an otherwise static space.,US,,11/19/2024,,,yes,,,,,,,,
lake-district,4,NebulaNavigator,"The quality of this print is outstanding. The colors are vivid and true to life, exceeding my expectations.",US,,11/16/2024,,,yes,,,,,,,,
lake-district,5,Kendra,This artwork has become a daily source of joy and inspiration. It uplifts my mood every time I enter the room.,US,,11/13/2024,,,yes,,,,,,,,
lake-district,4,Camila,I'm impressed by how well this piece complements my color scheme. It ties everything together beautifully and effortlessly.,US,,11/20/2024,,,yes,,,,,,,,
lake-district,5,SilvopastureSavant,"The way this artwork plays with scale is fascinating. It makes me see everyday objects in a new, intriguing light.",US,,11/24/2024,,,yes,,,,,,,,
lake-district,4,Sol,This piece has transformed my living room into a more sophisticated space. It adds a touch of elegance without being pretentious.,US,,11/16/2024,,,yes,,,,,,,,
national-history-museum,5,AirDancer,"I love the conversation this artwork sparks among my guests. Everyone sees something different, leading to interesting discussions.",US,,11/25/2024,,,yes,,,,,,,,
national-history-museum,4,DomesticDreamDealer,The depth of emotion conveyed in this piece is remarkable. It resonates with me on a deeply personal level.,US,,11/23/2024,,,yes,,,,,,,,
national-history-museum,5,SymphonyStuffSeeker,This artwork has created a focal point in my room that draws the eye without overpowering the space. It's perfectly balanced.,US,,11/21/2024,,,yes,,,,,,,,
national-history-museum,4,BiophilicDesignBuyer,"I appreciate the artist's unique use of color in this piece. It's bold yet harmonious, making a strong visual impact.",US,,11/20/2024,,,yes,,,,,,,,
national-history-museum,5,Elizabeth,The texture in this artwork adds an unexpected dimension. It's visually interesting and invites a closer look.,US,,11/19/2024,,,yes,,,,,,,,
people-and-dogs,4,CosmeticsCacheCollector,This piece has brought a sense of calm to my busy household. It's a visual reminder to pause and reflect.,US,,11/25/2024,,,yes,,,,,,,,
people-and-dogs,5,FrontierFinderPro,I'm amazed by how this artwork seems to capture the essence of a memory. It evokes nostalgia in a beautiful way.,US,,11/23/2024,,,yes,,,,,,,,
people-and-dogs,4,CanvaCreator_88,"The composition of this piece is masterful. Every element is perfectly placed, creating a harmonious overall effect.",US,,11/21/2024,,,yes,,,,,,,,
people-and-dogs,5,ChileanBolldo_Digestive,This artwork has added a touch of whimsy to my formal dining room. It's the perfect balance of sophistication and playfulness.,US,,11/20/2024,,,yes,,,,,,,,
people-and-dogs,4,Amir,"I love how this piece brings the outdoors inside. It connects my living space with nature in a subtle, artistic way.",US,,11/19/2024,,,yes,,,,,,,,
pet-clinic,5,ShirleyGinger_Ale,The emotional range this artwork evokes is impressive. It seems to resonate differently depending on my mood.,US,,11/16/2024,,,yes,,,,,,,,
pet-clinic,4,Jackson,This piece has transformed my home office into an inspiring workspace. It sparks creativity and encourages innovative thinking.,US,,11/13/2024,,,yes,,,,,,,,
pet-clinic,5,QuantumQuasar,"I appreciate the timeless quality of this artwork. It feels both contemporary and classic, ensuring it won't go out of style.",US,,11/20/2024,,,yes,,,,,,,,
pet-clinic,4,AsianFusionFanatic,"The way this piece captures light is remarkable. It seems to glow from within, adding warmth to my space.",US,,11/24/2024,,,yes,,,,,,,,
pet-clinic,5,CraftsmanshipConnoisseurCart,This artwork has brought a sense of mystery to my home. It intrigues me daily and keeps me pondering its meaning.,US,,11/16/2024,,,yes,,,,,,,,
