Image,Name,Comment,Rating
mesmerizing-circles-of-blue-and-white,Alice,Love the artwork! It adds a vibrant touch to my living room.,5
mesmerizing-circles-of-blue-and-white,Bob,"The colors are stunning, but I wish the delivery was faster.",4
mesmerizing-circles-of-blue-and-white,Charlie,Not what I expected. The painting looked different online.,2
mesmerizing-circles-of-blue-and-white,Diana,A wonderful shopping experience! Highly recommend Zenarart.,5
mesmerizing-circles-of-blue-and-white,Ethan,"Great quality, but a bit expensive for my budget.",3
mesmerizing-circles-of-blue-and-white,Fiona,Absolutely love my new painting! It really brighten ups my office.,5
mesmerizing-circles-of-blue-and-white,George,It took forever to arrive. Very disappointed.,1
mesmerizing-circles-of-blue-and-white,Hannah,"The piece is beautiful, but the framing was poor.",3
mesmerizing-circles-of-blue-and-white,Ian,Amazing selection! I can't wait to buy more pieces.,5
mesmerizing-circles-of-blue-and-white,Jenna,The customer service was fantastic! They answered all my questions.,4
mesmerizing-circles-of-blue-and-white,Kevin,I love the abstract styles here. Perfect for my collection.,5
mesmerizing-circles-of-blue-and-white,Laura,"Great craftsmanship, but the shipping was a hassle.",3
mesmerizing-circles-of-blue-and-white,Mike,I am thrilled with my purchase! Highly recommend.,5
mesmerizing-circles-of-blue-and-white,Nina,"The colors are less vibrant in person, which was disappointing.",2
mesmerizing-circles-of-blue-and-white,Oscar,Such a unique piece! I'm so happy with my choice.,5
mesmerizing-circles-of-blue-and-white,Paula,Expected more from the quality based on the price.,2
mesmerizing-circles-of-blue-and-white,Quinn,I can't believe how beautiful this looks on my wall!,5
mesmerizing-circles-of-blue-and-white,Ryan,The checkout process was confusing. Needs improvement.,3
mesmerizing-circles-of-blue-and-white,Sophia,This is now my favorite piece of art! So happy!,5
mesmerizing-circles-of-blue-and-white,Tom,"The website was easy to navigate, which I appreciated.",4
mesmerizing-circles-of-blue-and-white,Uma,Art is subjective; didn’t resonate with me.,2
mesmerizing-circles-of-blue-and-white,Vera,Exceptional quality! Worth every penny.,5
mesmerizing-circles-of-blue-and-white,Wes,The painting was even better than I imagined.,5
mesmerizing-circles-of-blue-and-white,Xena,"Good selection, but need more options in my style.",3
mesmerizing-circles-of-blue-and-white,Yara,Customer service was slow to respond to my emails.,2
mesmerizing-circles-of-blue-and-white,Zane,Perfect for my new apartment! Love it!,5
mesmerizing-circles-of-blue-and-white,Ashley,"I wasn't sure initially, but now it feels like home.",4
mesmerizing-circles-of-blue-and-white,Brad,"Fabulous art, but shipping took a week longer than expected.",3
mesmerizing-circles-of-blue-and-white,Clara,The vibrant colors are exactly what I was looking for!,5
mesmerizing-circles-of-blue-and-white,Don,Not very satisfied; the colors are much duller.,1
mesmerizing-circles-of-blue-and-white,Eve,Lovely piece! The service was smooth and efficient.,4
mesmerizing-circles-of-blue-and-white,Frank,This painting inspires me every day! Absolutely love it.,5
mesmerizing-circles-of-blue-and-white,Gina,I wish I had asked about the dimensions beforehand.,2
mesmerizing-circles-of-blue-and-white,Hank,Great quality and quick delivery. Will shop again!,5
mesmerizing-circles-of-blue-and-white,Ivy,The art arrived safely packaged and on time. Happy with it.,4
mesmerizing-circles-of-blue-and-white,Jack,It's a fabulous addition to my collection; love it!,5
mesmerizing-circles-of-blue-and-white,Kara,Took too long to arrive. Wouldn't recommend.,1
mesmerizing-circles-of-blue-and-white,Leo,Stunning artwork! I stare at it every day.,5
mesmerizing-circles-of-blue-and-white,Maya,Quality was alright but not as good as I expected.,3
mesmerizing-circles-of-blue-and-white,Noah,Adore the modern touch to my decor. Highly recommend!,5
mesmerizing-circles-of-blue-and-white,Olivia,Just okay. The website promised too much.,2
mesmerizing-circles-of-blue-and-white,Paul,Excellent experience from browsing to buying! Great!,5
mesmerizing-circles-of-blue-and-white,Quincy,I find this very inspiring! Perfect for a creative mind.,5
mesmerizing-circles-of-blue-and-white,Rachel,"Solid artwork, but it didn't match my expectations.",3
mesmerizing-circles-of-blue-and-white,Sam,The texture is amazing. Definitely coming back for more.,5
mesmerizing-circles-of-blue-and-white,Tina,A bit overpriced for what I received.,2
mesmerizing-circles-of-blue-and-white,Ursula,Just fantastic! This is my happy place now.,5
mesmerizing-circles-of-blue-and-white,Victor,Funky and different! It makes a statement in my home.,5
mesmerizing-circles-of-blue-and-white,Wendy,"Really enjoyed my shopping experience. Thank you, Zenarart!",4
mesmerizing-circles-of-blue-and-white,Xander,The piece is lovely but took too long to arrive.,3
mesmerizing-circles-of-blue-and-white,Yvette,So beautiful! I can't stop admiring it.,5
mesmerizing-circles-of-blue-and-white,Zelda,Not impressed. The painting looks different in the picture.,1
serenity-in-motion,Alice,Loved the vibrant colors!,5
serenity-in-motion,Bob,Shipping took longer than expected.,3
serenity-in-motion,Charlie,"Exquisite work, will definitely buy again!",5
serenity-in-motion,Diana,Not what I expected.,2
serenity-in-motion,Edward,The piece looks stunning in my living room!,4
serenity-in-motion,Fiona,Customer service was very helpful.,4
serenity-in-motion,George,I was disappointed with the quality.,1
serenity-in-motion,Hannah,"Such a unique style, I adore it!",5
serenity-in-motion,Ivan,Great selection of artists!,4
serenity-in-motion,Jessica,I had a hard time navigating the site.,3
serenity-in-motion,Kevin,My friends can't stop complimenting my new art!,5
serenity-in-motion,Laura,The price was a bit high for my budget.,3
serenity-in-motion,Michael,Fast shipping and beautiful packaging!,5
serenity-in-motion,Nina,Not impressed with the customer support.,2
serenity-in-motion,Oscar,"Each piece tells a story, love it!",5
serenity-in-motion,Paula,Quality was mediocre.,2
serenity-in-motion,Quinn,A bit abstract for my taste but still a good buy.,3
serenity-in-motion,Ryan,Absolutely stunning work and very inspiring!,5
serenity-in-motion,Sophia,Shipping updates were confusing.,3
serenity-in-motion,Tom,I’ll recommend Zenarart to my friends!,4
serenity-in-motion,Uma,The painting didn’t match the description.,2
serenity-in-motion,Vince,Art makes my space feel alive!,5
serenity-in-motion,Wendy,"Love my new piece, worth every penny!",5
serenity-in-motion,Xander,Great variety on the site.,4
serenity-in-motion,Yara,"Difficult to find what I wanted, but good experience overall.",3
serenity-in-motion,Zane,Eager to purchase more from here!,5
serenity-in-motion,Alana,Had a fabulous experience!,5
serenity-in-motion,Brett,Wish there had been more options.,3
serenity-in-motion,Clara,Superb quality and craftsmanship!,5
serenity-in-motion,Dylan,The painting arrived with a small scratch.,2
serenity-in-motion,Eloise,Perfect gift for my sister!,4
serenity-in-motion,Felix,Easy transaction and lovely art!,5
serenity-in-motion,Gina,Had some trouble with payment process.,3
serenity-in-motion,Hugo,"Exceptional service, will come back for more!",5
serenity-in-motion,Ingrid,Art looks better in person than online.,5
serenity-in-motion,Jack,"Not impressed, I expected more.",2
serenity-in-motion,Kylie,"Stunning artwork, totally in love!",5
serenity-in-motion,Leo,Great quality but a bit pricey.,4
serenity-in-motion,Maya,Superb experience from start to finish!,5
serenity-in-motion,Noah,Disappointed with delivery delays.,2
serenity-in-motion,Olivia,"I love my new art piece, it stands out!",5
serenity-in-motion,Parker,Service could use improvement.,3
serenity-in-motion,Quincy,"Very artistic, happy with my purchase!",4
serenity-in-motion,Rita,The colors are just as vibrant as I hoped.,5
serenity-in-motion,Sam,Would have liked more detailed descriptions.,3
serenity-in-motion,Tina,"Absolutely love it, thank you Zenarart!",5
serenity-in-motion,Ursula,But it took too long to arrive.,2
serenity-in-motion,Victor,An awesome collection! I'm impressed.,5
serenity-in-motion,Willow,Customer support was helpful when I called.,4
serenity-in-motion,Xenia,Highly recommend this website!,5
serenity-in-motion,Yvonne,"Great experience overall, but slight shipment issue.",4
serenity-in-motion,Zara,The painting is stunning and so inspiring!,5
mesmerizing-circles-of-blue-and-white,Alice,"I recently purchased a painting from Zenarart, and I couldn't be happier. The quality is outstanding, and it arrived even quicker than I expected. The colors are vibrant and truly brighten up my living space. I will definitely return for more art in the future!",5
mesmerizing-circles-of-blue-and-white,Ben,"The selection on Zenarart is fantastic. I found a piece that perfectly matches my aesthetic. However, the shipping took longer than I anticipated, which was a bit disappointing. But, overall, I love my new painting and will shop again.",4
mesmerizing-circles-of-blue-and-white,Charlie,"I was excited to buy from Zenarart, but my experience has been less than stellar. The colors in the painting I received are not as bright as they appeared online. I feel a bit let down, but I guess every online purchase comes with some risk.",2
mesmerizing-circles-of-blue-and-white,Diana,"Zenarart has a striking variety of art pieces. I was particularly drawn to the abstract styles they offer. The painting I ordered arrived in perfect condition, and the packaging was secure. I’m thrilled with my purchase!",5
mesmerizing-circles-of-blue-and-white,Ethan,"I had high hopes for my first purchase from Zenarart, but the experience was mediocre. The artwork itself is beautiful, but customer service was not very responsive to my inquiries. It took quite some time to get clarification on my order.",3
mesmerizing-circles-of-blue-and-white,Fiona,"Absolutely love my new painting from Zenarart! The website is easy to navigate, and the checkout process was seamless. It was a delightful shopping experience, and I highly recommend it to anyone looking for unique art.",5
mesmerizing-circles-of-blue-and-white,George,"I was looking for something modern to match my decor and found it at Zenarart. The painting is stunning, and the details are exquisite. Customer support was very helpful when I had questions, which made the experience even better.",5
mesmerizing-circles-of-blue-and-white,Hannah,"I ordered a piece that looked amazing online, but when it arrived, it didn’t meet my expectations. The quality felt off, and I wish there had been better clarity in the description. I'm not sure I will shop here again.",2
mesmerizing-circles-of-blue-and-white,Ian,"Great experience overall! The ordering process was simple, and the shipping was fast. The painting has become a centerpiece in my living room, and I get compliments all the time. Highly recommend Zenarart for anyone who loves art!",5
mesmerizing-circles-of-blue-and-white,Jasmine,"Zenarart has so many beautiful options, I had a hard time choosing. The piece I finally selected is just what I wanted, and it fits my space perfectly. My only complaint would be regarding the packaging; it could be improved.",4
mesmerizing-circles-of-blue-and-white,Kevin,"I love my new abstract painting! It really brings life to my office. The colors are bold and beautiful, and the quality is fantastic. This is my first purchase, but I will definitely be back for more. Thank you, Zenarart!",5
mesmerizing-circles-of-blue-and-white,Liam,"My experience was okay. I found a piece I liked, but the communication about shipping was lacking. Once it arrived, the painting was beautiful, but the journey to get there was frustrating.",3
mesmerizing-circles-of-blue-and-white,Mia,"I’m obsessed with my new art piece from Zenarart! It arrived quickly and in perfect condition. The colors are even better than I imagined. This was a great online shopping experience, and I recommend them to everyone!",5
mesmerizing-circles-of-blue-and-white,Noah,"Great selection, but my order took longer than expected to arrive. When it did come, it was worth the wait because the artwork is beautiful and fits perfectly in my home. I might give them another try in the future.",4
mesmerizing-circles-of-blue-and-white,Olivia,"I had a mixed experience with Zenarart. The painting I ordered is gorgeous, but I encountered some issues with customer service. They were slow to respond to my questions, which was frustrating. Not sure if I would reorder.",3
mesmerizing-circles-of-blue-and-white,Paul,"Fantastic purchase! The piece I settled on is stunning and truly elevates my space. The website is user-friendly, and I had no issues during the transaction. I will absolutely be back for more art. Highly recommend Zenarart!",5
mesmerizing-circles-of-blue-and-white,Quinn,"I found Zenarart through social media and was impressed by their collection. My purchase exceeded my expectations. The painting arrived on time, and it looks breathtaking in my home. I'm excited to show it off to my friends!",5
mesmerizing-circles-of-blue-and-white,Rachel,"The artwork I purchased is beautiful, but I was disappointed with the shipping process. It was delayed, and I felt a bit neglected in terms of communication about my order status. I love the art but had a hard time waiting.",2
mesmerizing-circles-of-blue-and-white,Sam,"I appreciate the variety offered at Zenarart, and the piece I chose is perfect for my living room. However, I felt that the images on the website could be clearer to truly reflect the colors. Overall, a solid experience.",4
mesmerizing-circles-of-blue-and-white,Tina,Zenarart has an astonishing variety of paintings. I found the perfect piece for my bedroom after an extensive search. It arrived quickly and was packaged securely. I will definitely recommend this site to friends.,5
mesmerizing-circles-of-blue-and-white,Ursula,"My first experience with Zenarart was quite satisfactory! The checkout process was smooth, the painting arrived in great condition, and I adore the vibrant colors. The only issue was with tracking the shipment; it was a bit confusing.",4
mesmerizing-circles-of-blue-and-white,Victor,"I recently purchased an abstract piece from Zenarart, and it's truly a conversation starter. The colors and composition are mesmerizing. Just a note, I had an issue with my payment method, but it was resolved quickly. Overall, I’m satisfied.",4
mesmerizing-circles-of-blue-and-white,Wendy,"I was looking for something unique, and Zenarart did not disappoint! The painting I got is a perfect fit for my eclectic style. Fast delivery and excellent customer support made for a pleasant buying experience. Highly recommend!",5
mesmerizing-circles-of-blue-and-white,Xander,"Good selection, but I faced some shipping issues. My order got delayed, and I had to reach out for updates more than once. The painting is nice, but the purchasing process left something to be desired.",3
mesmerizing-circles-of-blue-and-white,Yara,"I found the perfect painting for my office from Zenarart! It's vibrant and brings so much joy to my workspace. The process was seamless, and the timing was just right. I’ll be back for sure!",5
mesmerizing-circles-of-blue-and-white,Zach,"I was disappointed with my recent purchase. The painting looked different in person than the online image. I’m not sure if I’ll buy from Zenarart again. The colors were not what I expected, and that was a letdown.",2
mesmerizing-circles-of-blue-and-white,Anna,"Such a great place to buy art! I found a piece that resonates with me deeply. It arrived quickly, and the quality is fantastic. Zenarart truly understands the need for beautiful, unique art in homes.",5
mesmerizing-circles-of-blue-and-white,Being,"I loved the original art styles at Zenarart, but my chosen painting arrived with some minor flaws. The customer service was quick to address the issue, which helped ease my frustration. Overall, I like the piece, but I'm cautious about future orders.",3
mesmerizing-circles-of-blue-and-white,Celine,"Unique pieces at great prices! I have a knack for art shopping, and I feel like Zenarart offers some of the best on the market. Just ordered another piece and I can’t wait for it to arrive!",5
mesmerizing-circles-of-blue-and-white,Derek,"Nice selection, but the painting I received felt a bit lighter than I expected. I was looking for something that would be a bit more solid. Overall, decent experience, but I might explore other options next time.",3
mesmerizing-circles-of-blue-and-white,Elena,100% satisfied with my purchase! I couldn’t find a piece that spoke to me until I found the perfect painting at Zenarart. It fits my home wonderfully. The process was easy and hassle-free.,5
mesmerizing-circles-of-blue-and-white,Felix,"Zenarart has a wide range of options, but I found the actual artwork to be a bit muted compared to what was displayed online. I’ll stick around for future purchases, hoping to find something that wows me again.",3
mesmerizing-circles-of-blue-and-white,Gabby,"I am thrilled with the modern painting I purchased! It was seamless from start to finish. Fast shipping and well-packaged. Zenarart exceeded my expectations, and I look forward to shopping again in the future!",5
mesmerizing-circles-of-blue-and-white,Holly,"While searching for a unique piece, I stumbled upon Zenarart. The artwork I chose is beautiful. However, the initial shipping was confusing, as I didn’t receive updates. Love the art, not so much the process.",3
mesmerizing-circles-of-blue-and-white,Isaac,"What a fabulous experience from start to finish! The art is high quality, the service was excellent, and I love the painting I chose. It’s even better in person! Definitely returning to Zenarart for more.",5
mesmerizing-circles-of-blue-and-white,Jolene,"Nice selection, but I faced an issue with my payment method during checkout. The painting itself is lovely, and I do appreciate the quality, but I felt the process could have been smoother overall.",4
mesmerizing-circles-of-blue-and-white,Kurt,I love how easy it was to navigate the Zenarart website. I purchased a contemporary piece that looks stunning in my home. The speed of delivery and packaging were also commendable. Will definitely recommend!,5
serenity-in-motion,Oliver,"I had a fantastic experience with Zenarart. The paintings are vibrant and stunning! The ordering process was smooth, and my artwork arrived quickly and well-packaged. I highly recommend this site for anyone looking to elevate their home decor!",5
serenity-in-motion,Mia,"Zenarart has a unique collection of art. I purchased a painting that perfectly suits my living room. The colors are even more beautiful in person. It did take a little longer than expected for delivery, but it was worth the wait.",4
serenity-in-motion,Liam,"I was a bit disappointed with my purchase. The colors were not as vibrant as they appeared online, and it took too long for my order to arrive. I expected better service from Zenarart.",2
serenity-in-motion,Emma,"Absolutely love my new painting! The process was simple, and I received updates throughout the shipping process. The quality is amazing! Will definitely be ordering again in the future.",5
serenity-in-motion,Noah,"The selection at Zenarart is impressive, but I found the navigation on the site a bit challenging. After a bit of searching, I found a piece I loved, but I'd recommend a better layout for easier browsing.",3
serenity-in-motion,Ava,"I'm so happy with my purchase! The painting arrived in perfect condition and adds such a nice touch to my home office. The colors are bright, and the quality is top-notch. Highly recommend!",5
serenity-in-motion,James,"I found the customer service quite helpful when I had questions about my order. The painting I received is beautiful, but I was hoping for a larger size. Overall, a good experience!",4
serenity-in-motion,Sophia,"Zenarart has a refreshing collection of artwork! My piece arrived quickly, and I love how it complements my space. The website was easy to use, and I had a pleasant shopping experience.",5
serenity-in-motion,Benjamin,"I was underwhelmed with the painting I received. It didn't quite match the description on the website. I contacted customer support, but didn't feel like my concerns were adequately addressed.",1
serenity-in-motion,Charlotte,"The art I purchased is stunning and adds so much character to my home! The website was easy to navigate, and the checkout process was seamless. Will definitely shop here again.",5
serenity-in-motion,Lucas,"Great selection, but I felt that shipping was a bit pricey compared to other sites. I loved the painting I chose, but just wish I could have saved a bit on delivery.",4
serenity-in-motion,Amelia,"Zenarart is my new favorite place for artwork! I found exactly what I was looking for, and it arrived in perfect condition. I was pleasantly surprised by the quality for the price.",5
serenity-in-motion,Henry,"I had a frustrating experience with delivery delays. The painting itself is beautiful, but the wait was longer than expected. Communication from Zenarart could definitely improve.",2
serenity-in-motion,Evelyn,"Absolutely stunning art! The colors just pop. I'm so pleased with my experience. The website is user-friendly, and my painting arrived on time and in perfect condition. Will be shopping again soon!",5
serenity-in-motion,William,"I enjoyed browsing the Zenarart website and was inspired by many pieces. However, I didn’t find exactly what I wanted, which is why I’m giving it a three-star rating. I’ll keep checking back!",3
serenity-in-motion,Isabella,"My experience with Zenarart was fantastic! The service was prompt, and the painting I received exceeded my expectations. It now hangs proudly in my living room!",5
serenity-in-motion,Logan,"Customer service was responsive when I had questions, but my painting arrived with a small scratch. They offered a discount for the inconvenience, which I appreciate. Would try them again.",3
serenity-in-motion,Zoe,"What a great experience! The website is intuitive, and I found a beautiful painting that matches my decor perfectly. Arrival was prompt, and it was exquisitely packaged.",5
serenity-in-motion,Jackson,"I had a mixed experience. I found the art selection amazing, but my painting took longer to arrive than I would have liked. When it arrived, it was exactly what I wanted, though!",3
serenity-in-motion,Charlotte,"This was my first time buying art online, and I couldn't be happier! The painting is beautiful, and Zenarart provided an easy and seamless shopping experience. Highly recommend to everyone!",5
serenity-in-motion,Abigail,"I was a bit skeptical about ordering online, but Zenarart impressed me! The art is unique and of high quality. I had a small issue with shipping, but it was resolved quickly.",4
serenity-in-motion,Ethan,"While the art itself is lovely, I experienced a delay in shipping, which was disappointing. I did get a helpful response from customer service, but I hope they improve shipping speed.",2
serenity-in-motion,Sofia,The artwork I purchased adds so much flair to my home! I’m thrilled with the quality and how quickly it arrived. Will definitely be back soon to browse more options.,5
serenity-in-motion,Aiden,"The website offers a wide variety of styles and options! I finally selected a unique piece that I love. However, the checkout process was a bit confusing.",4
serenity-in-motion,Maya,Zenarart has a unique selection of art. I bought a piece on impulse and it turned out beautifully. It arrived promptly and made my space feel more inviting.,5
serenity-in-motion,James,"I was not impressed with the packaging; my painting got a bit damaged. However, the customer service made it right, so I appreciated their help.",3
serenity-in-motion,Natalie,"Great experience overall! The art I purchased has transformed my living room. The delivery was timely, and I appreciated the tracking updates I received!",5
serenity-in-motion,Matthew,"Decent experience. I love the artwork, but I expected better packaging for delivery. A slight tear was present on the canvas, but it’s not too noticeable.",3
serenity-in-motion,Chloe,My purchase was exactly what I was looking for! The painting fits perfectly in my studio and sparks joy every time I see it. Zenarart exceeded my expectations!,5
serenity-in-motion,Daniel,"I encountered a lot of options on their site, but I couldn’t find a specific style I was hoping for. The customer service was polite but not very helpful with my query.",2
serenity-in-motion,Grace,Amazing selection and easy purchase process! My painting is beautifully crafted and really ties the room together. I’m already planning my next purchase!,5
serenity-in-motion,Hunter,"Shipping was great, but I received a print that wasn’t the right color. I contacted support, and they were incredibly helpful in providing a replacement.",4
serenity-in-motion,Aria,"This was my first online art purchase, and I couldn't be happier! The variety of pieces was overwhelming, but I caught a stunning piece that truly resonates with me.",5
serenity-in-motion,Samuel,"The artwork selection was impressive, but I had difficulty finding exactly what I wanted. After much searching, I made a decent purchase, though.",3
serenity-in-motion,Ella,"I can't stop admiring my painting! The quality is outstanding, and it fits my aesthetic perfectly. Zenarart has become my go-to for art shopping!",5
serenity-in-motion,David,"My experience was average. The quality is good, but I felt the website could use an overhaul for better usability. It took longer to purchase than I'd hoped.",3
serenity-in-motion,Victoria,Wonderful experience! The painting arrived on time and looks fantastic in my home office. Would recommend Zenarart for their unique pieces!,5
serenity-in-motion,Elijah,"Unfortunately, the painting I received was much smaller than I anticipated. I had checked the dimensions, but it just felt off once I received it. I might shop here again if I need something specific.",2
abstract-beauty-in-purple-and-black,Alice,"I was thoroughly impressed with the quality of the painting I received. The colors were even more vibrant in person! The ordering process was smooth, and the customer service team was very helpful in answering my questions. I’ll definitely be back for more artwork!",5
abstract-beauty-in-purple-and-black,Bob,"I had a frustrating experience with my order. The piece arrived later than expected, and while it was nice, I felt it didn’t match the online photo very well. I reached out to customer service and they were polite but not very helpful. Disappointed overall.",2
abstract-beauty-in-purple-and-black,Cathy,"I absolutely adore the painting I bought! It fits perfectly in my living room. The delivery was quick, and I appreciated the care taken in packaging. Would highly recommend Zenarart to anyone looking for unique pieces to brighten their home.",5
abstract-beauty-in-purple-and-black,David,"A mixed experience. The art was beautiful, but I faced some issues with the payment process. Once that was sorted out, the shipping was fast, and the artwork is stunning. I might consider purchasing again if the payment system improves.",3
abstract-beauty-in-purple-and-black,Ella,Zenarart provides a wonderful selection of modern art. My recent purchase is a conversation starter at every gathering! The staff was attentive and guided me through my choices perfectly. Thank you for the lovely experience!,5
abstract-beauty-in-purple-and-black,Frank,"Disappointed with my purchase. The print I received was smaller than I had anticipated, despite checking the dimensions beforehand. The colors were not as vibrant as shown online. Customer service was okay but didn’t solve my issue.",2
abstract-beauty-in-purple-and-black,Grace,"Wow! The piece I bought exceeded my expectations! It was well-packaged, arrived quickly, and looks amazing on my wall. I love that there are unique options not found elsewhere. This website has quickly become one of my favorites!",5
abstract-beauty-in-purple-and-black,Hank,"It took longer than expected to receive my art, which was a bummer. However, when it finally arrived, I was thrilled! The artwork is gorgeous and perfect for my office. Just wish there had been better communication during the shipping process.",4
abstract-beauty-in-purple-and-black,Ivy,I can't speak highly enough about my experience! The art shipped promptly and the quality was stunning! I particularly loved the personal touch in the packaging. Will keep this website in mind for future gifts!,5
abstract-beauty-in-purple-and-black,Jack,"The artwork is decent, but I was expecting something more striking based on the website photos. It feels a bit flat in person. I think I might explore other options next time.",3
abstract-beauty-in-purple-and-black,Katie,"When I saw the painting, I couldn't resist. The colors are exactly what I was looking for! The ordering process was seamless, and it arrived in perfect condition. Highly recommend for art lovers!",5
abstract-beauty-in-purple-and-black,Liam,"The experience was somewhat underwhelming. The painting I received was not what I anticipated and felt different from what was shown online. Although customer service was friendly, I won’t be ordering again.",2
abstract-beauty-in-purple-and-black,Mia,Absolutely love my new piece! It adds character to my space. The buying process was simple and efficient. Zenarart really knows how to deliver quality art. Will be back for more soon!,5
abstract-beauty-in-purple-and-black,Noah,"Slightly disappointed with the painting I received. The colors were dull compared to what I saw online, but the overall style is still admirable. I might give it another chance in the future.",3
abstract-beauty-in-purple-and-black,Olivia,"The best art buying experience I’ve had! The selection was impressive and unique. It came beautifully packaged, and the staff is incredibly responsive. I’m a fan for life!",5
abstract-beauty-in-purple-and-black,Paul,"Honestly, I wasn’t impressed with my recent purchase. The item I received seemed rushed, with minor imperfections that stood out. Customer service does their best, but I expected more quality control.",2
abstract-beauty-in-purple-and-black,Quinn,"I am in love with my new art piece! It’s a perfect reflection of my style and really brings my space to life. From browsing to checkout, everything was smooth. Thank you, Zenarart!",5
abstract-beauty-in-purple-and-black,Rachel,"It was an average experience. The art itself is nice, but the process felt a bit disorganized. I didn’t receive updates on shipping, which made me anxious about my order.",3
abstract-beauty-in-purple-and-black,Sam,"Purchasing from Zenarart was delightfully easy! The art arrived promptly and looks fantastic in my dining room. The staff was helpful, and I appreciate their attention to details.",4
abstract-beauty-in-purple-and-black,Tina,Very pleased with both my painting and the entire process from selection to delivery. It feels like a high-quality work of art and not just a print. Can’t wait to show it off to friends!,5
abstract-beauty-in-purple-and-black,Ursula,"I was skeptical at first, but I’m glad I trusted my instinct with Zenarart. The art is breathtaking, and the packaging was fantastic. This has definitely become my go-to for home decor!",5
abstract-beauty-in-purple-and-black,Victor,"An okay experience overall. While I loved the art, the shipping took longer than expected and there was a lack of communication from customer service. I do appreciate the quality of the piece, though.",3
abstract-beauty-in-purple-and-black,Wendy,I adore my new painting! It perfectly complements my home aesthetic. The entire purchasing process was easy and enjoyable. I will definitely recommend Zenarart to my friends looking for artwork!,5
abstract-beauty-in-purple-and-black,Xander,"The painting arrived with a slight blemish that was disappointing. However, I contacted support and they offered a reasonable solution. I appreciate that they care about their customers.",4
abstract-beauty-in-purple-and-black,Yara,"I was looking for unique artwork and found it here! It's beautiful and really brightens up my room. The shipping was timely, and the service was friendly. Highly recommend!",5
abstract-beauty-in-purple-and-black,Zane,"Had a lackluster experience. The painting felt very different from what I expected, and the colors did not pop like they promised. Communication could be improved as well.",2
abstract-beauty-in-purple-and-black,Abby,Amazing art! I am thrilled with my purchase and the attention to detail in packaging. I would definitely consider Zenarart for future art needs!,5
abstract-beauty-in-purple-and-black,Benny,"The site has a good selection but the painting I received was not quite what I hoped for. It was nice, but just didn’t have the impact it had in the pictures.",3
abstract-beauty-in-purple-and-black,Charlie,Perfect transaction—everything went smoothly! The painting was stunning and has drawn many compliments from visitors. Definitely will shop here again!,5
abstract-beauty-in-purple-and-black,Dora,Very good experience overall! The item was as advertised and arrived in perfect condition. I am a happy customer and will be recommending to my friends.,4
abstract-beauty-in-purple-and-black,Eric,"I wanted to love my purchase, but it was a letdown. The texture and vibrancy didn’t match the website description. I’ll be more cautious in future purchases.",2
abstract-beauty-in-purple-and-black,Fiona,"Zenarart has an amazing collection! I found exactly what I was looking for, and it was a breeze to check out. The art is vibrant and alive. Highly recommend for any art lovers!",5
abstract-beauty-in-purple-and-black,Greg,"The painting I received was stunning! Great quality and even more beautiful in person. However, I did have a small issue with tracking my order that could be improved.",4
abstract-beauty-in-purple-and-black,Holly,"Very happy with my purchase! The art looks fantastic and arrived very quickly. I appreciate the easy return policy in case of any issues, though I didn’t have to use it.",5
abstract-beauty-in-purple-and-black,Ian,"Good selection of artwork, but the quality could be better. The piece I picked didn’t have the depth I expected. I might try a different site next time.",3
abstract-beauty-in-purple-and-black,Jenny,What a fantastic experience! The painting is even more beautiful than the online image. The customer service was prompt and addressed my concerns quickly. I’ll definitely recommend it!,5
abstract-beauty-in-purple-and-black,Kirk,"The piece I received was lovely, but I had some back and forth with customer service that was a bit frustrating. Overall happy but would love a smoother experience next time.",3
abstract-beauty-in-purple-and-black,Linda,Superb selection and quality! It’s exactly what my home needed—a touch of elegance. I’ll be shopping here more often without a doubt!,5
abstract-beauty-in-purple-and-black,Mike,Disappointed with my recent order. The colors were darker than expected and didn’t fit with my decor. I'm not sure I would purchase again.,2
abstract-beauty-in-purple-and-black,Nina,"I’m very pleased with my transaction! The service was helpful, and my painting arrived safely and timely. It’s the centerpiece of my living room now!",5
abstract-beauty-in-purple-and-black,Oscar,"It was fine, but I felt that the picture looked a bit different in person. I don't regret the purchase, but I had higher expectations.",3
ethereal-rings-a-delicate-touch-of-pink-and-white,Emma,"I recently purchased a painting from Zenarart and it was such a delightful experience! The website is user-friendly, and the selection is stunning. I fell in love with this vibrant piece that completely transformed my living room. Shipping was quick, and the packaging was perfect. I can't recommend Zenarart enough for anyone looking to enhance their space with unique art!",5
ethereal-rings-a-delicate-touch-of-pink-and-white,Liam,"My experience with Zenarart was mostly positive. I found a beautiful painting I really liked, but there were some delays in shipping. The customer service was responsive, which I appreciated. The painting itself is gorgeous and fits perfectly in my office. I would give them another try!",4
ethereal-rings-a-delicate-touch-of-pink-and-white,Sophia,"I was disappointed with my recent purchase. The colors of the painting were not as vibrant as they appeared online. The ordering process was simple, and the delivery was timely, but I expected more. I might consider returning it.",2
ethereal-rings-a-delicate-touch-of-pink-and-white,Noah,"Zenarart offers an amazing range of artwork! I spent quite some time browsing, and I found the perfect piece for my bedroom. The checkout was seamless, and it arrived well-packaged. I’m thrilled with my purchase and will definitely shop here again.",5
ethereal-rings-a-delicate-touch-of-pink-and-white,Ava,"Not only was the art selection beautiful, but the buying process on the Zenarart website was also quick and easy. I found exactly what I was looking for, and delivery was as promised. The painting looks stunning on my wall! Highly recommend this site for art lovers!",5
ethereal-rings-a-delicate-touch-of-pink-and-white,Oliver,"I had a mixed experience with Zenarart. The painting I chose is lovely, but I had issues getting through customer service about some questions. However, the art quality made it worthwhile. A decent experience overall.",3
ethereal-rings-a-delicate-touch-of-pink-and-white,Isabella,"I absolutely love my new painting from Zenarart! It adds so much character to my space, and I admire it every day. The delivery was fast, and it was packed securely. I felt great supporting an artist, too. Five stars all the way!",5
ethereal-rings-a-delicate-touch-of-pink-and-white,Elijah,"The painting was gorgeous upon arrival, but the colors didn’t match what I expected. I reached out to customer support for help, but their response was slow. Overall, I’m satisfied with the overall beauty of the artwork.",3
ethereal-rings-a-delicate-touch-of-pink-and-white,Mia,"Shopping at Zenarart was a vibrant experience! The artwork is fresh and extraordinary. I love browsing the collections. My new painting has sparked many conversations! The delivery was smooth, which made the experience even better.",4
ethereal-rings-a-delicate-touch-of-pink-and-white,James,"To be honest, I was a bit skeptical about buying art online, but Zenarart changed my mind. The painting I chose is exceptional and adds a unique touch to my home. I didn’t have any issues with ordering or delivery. Definitely returning for more art!",5
ethereal-rings-a-delicate-touch-of-pink-and-white,Amelia,"I was excited about my purchase but was left frustrated with the long shipping wait. Once it arrived, though, I was happy to see it was well worth it! The art is beautiful and brightens my space beautifully.",4
ethereal-rings-a-delicate-touch-of-pink-and-white,Lucas,"Zenarart has an impressive collection, but my order was missing a piece. The customer service took a while to resolve it. I eventually received what I ordered and love the painting, but the issue dampened my shopping experience.",3
ethereal-rings-a-delicate-touch-of-pink-and-white,Charlotte,"I stumbled upon Zenarart while searching for unique art and was pleasantly surprised! The vibrant painting I bought is even better in real life. It enhances my entire room, and I received it quickly. I’m definitely a happy customer!",5
ethereal-rings-a-delicate-touch-of-pink-and-white,Henry,"Overall, my experience was decent. The site was easy to navigate, and I found a painting I loved. However, the customer service could improve; it took time to get responses. Glad the painting made up for it!",3
ethereal-rings-a-delicate-touch-of-pink-and-white,Evelyn,"I loved everything about my purchase! The selection was vast, and I felt like I found something one-of-a-kind. The painting arrived promptly and in perfect condition. I can't stop staring at it—Zenarart is now my go-to for art!",5
ethereal-rings-a-delicate-touch-of-pink-and-white,Benjamin,"My experience was unfortunate. The artwork I received had some visible flaws that were not mentioned on the site. I’m currently in the process of returning it, which has been frustrating. I hope this doesn’t deter me from future purchases.",2
ethereal-rings-a-delicate-touch-of-pink-and-white,Harper,"Absolutely thrilled with Zenarart! Every piece I looked at made it hard to choose just one. Finally settled on a stunning abstract painting that complements my style beautifully. The checkout was easy, and shipping was quick. Five stars from me!",5
ethereal-rings-a-delicate-touch-of-pink-and-white,Alexander,"Zenarart has beautiful pieces, but I experienced a delayed shipment, and it took longer than expected. When it finally arrived, the painting was breathtaking, so overall it was worth the wait. Would buy again, but hope for faster shipping next time.",4
ethereal-rings-a-delicate-touch-of-pink-and-white,Sofia,"I loved the artwork I bought—I picked a lovely piece that added a pop of color to my living area. The entire purchasing process was straightforward, and it was delivered right on time. Grateful for a wonderful experience!",5
ethereal-rings-a-delicate-touch-of-pink-and-white,Jackson,"I found a spectacular painting, but the shipping took longer than expected. The website was easy to use, but when the painting arrived, it truly was gorgeous! If only the delivery had been faster, it would've been perfect.",4
ethereal-rings-a-delicate-touch-of-pink-and-white,Victoria,"I was excited about my Zenarart order, but unfortunately, it arrived damaged. I reached out to customer service, and they were quick to assist me in resolving the issue. The new piece is incredible and worth it. Just a bumpy start!",3
ethereal-rings-a-delicate-touch-of-pink-and-white,Sebastian,"This was my first time purchasing art online, and I must say I was pleasantly surprised by Zenarart. The painting’s quality exceeded my expectations! It fits perfectly in my study, and I’m impressed with the service overall.",5
ethereal-rings-a-delicate-touch-of-pink-and-white,Chloe,The selection on Zenarart is top-notch! I love that I can support independent artists while finding unique pieces. My painting arrived promptly and in perfect condition. It’s the star of my decor now! Highly recommend shopping here.,5
ethereal-rings-a-delicate-touch-of-pink-and-white,Logan,"I had a rather lackluster experience. The artwork wasn’t as high quality as it appeared on the website. Customer service was helpful, but it left me unsure about ordering again. Definitely an artwork lover, but not in this case.",2
ethereal-rings-a-delicate-touch-of-pink-and-white,Grace,"Wow! I absolutely adore my new painting! The colors are vibrant and come to life on my wall. It has truly enhanced my space. The ordering was straightforward, and it arrived relatively quickly. Zenarart, you've gained a loyal customer!",5
ethereal-rings-a-delicate-touch-of-pink-and-white,Wyatt,"I was slightly disappointed with my art piece. The colors didn’t align with what I was expecting from the online images. The buying process was easy enough, but in terms of artwork, I don’t feel I received exactly what I hoped for.",3
ethereal-rings-a-delicate-touch-of-pink-and-white,Zoe,Purchasing my first piece from Zenarart was smooth and enjoyable. The artwork itself is even more stunning in person. I was delighted with the prompt shipment and beautiful packaging. I can’t wait to explore more pieces on this wonderful site!,5
ethereal-rings-a-delicate-touch-of-pink-and-white,Aiden,"I had some difficulty navigating the website at first, but once I found what I wanted, the purchase was easy. Unfortunately, I faced a delay in delivery, but the artwork is beautiful and made up for it. Would buy again for sure!",4
ethereal-rings-a-delicate-touch-of-pink-and-white,Nora,Zenarart has changed my perspective on online art shopping! The piece I bought is absolutely beautiful and the perfect size for my living room. Everything from the selection to the checkout process was incredibly user-friendly. Five stars!,5
ethereal-rings-a-delicate-touch-of-pink-and-white,David,"I found a nice piece on Zenarart, but it arrived late. The artwork is great, but the delay left me a bit frustrated. Overall, the site has a beautiful selection of art, and I might consider purchasing again in the future.",3
ethereal-rings-a-delicate-touch-of-pink-and-white,Nikki,"Just received my painting from Zenarart, and I am in love! It’s brightening up my art space. The website made it easy to browse and purchase, and I had no trouble with delivery. Can’t wait to tell my friends about it!",5
ethereal-rings-a-delicate-touch-of-pink-and-white,Matthew,"I appreciate the artistic variety that Zenarart offers. However, I ran into issues with customer service when I had questions about my order. In the end, the painting is lovely and well-crafted. Overall, a mixed experience but still enjoyable.",3
ethereal-rings-a-delicate-touch-of-pink-and-white,Scarlett,Zenarart offers some truly unique pieces! I was browsing for a long time and ended up buying two paintings! The ordering was easy and shipping was fast. I'm thrilled with my new decor. Will definitely recommend to friends!,5
embracing-love-a-vibrant-pink-and-yellow-masterpiece,Emily,"I was really impressed with the selection of paintings available on Zenarart. The colors were vibrant and the quality was beyond my expectations. I found a piece that perfectly matches my living room decor, and I couldn't be happier! The shipping was fast and the customer service was very helpful. Highly recommend!",5
embracing-love-a-vibrant-pink-and-yellow-masterpiece,Michael,"My experience with Zenarart was somewhat mediocre. The artwork itself is nice, but the shipping took longer than expected, which frustrated me. I wish the website had better tracking for orders. Overall, a decent experience but not my favorite.",3
embracing-love-a-vibrant-pink-and-yellow-masterpiece,Sophia,"Absolutely love my new painting from Zenarart! It adds such a nice touch to my home. The colors are beautiful, and it was easy to find what I wanted. I had to reach out for inquiries, and the staff was friendly and responsive. I will definitely purchase more art from here in the future!",5
embracing-love-a-vibrant-pink-and-yellow-masterpiece,James,"I had high hopes for my purchase, but unfortunately, the painting arrived with some damage. The customer service was quick to respond and offered a refund or replacement, which I appreciate, but it was still disappointing.",2
embracing-love-a-vibrant-pink-and-yellow-masterpiece,Olivia,"Zenarart has a fantastic collection of modern art. I was particularly drawn to the abstract pieces. The transaction was smooth, and I received my art in perfect condition. It brightened up my office space beautifully.",4
embracing-love-a-vibrant-pink-and-yellow-masterpiece,Liam,"This was my first experience buying art online, and it was mostly positive. The painting looks amazing on my wall, but I expected more communication regarding the shipping process. Overall, I’m satisfied with the outcome.",4
embracing-love-a-vibrant-pink-and-yellow-masterpiece,Ava,"I'm a bit underwhelmed by my purchase from Zenarart. While the art is okay, it doesn’t feel as high-quality as I expected it to be. I might explore other options next time. Not terrible, but not great either.",2
embracing-love-a-vibrant-pink-and-yellow-masterpiece,Noah,"Super happy with my experience! The painting arrived on time, and it is even more beautiful in person. I've been receiving compliments from friends and family. Definitely a great online store for art lovers!",5
embracing-love-a-vibrant-pink-and-yellow-masterpiece,Isabella,"I was really looking forward to receiving my painting. It was shipped quickly, and the colors are gorgeous! It feels like a great addition to my collection. I would definitely recommend Zenarart to my friends!",5
embracing-love-a-vibrant-pink-and-yellow-masterpiece,Ethan,"The website was easy to navigate, and I found exactly what I was looking for. My art came well-packaged and on time. The only downside was that I found the prices a bit steep. Otherwise, I’m satisfied with my purchase.",4
embracing-love-a-vibrant-pink-and-yellow-masterpiece,Mia,Terrible experience! The painting arrived late and was damaged. Customer service was not very helpful either. I would not recommend this site to anyone. Very disappointed!,1
embracing-love-a-vibrant-pink-and-yellow-masterpiece,Lucas,"I adore my new painting! The design fits my aesthetic perfectly, and the quality is impressive. I loved the variety offered on Zenarart, making it easy to find something unique.",5
embracing-love-a-vibrant-pink-and-yellow-masterpiece,Charlotte,The art I bought is stunning! I appreciate the detailed descriptions and images provided on the website. My item was shipped promptly and arrived in perfect condition. Will likely order again!,5
embracing-love-a-vibrant-pink-and-yellow-masterpiece,Benjamin,"I had some issues with the payment process, but everything was resolved eventually. The painting is lovely, though I wish the website was more user-friendly. It might take some time, but I’ll try ordering again.",3
embracing-love-a-vibrant-pink-and-yellow-masterpiece,Amelia,"I absolutely love Zenarart! The selection of paintings is impressive, and my latest purchase has transformed my dining room. Shipping was speedy, and the staff was very accommodating with my questions.",5
embracing-love-a-vibrant-pink-and-yellow-masterpiece,Henry,"Satisfactory overall experience. The artwork fits my style, and I’m pleased with the purchase. However, I think the checkout process could be simplified. I would still consider ordering again.",4
embracing-love-a-vibrant-pink-and-yellow-masterpiece,Evelyn,"I’m a huge fan of abstract art, and Zenarart did not disappoint! I received my painting quickly, and it was safely packaged. It really brightens up my space and makes a statement.",5
embracing-love-a-vibrant-pink-and-yellow-masterpiece,Alexander,"Mixed feelings about my purchase. While the painting is beautiful, I felt that the communication regarding the shipping details could have been better. Overall, it’s a solid buy, just some minor issues.",3
embracing-love-a-vibrant-pink-and-yellow-masterpiece,Sofia,I was blown away by the quality of my painting. It was just as described and looks phenomenal on my wall. I appreciate the fast shipping and the excellent customer support provided. Highly recommended!,5
embracing-love-a-vibrant-pink-and-yellow-masterpiece,Jack,"Not the greatest experience. The painting took longer to arrive than promised, and I wasn’t kept in the loop about the status. Luckily, it arrived undamaged, but I expect smoother service next time.",2
embracing-love-a-vibrant-pink-and-yellow-masterpiece,Avery,"Amazing variety of styles and sizes! I ended up buying two paintings because I couldn’t resist. The checkout process was seamless, and they were delivered right on time. Very satisfied!",5
embracing-love-a-vibrant-pink-and-yellow-masterpiece,Daniel,"The artwork I received was nice but not exactly what I expected. I feel like the colors were a bit off from what was shown online. Although it’s still a pretty piece, I’m hesitant about buying again.",3
embracing-love-a-vibrant-pink-and-yellow-masterpiece,Zoe,"So thrilled with my purchase from Zenarart! The vivid colors and unique style of the painting have transformed my space. Plus, the customer service was exceptional and very responsive. I’ll be back for more!",5
embracing-love-a-vibrant-pink-and-yellow-masterpiece,Logan,"My experience was average. The paint quality was good, but I wasn’t too impressed with the available selection. I might explore other options in the future unless they update their collection.",3
embracing-love-a-vibrant-pink-and-yellow-masterpiece,Scarlett,"Zenarart has some of the most stunning pieces I’ve seen online! I bought a beautiful abstract painting, and it fits my style perfectly. The delivery was quick, and the item was well-packaged. Highly satisfied!",5
embracing-love-a-vibrant-pink-and-yellow-masterpiece,Jacob,"I loved the concept of the site, but my order took longer than expected to process. The painting itself was lovely once it arrived, but the delay was a bit disappointing.",3
embracing-love-a-vibrant-pink-and-yellow-masterpiece,Nora,I’m so happy with my purchase from Zenarart! The art piece is beautiful and brightens up my room. The checkout process was easy and the painting arrived safe and sound. Wonderful experience overall!,5
embracing-love-a-vibrant-pink-and-yellow-masterpiece,Ryan,"I was looking for something special, and I found it with my recent purchase. Zenarart has a unique selection, and I felt confident buying from them. A smooth buying process and the painting looks fantastic!",5
embracing-love-a-vibrant-pink-and-yellow-masterpiece,Claire,"My experience was frustrating. The item arrived later than promised, and I had difficulty getting updates. While the artwork is decent, I’d expect a bit more from an online art shop.",2
embracing-love-a-vibrant-pink-and-yellow-masterpiece,Chloe,"What a great discovery! Zenarart has an eclectic mix of art, and I fell in love with the piece I purchased. Shipping was quick, and I can’t wait to hang it up. Will definitely tell friends!",5
embracing-love-a-vibrant-pink-and-yellow-masterpiece,Caleb,"I really enjoyed browsing the different collections. I found a piece that resonated with me, and I’m glad I made the purchase. It arrived right on time and was just as expected.",4
embracing-love-a-vibrant-pink-and-yellow-masterpiece,Lily,"Zenarart has some fabulous selections, and I loved the vibrant colors of my painting! It enhances my living area beautifully. Customer service was helpful with my questions, and delivery was prompt!",5
embracing-love-a-vibrant-pink-and-yellow-masterpiece,Matthew,"The painting I received was nice but slightly smaller than I thought it would be. I appreciated the quality, but I just wish it featured better dimensions on the site. I might consider a larger piece next time.",3
embracing-love-a-vibrant-pink-and-yellow-masterpiece,Victoria,"This is my second purchase from Zenarart, and I’m just as pleased as the first time! The variety and quality are truly impressive. The painting fits my home perfectly. Highly recommend checking it out!",5
embracing-love-a-vibrant-pink-and-yellow-masterpiece,Julian,"Ehh... not terrible but not great. The piece was nice, but the lack of communication made me feel uneasy. I might look for alternatives next time. Just not sure if Zenarart met my expectations.",2
embracing-love-a-vibrant-pink-and-yellow-masterpiece,Natalie,"What a fantastic find! I enjoyed the entire shopping experience on this site. The ordering was straightforward, and my painting arrived well-packaged and in perfect condition. I couldn’t be happier!",5
embracing-love-a-vibrant-pink-and-yellow-masterpiece,Gabriel,"My experience wasn’t great. The artwork was okay, but it did not arrive on time, which was quite frustrating. I might think twice before purchasing from here again unless they improve their service.",2
embracing-love-a-vibrant-pink-and-yellow-masterpiece,Aria,"I completely fell in love with my new painting. Zenarart offers beautiful, bold options that really stand out in my room. The quality was excellent, and the purchase process was easy. A great experience!",5
embracing-love-a-vibrant-pink-and-yellow-masterpiece,Anthony,"The artwork arrived sooner than I expected, which was a pleasant surprise. However, it didn’t match the colors I saw online. I’m only mildly satisfied but appreciate the quick shipping.",3
vibrant-hearts,Alice,"I recently purchased a piece from Zenarart, and I have to say, the entire experience was wonderful. The website is easy to navigate, and I found exactly what I was looking for. My painting arrived quickly and was packaged securely. The vibrant colors perfectly match the description, and it looks stunning in my living room! I'm truly impressed and will definitely be returning for more. Highly recommend!",5
vibrant-hearts,Brad,"I was a bit hesitant to buy art online, but Zenarart made it so simple. The selection is fantastic, and I fell in love with an abstract piece immediately. The shipping was prompt, and it arrived in perfect condition. I’ve received a lot of compliments from friends and family. Overall, a fantastic experience!",4
vibrant-hearts,Claire,"Honestly, I'm quite disappointed with my purchase. The painting looked different in person compared to the website. It's not bad but just not what I expected. The colors seem duller than showcased. Customer service was helpful, though, and offered a return, which I appreciate. Wouldn't recommend unless you verify in person.",2
vibrant-hearts,Daniel,"What a fantastic shopping experience! I loved the variety of artworks available on Zenarart. The piece I chose brightens up my office, and I couldn't be happier. The colors really pop, and the quality is outstanding. My only complaint is that delivery took a bit longer than I would have liked, but it was worth the wait!",4
vibrant-hearts,Emily,"I had high hopes for my painting from Zenarart, but the experience fell flat. Shipping was delayed, and when it arrived, the frame was damaged. I contacted support, and they were nice enough to offer a replacement, but I'm still waiting. It’s frustrating because I really wanted to enjoy this piece in my home.",2
vibrant-hearts,Frank,"Super happy with my purchase! The piece I bought from Zenarart is even more beautiful in person. The colors are vibrant, and it has become the centerpiece of my living space. I appreciate how transparent the buying process was, and the quick delivery sealed the deal for me. Will buy from here again for sure!",5
vibrant-hearts,Gina,"I loved browsing the Zenarart website. There are so many unique pieces that I spent hours exploring. I finally picked a beautiful abstract painting, and it arrived within a week. It’s beautifully crafted, and I love the energy it brings to my room. Highly recommend if you’re looking for something special!",5
vibrant-hearts,Henry,"My experience with Zenarart was average. While the selection is impressive, I found the customer service lacking when I had a question about shipping. My painting arrived safely, but it wasn't quite what I thought it would be based on the photos online. I might give them another chance, though.",3
vibrant-hearts,Ivy,"Absolutely love the painting I purchased! The design is vibrant and adds so much character to my home. The ordering process was straightforward, and it arrived quickly. The packing was also done well, ensuring it arrived undamaged. I can’t wait to hang it in my living room and show it off! Five stars from me!",5
vibrant-hearts,Jack,"I had some issues with my order, but Zenarart’s customer service was excellent and responsive. They helped me resolve the issues quickly, and the painting I chose is lovely! It wasn't perfect, but the resolution made my experience much better. Looking forward to my next purchase!",4
vibrant-hearts,Kathy,"Zenarart is a gem! Found a stunning piece that perfectly fits my modern decor. The delivery was speedy, and it arrived in pristine condition. I've received endless compliments about it, so happy I took the plunge to order! I highly recommend this site for anyone looking to explore unique art.",5
vibrant-hearts,Lucas,"I bought a painting, and while the process was straightforward, the painting wasn’t as vibrant as it seemed online. I expected bolder colors. Customer service offered me a return, which I might consider. Overall, a decent experience but not totally satisfying.",3
vibrant-hearts,Mia,"I can't express how much I love my new artwork from Zenarart. The colors are absolutely gorgeous, and it truly brightens up my space. The shipping was fast, and it was packaged very securely. This will definitely not be my last purchase. I'm planning to redecorate and buy more!",5
vibrant-hearts,Nate,"The selection on Zenarart is impressive, but I found it hard to navigate the website at times. I did manage to find a piece I liked, and it arrived in good time. The quality is nice, but I think I would have preferred to see it in person first. Good, but room for improvement.",3
vibrant-hearts,Olivia,"Wow! What an incredible experience from start to finish. Zenarart's website is super user-friendly, and I loved how easy it was to filter through styles and colors. My painting arrived early and looks even better than I imagined. It's a stunning addition to my home decor!",5
vibrant-hearts,Paul,"I was excited about my purchase, but the outcome was less than ideal. The painting arrived scratched, and while customer service was nice enough to offer a refund, it still soured my experience. I’m hesitant to shop again due to this issue.",1
vibrant-hearts,Quinn,"I’m an art enthusiast and love to discover new artists. Zenarart didn’t disappoint! The painting I bought is beautiful, and I admire the detail. It was delivered quickly, and I appreciate the craftsmanship that went into it. I’ll be recommending this site to my fellow art lovers!",5
vibrant-hearts,Rachel,"Great experience overall! Zenarart has an array of options, and the purchasing process was seamless. The painting I chose suits my style perfectly, but I felt the colors could be a tad richer. Still, I’m impressed and would likely return for more art. Good job!",4
vibrant-hearts,Sam,"I was really impressed with the quick delivery! My painting came in less than a week, which is fantastic. However, I was slightly disappointed when I noticed it didn’t have the same texture as shown on the website. It's still nice, though. I might check back for another piece down the line.",3
vibrant-hearts,Tina,"Zenarart has truly beautiful pieces. The one I purchased has transformed my living room. The colors are vibrant and truly stand out. I appreciated the clear communication regarding shipping and tracking, making the whole process smooth. I highly recommend shopping here; I know I’ll be back!",5
vibrant-hearts,Ursula,"My experience was just okay. While the painting arrived on time, it didn’t meet my expectations. The actual colors were not as bright as shown online. The customer service was polite, and they offered a return option, which was nice. I will think twice before ordering again.",2
vibrant-hearts,Victor,"I had a fantastic experience purchasing my painting from Zenarart! The website was easy to use, and I was overwhelmed by the selection. I found the perfect piece that matches my style and was thrilled with how fast it was delivered. Great quality for the price!",5
vibrant-hearts,Wendy,"Great selection of abstract art! The piece I selected looks stunning in my home office. The only downside was that delivery took a little longer than expected, but it was well worth the wait. I appreciate the quality and attention to detail in my purchase.",4
vibrant-hearts,Xander,"I really wanted to love my experience with Zenarart, but I’m a bit underwhelmed. The painting arrived with some minor scratches, and while customer support was helpful, it still left a sour feeling. I think I’ll take my business elsewhere next time.",2
vibrant-hearts,Yara,"Absolutely remarkable service from Zenarart! The painting I ordered is breathtaking, and it looks stunning on my wall. The quality is top-notch, and I appreciate how easy it was to navigate the site. The whole experience exceeded my expectations. Five stars from me!",5
vibrant-hearts,Zach,"I had an average experience, nothing too amazing. The selection is good, and I found a piece I like. However, I expected a quicker response time from customer service regarding my inquiry about shipping. The painting eventually arrived intact, but it could be improved.",3
sunset-serenity,Alice,"I recently bought a painting from Zenarart, and I couldn’t be happier! The colors are vibrant and the quality is outstanding. The website was easy to navigate, and my order arrived faster than expected. I truly appreciate the attention to detail in the artwork. I will definitely be coming back for more pieces to add to my collection!",5
sunset-serenity,Bob,"I had a pretty good experience with Zenarart overall. The selection is impressive, and I found a piece that really spoke to me. However, the initial shipping took longer than I expected, which was frustrating. When it finally arrived, it was well-packaged though, so it arrived in perfect condition. I might shop here again.",4
sunset-serenity,Cathy,"Honestly, I was a bit disappointed. The painting I received looked different from the images online. I expected it to be more vibrant; instead, it seemed a bit dull. Customer service was helpful when I reached out, but the situation still left a sour taste in my mouth. I doubt I’ll purchase again.",2
sunset-serenity,David,"My experience was flawless! The website was super user-friendly, making it easy to find exactly what I was looking for. The painting I chose is now the centerpiece of my living room, and everyone who visits admires it. I also appreciated the updates on my order status. Highly recommend!",5
sunset-serenity,Ella,"I loved the unique selection at Zenarart, and I was excited to buy a painting for my office. The checkout process was smooth and quick. The only issue I faced was shipping, which took longer than I anticipated. Overall, I’m very satisfied with my purchase and would recommend it to my friends.",4
sunset-serenity,Fred,"I can't say enough good things about Zenarart! The artworks are just stunning, and I found a fantastic piece that perfectly matches my style. The entire process from browsing to delivery was easy and efficient. I’ll definitely return to find more pieces for my home. Thanks, Zenarart!",5
sunset-serenity,Greta,"I had a mixed experience. While the artwork is beautiful and well-made, the customer service could use some improvement. I had questions about my order that took time to get answered. The painting itself is lovely, but I think communication needs a bit of work for a better shopping experience.",3
sunset-serenity,Hannah,"Finding the perfect painting was such a joy! I adore the creativity and variety available on the Zenarart site. My order arrived promptly, well-packaged. It was such a thrilling moment to unwrap it! The artwork has brightened up my space immensely. Five stars all the way!",5
sunset-serenity,Isaac,"The experience was okay but not stellar. The painting was nice, but I wish there had been more details on the size in the description. It ended up being too small for the wall I had in mind. Still, the quality was decent, and I’m happy with how it looks overall.",3
sunset-serenity,Jessica,"Absolutely love my new painting from Zenarart! It truly brightens up my home. The colors are even more stunning in person. The purchase process was easy and fast, and I appreciate the frequent updates regarding shipping. This is my new favorite online art shop!",5
sunset-serenity,Kevin,"I was not satisfied with my experience. The website had some technical glitches while I was checking out, and it was frustrating. When I did receive my order, it arrived damaged. However, the team helped resolve the issue promptly, which I appreciated. Overall, I’m uncertain about recommending it.",2
sunset-serenity,Lily,"I’m really pleased with my purchase! The artwork I chose is unique and captivating, making it a great conversation starter in my living room. The Zenarart team was responsive to my questions, and the package arrived on time. I’d recommend this site to fellow art lovers!",5
sunset-serenity,Mark,"Zenarart has a great selection, but my order took much longer to arrive than I expected. When it finally did come, the artwork was beautiful, but the waiting period was frustrating. I think I'll try shopping here again, but I hope for faster shipping next time.",3
sunset-serenity,Nina,Incredible experience with Zenarart! I found the perfect painting that completely transformed my bedroom. The artsy vibe and the intricate details are just breathtaking. The delivery was fast and hassle-free too. I will definitely be shopping here again. Thank you for the amazing piece!,5
sunset-serenity,Oscar,"The quality of the artwork is impressive. However, I found the website a bit difficult to navigate, which made my search longer than I hoped. Nonetheless, once I ordered, my painting arrived safely and looks fantastic in my office space. Overall, I’m happy but could use some improvements in the user interface.",4
sunset-serenity,Paula,"I had a terrible experience with my order. The painting I received was not what I expected at all. It looked different compared to the online image, and the colors were not as vivid. Customer service was not as helpful as I had hoped. I don’t think I’ll be back.",1
sunset-serenity,Quinn,"Zenarart is my go-to for unique art! I adore the distinct styles available on their website. Even the checkout was streamlined, making the purchasing process a breeze. I received my painting a week later than expected, but it was worth the wait. Looking forward to buying more!",4
sunset-serenity,Rachel,"Incredible selection of artwork! Zenarart exceeded my expectations. My order arrived well-packaged, and the artwork was even more stunning in person. I enjoy having this piece in my home; it’s a daily inspiration. I can’t cancel my subscription to their updates; I want to see what they offer next!",5
sunset-serenity,Sam,"The artwork is good, but my experience with customer service was less than satisfactory. I had an issue with my order, and though they eventually addressed it, the wait time was long and frustrating. The product itself saved the overall experience, so it isn’t a total loss, but I’m wary about ordering again.",3
sunset-serenity,Tina,"I absolutely love my new painting! It’s vibrant and uplifting, exactly what I wanted for my dining area. The process was smooth, and communication was great throughout. Zenarart has become my favorite site for art, and I can’t wait to explore more of their collection. Highly recommend!",5
sunset-serenity,Ulysses,"My experience was unfortunate. I received the wrong item, and it took a lot of back and forth to get the correct one. While the painting is beautiful, the hassle diminished my enjoyment. I can’t say I’ll recommend Zenarart due to this inconvenience.",2
sunset-serenity,Vera,"Fantastic site to discover unique artworks! The painting I bought is a great addition to my living space, and the colors complement my decor beautifully. I was impressed by how quickly my order arrived. Overall, this was an excellent shopping experience, and I will absolutely be returning!",5
sunset-serenity,Walter,"The site has potential, but I faced some challenges. My painting was delayed due to shipping issues, which was a bummer. However, once it arrived, I absolutely loved it. The colors and artistry are breathtaking! I hope they can improve their shipping logistics in the future.",4
sunset-serenity,Xenia,It was a lovely experience! I found the perfect piece that I’ve been looking for ages! The team at Zenarart was responsive and helped me with any concerns I had during the purchase. I’m very happy and do look forward to ordering more pieces down the line!,5
sunset-serenity,Yvonne,"My experience was quite disappointing. The product didn’t match the description, and it took a week to get a response from customer service. They eventually resolved the issue, but it soured my overall impression. I’ll think twice before shopping here again.",2
sunset-serenity,Zach,"Great experience! The website had so many options that I struggled to pick just one. Eventually, I settled on a piece that reflects my personality perfectly. The checkout was simple, and the delivery was prompt. I will definitely recommend Zenarart to my friends who appreciate art!",5
sunset-serenity,Amelia,"I'm honestly thrilled with my purchase! The painting is vibrant and brings life to my space. The overall shopping experience was smooth, and the updates I received about my order were much appreciated. Thank you, Zenarart, for making my walls lovely!",5
sunset-serenity,Brian,"Mixed feelings about my experience. While the art itself is stunning, which is why I gave it 3 stars, my package was mishandled during delivery. Thankfully the painting survived, but I think there’s room for improvement on the shipping side of things.",3
sunset-serenity,Claire,"Absolutely magnificent artwork! I was so excited to receive my painting, and it did not disappoint. The colors are breathtaking, and it fits perfectly in my space. The Zenarart team was also very helpful with my queries. I couldn’t be happier!",5
sunset-serenity,Devon,"I had high hopes based on the website’s offerings, but my experience fell flat. I didn't find what I was looking for, and the navigation left much to be desired. I ended up with an okay piece, but it wasn’t what I imagined. Perhaps I’ll try again when they update their inventory.",2
sunset-serenity,Elena,"I am a returning customer, and every time I shop at Zenarart, I find something fantastic! The staff is friendly, and the selection keeps getting better. The painting I just purchased is gorgeous—definitely a statement piece. I highly recommend trying this site!",5
sunset-serenity,Fiona,"I enjoyed the experience for the most part. The painting arrived safely, and the artwork was true to the description. However, I felt the shipping took longer than I expected. Once it arrived, though, I was very pleased with my choice. I think I may shop here again.",4
sunset-serenity,George,"Zenarart has an eclectic selection of art pieces that I adore. My experience was smooth: easy checkout and prompt shipping. However, I wish there were more detailed descriptions of the artwork available. Despite that, I’m happy with my purchase. My piece has generated a lot of compliments!",4
sunset-serenity,Hazel,I absolutely fell in love with my new painting! It enhances my living space in ways I couldn’t have imagined. The overall shopping experience was delightful. The art was delivered on time and well-packaged. I’m definitely coming back for more unique pieces!,5
sunset-serenity,Ian,"To be honest, I was a bit underwhelmed. The painting looked fantastic online, but when it arrived, it didn’t seem to have the same impact. Shipping was fast, and packaging was great, but it fell short of my expectations. I might try a different piece next time.",3
sunset-serenity,Jasmine,"I had an awesome experience from start to finish! The selection is vast and intriguing, making it hard to choose. I finally picked one, and when it arrived, it was even better than I expected. Zenarart is a keeper! I can’t wait to see new arrivals.",5
sunset-serenity,Leo,"Good overall experience, though there were a few hiccups. My order got delayed, and I had to reach out to customer service, which took longer than I anticipated. However, once it arrived, I was thrilled with my painting. It’s striking and pulls together my home decor nicely.",4
sunset-serenity,Maya,"I found a truly unique piece that caught my eye! I enjoyed browsing through the collection, and the checkout process was straightforward. My painting arrived in perfect condition and has received many compliments. I just wish there were more options available in larger sizes.",4
sunset-serenity,Nico,"What an experience! I stumbled upon Zenarart during a casual search for art, and I’m so glad I did! The piece I bought is striking and has become a focal point in my living room. The quality surpassed my expectations. I can’t recommend them enough!",5
sunset-serenity,Olivia,"My first experience with Zenarart was decent. I found a nice piece, but although it met my expectations, the communication during shipping could have been better. The artwork is lovely, and I think I’ll give them another chance in the future. Here’s to hoping for a better follow-up next time!",3
sunset-serenity,Peter,"Over the moon about my new artwork! The colors pop beautifully, and it truly elevates my space. I didn’t encounter any issues during my purchasing process, which I appreciate. The team also reached out to ensure I was satisfied with my order, which made me feel valued.",5
sunset-serenity,Quincy,"I can’t say I loved the website. It felt clunky and outdated. That said, when I finally completed my purchase, the shipping was fast, and the painting looks fantastic in my home. If they improve their site, I might change my overall impression next time.",3
sunset-serenity,Rita,"Fantastic experience! The vibrant energy of the painting has such a positive impact on my space. I found the website easy to navigate, and my order arrived promptly and in excellent condition. I am eagerly looking forward to my next art purchase!",5
sunset-serenity,Steven,"My experience was quite lukewarm. While the painting I received was fine, I felt there was a lack of personal touch in the overall process. The communication was also not as strong as I’d hoped. I might explore other options before my next art purchase.",3
sunset-serenity,Tara,"Amazing site for art! I was amazed by the selection and found a piece that resonated with me. The ordering process was seamless, and my painting arrived ahead of schedule. I am completely thrilled and would recommend Zenarart to others looking for quality art!",5
enjoying-a-ride-with-my-favorite-person,Emma,"I had an amazing experience purchasing my first painting from Zenarart! The selection was vast, and I quickly found a piece that resonated with me. The checkout process was smooth and hassle-free. I was kept updated about my order status, which I appreciated. The painting arrived carefully packaged and in perfect condition. It looks stunning in my living room! Thank you, Zenarart!",5
enjoying-a-ride-with-my-favorite-person,Liam,"Honestly, I was a bit disappointed. The painting I received didn’t match the online photos as closely as I had hoped. While the quality is good, I feel like the colors are different than portrayed on the site. Customer service was responsive, but I wish they would have offered a better solution. Just okay overall.",3
enjoying-a-ride-with-my-favorite-person,Sophia,"Absolutely love my new artwork from Zenarart! The colors are vibrant, and it has really transformed my workspace. The delivery was quick, and the painting was securely packaged. I felt like I got a personal touch in the service. I will definitely be returning for future purchases. Highly recommend this site to fellow art lovers!",5
enjoying-a-ride-with-my-favorite-person,Noah,"The selection on Zenarart is impressive, but the process could use some improvements. It took longer than I expected for my order to ship, and I had to reach out to customer support a couple of times. The painting is beautiful, but I would have appreciated clearer timelines. I think there’s room for growth here.",4
enjoying-a-ride-with-my-favorite-person,Mia,"Zenarart is a treasure trove of art! I stumbled upon a stunning piece that fit perfectly for my gallery wall. The purchase process was straightforward, and I loved that I could filter by style. The only downside was the shipping cost, which felt a bit high, but ultimately, I'm very satisfied with my purchase.",4
enjoying-a-ride-with-my-favorite-person,Oliver,"I was excited to buy a painting, but my experience was frustrating. The item was marked as in stock, yet it took forever to ship. When it finally arrived, it was damaged. Customer service was polite but didn’t resolve my issue efficiently. Not sure if I will buy again, honestly.",2
enjoying-a-ride-with-my-favorite-person,Ava,"This was my first online art purchase, and I’m so happy I chose Zenarart! The painting is even more beautiful in person, and the quality exceeded my expectations. They offer a diverse range of styles, which made it hard to choose just one! Will definitely buy more pieces in the future!",5
enjoying-a-ride-with-my-favorite-person,Elijah,"The process was decent, but I expected more communication. I got my painting, but there was no tracking information provided. Fortunately, it arrived unscathed. The artwork is delightful and adds a nice touch to my home office. I might consider buying again if they improve their communication.",3
enjoying-a-ride-with-my-favorite-person,Isabella,"From browsing to checkout, everything was smooth! Zenarart has a gorgeous collection. I ended up purchasing a piece that perfectly complements my decor. The shipping was quick, and I loved how it arrived already ready to hang. Great experience overall, I would highly recommend it!",5
enjoying-a-ride-with-my-favorite-person,James,"I had a mixed experience. The art selection is fantastic, but the site was a bit slow to load, which was irritating. When my painting arrived, it was lovely, and the colors matched perfectly to what I saw online. So, I’m happy with my final purchase, but the site could definitely use some optimization.",4
enjoying-a-ride-with-my-favorite-person,Amelia,I was searching for something unique and found it here! Zenarart has so many different pieces to choose from. The customer service team was super helpful when I had questions about my order. The painting adds so much character to my room; I’m in love with it!,5
enjoying-a-ride-with-my-favorite-person,Benjamin,"The paintings are undoubtedly one-of-a-kind, but I faced some issues during checkout. There was a glitch, and I had to redo my order. It was frustrating but worth it in the end because I love the final piece. I hope they can improve the technical side.",4
enjoying-a-ride-with-my-favorite-person,Charlotte,"The overall experience was okay, but I wish there were more detailed descriptions of the paintings. It took a while to make my decision because I couldn’t envision how a piece might look in my home. Once received, the painting is nice, so that part was satisfactory.",3
enjoying-a-ride-with-my-favorite-person,Lucas,"Just wow! I can’t express how happy I am with my purchase from Zenarart. The artwork looks gorgeous on my wall, and it’s such a conversation starter. I appreciated the attention to quality in packaging—everything arrived safely. Keep up the good work!",5
enjoying-a-ride-with-my-favorite-person,Evelyn,"I was impressed with the variety of artworks available. It felt like there was something for everyone! My painting came with a small scratch, which was a bit disappointing. However, Zenarart’s customer service was efficient and offered me a discount on my next purchase, which was nice.",4
enjoying-a-ride-with-my-favorite-person,Mason,"I was really looking forward to my painting, but the process fell short of expectations. The shipping took an eternity, and I felt left in the dark with no updates. When it finally arrived, the painting was perfect; it just took too long to get here. I might buy again if they improve their shipping times.",3
enjoying-a-ride-with-my-favorite-person,Harper,"I love Zenarart! The selection of abstract art is stunning, and I ended up finding a piece that fits my aesthetic perfectly. The purchase process was straightforward, and shipping was prompt. The painting came in a protective wrap, so it was in pristine condition. I will be back for more!",5
enjoying-a-ride-with-my-favorite-person,Logan,"Nice paintings, but my experience was a bit rocky. I had a hard time navigating the website, and it wasn’t very user-friendly. Eventually, I found a nice piece, but I would love to see an upgrade to the layout. The artwork itself is lovely and brightens my space!",3
enjoying-a-ride-with-my-favorite-person,Ella,"I’m in love with my new painting from Zenarart! Beautiful colors and unique design, it’s exactly what I was looking for. The order arrived promptly, beautifully packaged, and ready to hang. Easily one of my best online shopping experiences. Can’t recommend it enough!",5
enjoying-a-ride-with-my-favorite-person,Jack,"I found Zenarart while searching for unique art pieces, and they didn’t disappoint! I bought a painting that’s a perfect statement piece for my home. The order process was smooth. My only gripe is that shipping took slightly longer than expected, but overall, I'm satisfied.",4
enjoying-a-ride-with-my-favorite-person,Avery,"I loved browsing Zenarart's collection! They have such diverse styles that I ended up buying two pieces instead of one. The user experience was awesome—I found what I wanted quickly. They arrived within a week, beautifully wrapped. I couldn’t have asked for a better experience!",5
enjoying-a-ride-with-my-favorite-person,Jameson,"The website isn’t intuitive, and I faced issues during checkout. However, the artwork I purchased is incredibly well made and looks gorgeous in my space. I really wish the site offered a better user experience. If they fix that, I’d say this place has potential for great art.",3
enjoying-a-ride-with-my-favorite-person,Madison,"Zenarart has impressed me! The range of artworks is extensive, making it tough to choose just one. The payment and checkout process was smooth, and my painting arrived ahead of time, well-packaged. It has truly elevated my living room, and I would happily recommend this site to friends!",5
enjoying-a-ride-with-my-favorite-person,Lucas,"I had a great experience shopping on Zenarart. The artwork is fantastic, and I love how easy it was to make my purchase. The only downside was the packaging; it was good, but I had hoped for something a bit more upscale, considering the price of the painting. Overall, very pleased.",4
enjoying-a-ride-with-my-favorite-person,Scarlett,"I was a bit anxious to buy art online, but Zenarart exceeded my expectations! The painting looks as stunning in real life as it did in the digital display. Shipping was super fast, which was a pleasant surprise. I’ll definitely be back for more purchases soon!",5
enjoying-a-ride-with-my-favorite-person,Isaiah,"The overall experience was good; however, I had some hiccups with the payment process initially. It seemed to hang more than once. Once I sorted it out, the painting I ordered is absolutely delightful! It fits beautifully with my existing decor. I would recommend with a note to fix the payment system.",4
enjoying-a-ride-with-my-favorite-person,Sofia,"I'm very happy with my recent purchase from Zenarart! The customer service was attentive, and they answered all my questions promptly. The artwork arrived in perfect condition, and it looks stunning on my wall. I love supporting artists, and Zenarart makes it easy!",5
enjoying-a-ride-with-my-favorite-person,Ethan,"It was a mixed bag. The art selection is fantastic, but I was disappointed with the shipping timeline. My painting arrived later than expected. Nonetheless, when I finally got it, the quality was high, and I loved the design. I may shop again if they can improve logistics.",3
enjoying-a-ride-with-my-favorite-person,Chloe,"Fantastic selection of art! I loved the styles available at Zenarart. The checkout process was a breeze, and my painting arrived in perfect condition. It brightens my space and brings a smile every time I see it! Highly recommend exploring their collection.",5
enjoying-a-ride-with-my-favorite-person,Wyatt,"I was blown away by the variety of artists featured on Zenarart! Each piece tells a story. I found a unique painting that fits perfectly in my study. The whole purchase was seamless, from browsing to delivery. Will definitely refer my friends!",5
enjoying-a-ride-with-my-favorite-person,Zoe,"Overall a decent experience, but I did have some issues with customer support. My painting was delayed, and it took a bit longer to hear back from them than I would have liked. Once I received it, however, the piece was lovely and worth the wait. I just wish the situation had been handled more smoothly.",3
enjoying-a-ride-with-my-favorite-person,Aiden,"Bought a painting as a gift, and I was thrilled with the whole process at Zenarart. The checkout was easy, and they offered a gift-wrapping option, which I appreciated. The recipient loved it too! Will definitely consider them for future gifts.",5
enjoying-a-ride-with-my-favorite-person,Ella,"My online shopping experience was pretty solid. The variety is impressive, and the painting I got looks stunning on my wall. The packaging was satisfactory, and my only issue was with the delivery time. Overall, I’m happy with the result and would shop again.",4
enjoying-a-ride-with-my-favorite-person,Mia,"The artistic range at Zenarart is wonderful! I stumbled upon a perfect abstract piece for my dining area. The transaction was straightforward, and it arrived well-packaged without any issues. I’ll surely explore more for future purchases!",5
embracing-the-power-of-love,Alice,"I recently purchased a painting from Zenarart, and I am absolutely thrilled with my choice! The website was easy to navigate, and the variety of styles is impressive. I found the perfect piece for my living room. The colors are vibrant and have truly transformed the space. The shipping was fast and the painting arrived in perfect condition. Highly recommend!",5
embracing-the-power-of-love,Bob,"I had a decent experience shopping at Zenarart. My painting looked great online but was slightly different in color when it arrived. Still, it’s a unique piece that I enjoy. The customer service was responsive and helped me resolve my concerns promptly. I appreciate their effort to make me happy.",4
embracing-the-power-of-love,Charlie,"I was excited to purchase my first painting, but my experience was frustrating. The checkout process was confusing, and my order got delayed. When I finally received it, it wasn't what I expected. I’ll think twice about ordering again.",2
embracing-the-power-of-love,Diana,"What a fantastic experience! I was searching for art that resonated with me, and I found it at Zenarart. The collection is diverse, and I ended up purchasing two pieces! They arrived beautifully wrapped and on time. I’ve already received compliments from friends. Will definitely buy again!",5
embracing-the-power-of-love,Ethan,"I wanted something special for my office and found it here. The quality is top-notch, and I loved the framing options available. It arrived neatly packaged and looks stunning on my wall. I’m already considering a second purchase!",5
embracing-the-power-of-love,Fiona,"The website is user-friendly, but my painting took a bit longer to arrive than expected. The quality is okay, but I thought I was getting something more vibrant. Still, I enjoy it in my space.",3
embracing-the-power-of-love,George,"Zero stars if I could! My experience was horrible. The customer support was unhelpful, and I received a damaged item. I won’t shop here again.",1
embracing-the-power-of-love,Hannah,"I love the personal touch that Zenarart provides. The artist’s story behind the painting I chose really resonated with me. It’s unique and adds character to my home. Plus, shipping was super quick!",5
embracing-the-power-of-love,Isaac,"I was drawn in by their trendy pieces. My painting arrived looking great, but the colors weren't as bright as advertised. Overall, I’m happy. Just wish it matched my expectations more closely.",3
embracing-the-power-of-love,Jasmine,"What a pleasant shopping experience! From the moment I browsed their collection to the fast delivery, everything was smooth. The painting looks even better in person. Thank you, Zenarart!",5
embracing-the-power-of-love,Kevin,"I had high hopes but was left disappointed. The painting looked better online than it did in person. The colors were duller, and it didn’t fit the vibe of my room. I’ll be more cautious next time.",2
embracing-the-power-of-love,Lily,Absolutely love the artistry! I got a stunning piece that’s a conversation starter. It occupies a central place in my living room. The purchase and delivery process were also seamless. Highly recommended!,5
embracing-the-power-of-love,Matt,"Great selection of modern art! I found something that fits my style perfectly. The only downside was the slight delay in shipping. However, the painting was worth the wait!",4
embracing-the-power-of-love,Nina,"My experience was just okay. I love the art pieces, but the site could be more organized. I struggled finding the right category. The painting I bought is nice but felt a bit pricey.",3
embracing-the-power-of-love,Oscar,"Fantastic customer service! I had an issue with my order, and they were quick to respond and resolved it without hassle. My painting arrived in pristine condition and is gorgeous. A big thumbs up!",5
embracing-the-power-of-love,Paula,"I was a bit skeptical at first, but I must say I’m pleasantly surprised! The artwork is beautiful and seems to be of high quality. Packaging was great. Just hoping it holds up over time.",4
embracing-the-power-of-love,Quincy,"Mixed feelings. The art is lovely, but my experience with online payment was rocky. It took multiple tries to successfully complete my purchase. The piece itself is a great addition to my decor.",3
embracing-the-power-of-love,Rachel,Every piece I’ve bought from Zenarart has been a work of art! The quality and vibrant colors make my home feel special. I just can’t get enough of their selection!,5
embracing-the-power-of-love,Sam,"Not impressed. My painting arrived late, and I had to deal with a lot of back and forth with customer service. The art piece is decent, but I'm not sure I’ll return.",2
embracing-the-power-of-love,Tina,"I love my new painting! It’s chic, modern, and adds so much to my apartment. The ordering process was straightforward, and I appreciate the fast shipping.",5
embracing-the-power-of-love,Ulysses,"I think the art selection is fantastic, but delivery took ages! I was excited about my purchase, but the wait dampened my experience a bit. Still, when it arrived, it was beautiful!",4
embracing-the-power-of-love,Vanessa,"Initially, I wasn't sure about online art shopping, but Zenarart changed my perspective. The website is easy to use, and the pieces are breathtaking. I bought a large canvas for my dining area, and it adds so much warmth!",5
embracing-the-power-of-love,Walter,"The art is decent, but my experience was marred by poor communication from customer service. I had questions about my order that went unanswered. The painting itself is fine, but I won't rush back.",2
embracing-the-power-of-love,Xena,A very positive experience overall! I was amazed at the wide variety of art styles to choose from. I bought an abstract piece that complements my home beautifully. Would recommend to friends!,5
embracing-the-power-of-love,Yara,"I found a beautiful piece on the website, but I wish there were more detailed descriptions. It took a bit of guesswork. But, I love the artwork, and it looks great in my home!",4
embracing-the-power-of-love,Zane,"Mixed experience. While I appreciated the art’s uniqueness, the website was a bit cluttered and made browsing harder than it needed to be. Ultimately, I’m satisfied with the painting I received.",3
embracing-the-power-of-love,Abby,I adore my new painting! It arrived quickly and was packaged securely. The colors are expansive and pop in my office. Zenarart made my first experience shopping for art a breeze!,5
embracing-the-power-of-love,Brian,"The paintings are beautiful, and I found a great piece for my study. Delivery was on time, but the customer service left much to be desired when I had questions. Overall, a good experience.",3
embracing-the-power-of-love,Clara,"This was my first art purchase online, and I couldn’t be happier! Zenarart has a stunning collection, and my piece adds so much character to my living room. Fast shipping too!",5
embracing-the-power-of-love,Dennis,"I had an okay experience, but I expected the painting to be a bit larger. The size difference was disappointing, yet the quality is good. I might shop here again but would be more careful.",3
embracing-the-power-of-love,Eva,"Such a delightful experience! The colors of my painting are magnificent, and it truly ties my whole room together. The shipping was fast, and everything went smoothly. I absolutely recommend Zenarart!",5
embracing-the-power-of-love,Frank,My experience was mixed. The painting I ordered was beautiful but took a long time to arrive. I enjoyed the artwork but didn't enjoy the waiting!,3
embracing-the-power-of-love,Gina,I can’t express how much I love my new painting! It’s a vibrant piece that brightens up my living room. Zenarart’s user-friendly site made it easy for me to find exactly what I was looking for.,5
embracing-the-power-of-love,Howard,"I received my piece and was thrilled with the artwork itself, though the customer service was less than ideal. They took a long time to respond, and I felt neglected. The artwork is nice but the service needs improvement.",3
embracing-the-power-of-love,Ilana,"Overall, my experience was very positive! The artwork is stunning, and I received my order sooner than expected. The only downside was that the colors were slightly different from what I perceived online.",4
embracing-the-power-of-love,Jordan,"What a fantastic experience! The quality of the art is amazing, and the transaction was smooth. Everything arrived perfectly wrapped, and now I have a stunning focal point in my home.",5
embracing-the-power-of-love,Kim,"I had a lackluster shopping experience. The navigation on the site was confusing, and while I found a piece I liked, I struggled during checkout. The art is nice, but the process was frustrating.",2
embracing-the-power-of-love,Leo,Happy with my purchase! The painting is vibrant and looks fantastic in my study. Fast shipping and great packaging. I’ll be back for more in the future.,5
embracing-the-power-of-love,Mona,"A pleasant experience overall! The painting is gorgeous and well-packaged. However, I expected faster delivery times. I’m so thrilled with the art that I might overlook the wait next time.",4
embracing-the-power-of-love,Neil,"Nothing too special about my shopping experience. The art is okay, but I faced issues with the payment process, which was a hassle. Might consider looking elsewhere first.",2
embracing-the-power-of-love,Olivia,I’m in love with my new painting! The colors are so vibrant and the quality is excellent. The whole experience from browsing to purchasing was seamless. Highly recommend shopping at Zenarart!,5
embracing-the-power-of-love,Paul,"Decent art selection, but my experience was marred by poor customer service. They were slow to respond when I raised my delivery issue. The artwork is nice overall, but the service leaves a lot to be desired.",3
embracing-the-power-of-love,Quinn,"Loved my experience! The painting I chose fits perfectly in my space and has drawn loads of compliments. The entire buying process was easy and straightforward. Thank you, Zenarart!",5
embracing-the-power-of-love,Riley,"An okay experience. The art piece is lovely, but I encountered a few glitches during checkout. The site could use some improvements, but overall, I'm satisfied with the painting.",3
embracing-the-power-of-love,Sierra,"What an amazing collection! I was able to find something that truly resonates with me. The shipping was prompt, and my piece arrived in pristine condition. I’ll definitely be shopping here again!",5
embracing-the-power-of-love,Tyler,"My experience could have been better. The art piece I received was not what I expected. It looked different from the photo on the site, which was disappointing. However, the quality is still decent.",2
embracing-the-power-of-love,Uma,"Fantastic art selection! I’ve bought multiple pieces now, and each time has been a joy. The website is well-organized, making it easy to find what I’m looking for.",5
embracing-the-power-of-love,Vince,"I feel mixed about my experience. The art is unique but took longer than expected to arrive. I enjoyed the piece when it finally came, but the wait was frustrating.",3
embracing-the-power-of-love,Wendy,"Absolutely in love! My painting is a perfect fit for my style, and every time I look at it, it brings a smile to my face. The transaction was smooth, and delivery was quick.",5
love-is-the-masterpiece-of-life,Sophia,"Purchasing from Zenarart was a delightful experience! The website was easy to navigate, and I found the perfect piece to match my living room decor. The painting arrived well-packaged and in pristine condition. The colors are even more vibrant in person! I appreciated the details in the artwork that truly bring it to life. Definitely a satisfied customer!",5
love-is-the-masterpiece-of-life,Liam,"I had a mediocre experience buying a painting from Zenarart. While I found a beautiful piece, the transaction process felt a bit clunky. It took longer than expected for my order to ship, which was disappointing. However, once I received it, the artwork was stunning, and I’m glad I went through with the purchase.",3
love-is-the-masterpiece-of-life,Emma,"Absolutely loved my shopping experience at Zenarart! The selection of modern paintings is impressive, and I spent hours browsing through the collection. Customer service answered my questions quickly, which I really appreciated. My painting arrived on time, and it exceeded my expectations in quality. I’m already planning my next order!",5
love-is-the-masterpiece-of-life,Noah,I wasn't satisfied with my purchase from Zenarart. The painting I received was not as described on the website; it lacked some of the details that were showcased online. Customer support was helpful but couldn't resolve my issue completely. I hope they improve their product descriptions in the future.,2
love-is-the-masterpiece-of-life,Olivia,"Zenarart offers a fantastic array of paintings! I took my time selecting the right one for my office, and I'm delighted with my choice. The checkout process was seamless, and I appreciated the estimated delivery timeline. The artwork arrived quickly, and the quality is incredible. I will be recommending them to friends!",5
love-is-the-masterpiece-of-life,James,"I was disappointed with my experience at Zenarart. The painting I ordered had some issues with the frame, and it didn’t meet my expectations based on the website’s images. I reached out to support, but the response took longer than I anticipated. I might consider browsing elsewhere in the future.",2
love-is-the-masterpiece-of-life,Isabella,"What a pleasant surprise! I stumbled upon Zenarart while searching for unique wall art, and I'll keep coming back for more. The painting I purchased has sparked so much joy in my home. It arrived on time and was securely packaged. I admire the originality and creativity of the artworks they offer!",4
love-is-the-masterpiece-of-life,Elijah,"Zenarart’s website is a treasure trove of art! It took me some time to decide, but I finally settled on a piece that truly resonates with me. The entire ordering process was very efficient, and I appreciated the tracking updates. The painting is even more striking in person. I highly recommend Zenarart!",5
love-is-the-masterpiece-of-life,Ava,"My experience shopping at Zenarart was fairly decent. The selection of paintings is captivating, but unfortunately, my order took a bit longer to arrive. When it finally did, though, I was impressed with the quality and detail of the artwork. I think I might give them another chance to see if it’s continuous.",3
love-is-the-masterpiece-of-life,Lucas,"I was not impressed with my purchase experience at Zenarart. The layout of the website was a little confusing, and I struggled to find what I was looking for. Once I finally made my purchase, I experienced delays in shipping and wasn't kept updated. The art itself is nice, but the overall process left something to be desired.",2
love-is-the-masterpiece-of-life,Mia,"I'm a huge fan of Zenarart! The artwork I purchased is absolutely stunning and has transformed my bedroom. The colors are vibrant and the details are exquisite; it truly feels like a centerpiece. The process was straightforward, and I received great customer service when I had questions. Highly recommend!",5
love-is-the-masterpiece-of-life,Aiden,"My experience with Zenarart was okay, but it could be better. I found a painting I liked, but the checkout was a hassle. The menu options were difficult to navigate, which annoyed me. The painting itself is beautiful and adds a pop to my living room, but the purchasing experience could use improvement.",3
love-is-the-masterpiece-of-life,Charlotte,"Zenarart has an amazing selection, and my overall experience was fantastic! I received guidance on which painting would suit my space best, and I genuinely appreciated that. Once my order was confirmed, it shipped quickly, and the packaging was impressive. The painting has transformed my living area into a cozy haven!",5
love-is-the-masterpiece-of-life,Liam,"I had high hopes for Zenarart, but I was left quite disappointed. The painting I received didn't match the quality that was advertised online. Plus, the customer service response time was frustratingly slow. While I love the concept of supporting artists, I don't think I'll be buying again anytime soon.",1
love-is-the-masterpiece-of-life,Ella,"Fantastic artwork and a smooth purchasing process! Zenarart has so much to offer, and I spent ages just exploring different styles. The painting arrived in great condition and was perfectly ready to hang. I love its uniqueness and how it elevates my space! Good job, Zenarart team. I’ll be back!",5
love-is-the-masterpiece-of-life,Jackson,"I had a fairly decent experience with Zenarart. The art selection is impressive, but I was a bit overwhelmed by the choices. It took longer than expected for my order to arrive, but at least it was well-packaged. The painting looks nice on my wall, so I’m content with my purchase.",3
love-is-the-masterpiece-of-life,Grace,"I'm absolutely thrilled with my purchase from Zenarart! The painting I chose is magnificent and fits perfectly in my home office. It adds such a vibrant touch to the room. The ordering process was simple, and the painting arrived sooner than I expected. I’ll definitely be a returning customer!",5
love-is-the-masterpiece-of-life,Mason,"My experience with Zenarart was a mixed bag. I found a piece I really liked, but the ordering process was not very user-friendly. After finally making the purchase, I faced delays with shipping. However, when the painting arrived, I was quite happy with the quality and craftsmanship. Not sure if I’ll order again, but I’m grateful for the art.",3
love-is-the-masterpiece-of-life,Chloe,"Zenarart is a hidden gem in the world of online art! I love my new painting; it has an emotional resonance that I didn’t expect. The ordering process was straightforward, and my artwork arrived safely packed. I can't wait to explore more pieces! Thank you, Zenarart, for the wonderful experience!",5
love-is-the-masterpiece-of-life,Michael,"To be honest, I felt let down by my experience at Zenarart. The art selection is impressive, but the delivery process was poor. My painting arrived a week late, and when I reached out, I didn't get a clear answer. The art itself is lovely, yet the service needs significant improvement.",2
love-is-the-masterpiece-of-life,Abigail,"What an amazing experience! Zenarart truly cares about the satisfaction of their customers. I found the perfect painting that resonates with my taste, and it was delivered promptly. The colors and details are mesmerizing; I can’t stop looking at it! I highly recommend them to anyone looking to spruce up their home with art.",5
love-is-the-masterpiece-of-life,Alexander,"Zenarart is alright, but I expected a bit more. I found a nice painting that matched my style, but the checkout process could use some improvements. Once my order was finalized, I was happy with the delivery timeline. The painting turned out beautifully, but the overall experience wasn’t stellar.",3
love-is-the-masterpiece-of-life,Scarlett,"I am completely in love with my new painting from Zenarart! It complements my space beautifully, and I receive compliments on it all the time. The entire process—from browsing to payment to delivery—was seamless. I can genuinely say I’ll be exploring more of their collection in the future!",5
love-is-the-masterpiece-of-life,Daniel,"My time spent ordering a painting from Zenarart was just okay. The art on the website caught my attention, but the delivery left much to be desired. It took longer than I anticipated, and when it arrived, one of the corners was slightly damaged. Customer service was friendly, but I wouldn’t recommend them based on this experience.",2
love-is-the-masterpiece-of-life,Sofia,"I am thrilled with my experience at Zenarart! The website is beautifully designed, making it easy to browse the extensive collection. I found a piece that speaks to me, and it arrived in perfect condition. The colors are vibrant and truly elevate my space. I will definitely return for more art in the future!",5
love-is-the-masterpiece-of-life,Matthew,"My experience with Zenarart was satisfactory. I ordered a painting that took a little longer to arrive than expected, but the quality was great when it did! The art fits perfectly in my home, but the logistics aspect needs to be better organized. I might give them another try if I see something I like.",3
love-is-the-masterpiece-of-life,Victoria,"Zenarart exceeded my expectations in more ways than one! The aesthetic of my chosen painting is just stunning, and it creates an ambiance in my living room that's second to none. The buying experience was smooth, and customer service was responsive. I will certainly recommend them to others!",5
love-is-the-masterpiece-of-life,Benjamin,"Overall, I would rate my experience with Zenarart as underwhelming. The painting I ordered was lovely, but the shipping delays coupled with some initial confusion during checkout left me frustrated. I appreciate the artistry but found the ordering process to be a hassle. I might shop elsewhere next time.",2
love-is-the-masterpiece-of-life,Stella,"I had such a wonderful time navigating Zenarart's site! The selection is vast, allowing for so many styles to choose from. The painting I finally decided on arrived sooner than expected and was just as vibrant as displayed online. I couldn't be happier and plan on making more purchases soon!",5
love-is-the-masterpiece-of-life,Henry,"My experience with Zenarart was generally positive, but there were some bumps along the way. I loved the painting I chose; it arrived in perfect condition. However, the checkout process was confusing, which made things a bit frustrating. Overall, I’m happy with my piece but hope for smoother transactions next time.",4
love-is-the-masterpiece-of-life,Avery,"I can’t express how thrilled I am about my recent purchase from Zenarart! The painting is stunning, vibrant, and has added so much personality to my home. The whole experience was smooth, from browsing to delivery, and I loved how well it was packaged. I can’t wait to share my find with friends!",5
radiant-love-a-colorful-masterpiece-that-speaks-to-the-soul,Ava,"I had an absolutely wonderful experience purchasing from Zenarart! The website was easy to navigate, and I found exactly what I was looking for. The painting arrived promptly and was even more stunning in person. I appreciate the unique style of the art and how it complements my living room perfectly. Will definitely be returning for more!",5
radiant-love-a-colorful-masterpiece-that-speaks-to-the-soul,Liam,"I recently bought a painting from Zenarart, and I must say it exceeded my expectations. The colors are vibrant, and the detail is incredible. The process was smooth, and delivery was on time. I highly recommend them if you're looking for unique artwork that sparks joy.",5
radiant-love-a-colorful-masterpiece-that-speaks-to-the-soul,Emma,"While I found the selection on Zenarart to be good, I had issues with the shipping. My painting took longer to arrive than expected, and I was a bit disappointed. However, once it got here, it was beautiful and looked great in my home. I might consider buying again but will be cautious about shipping times.",3
radiant-love-a-colorful-masterpiece-that-speaks-to-the-soul,Noah,"I love the art on Zenarart, but my purchase was flawed. The painting I received had some minor damage. I reached out to customer service, and they were responsive, offering to replace it. I appreciated their efforts, but the experience was not ideal.",2
radiant-love-a-colorful-masterpiece-that-speaks-to-the-soul,Olivia,"Zenarart's website is like a treasure trove! I was looking for something unique for my office, and I found the perfect piece that always brings a smile to my face. It arrived well-packaged and in perfect condition. I couldn't be happier with my purchase and the overall experience.",5
radiant-love-a-colorful-masterpiece-that-speaks-to-the-soul,Ethan,"I had a mixed experience with my recent order. The painting itself was lovely and as described, but the customer service could use some improvement. I had questions about tracking my order that were not answered promptly. A great product but lacking on the support side.",3
radiant-love-a-colorful-masterpiece-that-speaks-to-the-soul,Sophia,"Every painting I have purchased from Zenarart has been a hit! The unique designs and color palettes are refreshing and artistically inspiring. The checkout process was easy, and my last piece arrived quicker than expected. Definitely a great place for art lovers!",5
radiant-love-a-colorful-masterpiece-that-speaks-to-the-soul,Mason,"I wish I could give a better rating, but my experience was disappointing. The painting I ordered arrived late, which was frustrating. When it finally got here, it was beautiful, but the wait soured the experience a bit. I hope Zenarart improves their shipping times.",2
radiant-love-a-colorful-masterpiece-that-speaks-to-the-soul,Isabella,"Zenarart has quickly become my go-to for purchasing paintings! Their collection is diverse and unique, and the entire process from selection to delivery was seamless. The painting adds a wonderful touch to my home decor. Highly recommend!",5
radiant-love-a-colorful-masterpiece-that-speaks-to-the-soul,James,"I was impressed with the quality of the painting I received. It was well-packaged and arrived without any issues. The colors are more stunning in person! I can definitely see myself making more purchases in the future. Great job, Zenarart!",5
radiant-love-a-colorful-masterpiece-that-speaks-to-the-soul,Charlotte,"Purchasing from Zenarart was a smooth experience, but I found some of the prices to be a bit high. That said, I do believe in supporting artists and appreciate the craftsmanship involved. The piece I got is lovely, and I’m enjoying it every day.",4
radiant-love-a-colorful-masterpiece-that-speaks-to-the-soul,Benjamin,"Unfortunately, I had a bad experience with my latest purchase. The painting arrived damaged, and although Zenarart's customer service was responsive, the slow replacement process was frustrating. I love their art, but I hope they improve their quality control.",1
radiant-love-a-colorful-masterpiece-that-speaks-to-the-soul,Amelia,"I was on the fence about buying art online, but my experience with Zenarart has changed my mind completely! The painting I ordered has become a focal point in my living room. It arrived beautifully wrapped and in perfect condition. I’m so glad I made this purchase!",5
radiant-love-a-colorful-masterpiece-that-speaks-to-the-soul,Logan,"Buying from Zenarart was mostly a good experience. My painting was as described, but I wish there were more detailed descriptions available online. Other than that, the shipping was quick, and customer service was helpful when I reached out. Overall, I'd say it's a solid choice.",4
radiant-love-a-colorful-masterpiece-that-speaks-to-the-soul,Mia,"Absolutely love my new art piece from Zenarart! It arrived quicker than I anticipated, and the colors are just perfect. I’ve received numerous compliments from friends who come over. Zenarart is definitely a place I'll be returning to for more unique finds!",5
radiant-love-a-colorful-masterpiece-that-speaks-to-the-soul,Alexander,"I had a lackluster experience with Zenarart. The artwork I received was not what I expected. It lacked the vibrancy I saw online. Customer service was kind enough to allow a return, but the hassle left a bitter taste. I’m hesitant to order again.",2
radiant-love-a-colorful-masterpiece-that-speaks-to-the-soul,Evelyn,"Zenarart does an impressive job of curating beautiful pieces. I was particularly drawn to how easy the website is to use. I found the perfect painting for my bedroom in no time. The colors are soothing, and it brings me joy every day. Highly recommend!",5
radiant-love-a-colorful-masterpiece-that-speaks-to-the-soul,Daniel,"I had an unremarkable experience. The process felt a bit impersonal, and while the painting looked good, it wasn't anything that stood out. I expected more originality from Zenarart. It’s okay, but I might look elsewhere next time.",3
radiant-love-a-colorful-masterpiece-that-speaks-to-the-soul,Harper,"I cannot say enough good things about my experience with Zenarart! From start to finish, everything was smooth. The painting is absolutely gorgeous and has received so many compliments from visitors. I will definitely be back to explore more art!",5
radiant-love-a-colorful-masterpiece-that-speaks-to-the-soul,William,"My experience was alright, but I think there is room for improvement. The painting I received was nice, but it took longer to arrive than I expected. I would have appreciated clearer communication regarding shipping times.",3
radiant-love-a-colorful-masterpiece-that-speaks-to-the-soul,Scarlett,"Zenarart has taken my heart with their stunning collection! I recently purchased a piece, and it’s everything I hoped for and more. The colors are vibrant and uplifting, transforming my space completely. The delivery was prompt, and I couldn’t be more satisfied!",5
radiant-love-a-colorful-masterpiece-that-speaks-to-the-soul,Jackson,"While the art is fantastic, I had a pretty annoying experience with the website. It felt cluttered, which made it difficult to find what I wanted. Once I did find my painting, it arrived in perfect condition, but I hope they update their site soon.",4
radiant-love-a-colorful-masterpiece-that-speaks-to-the-soul,Grace,"The overall experience with Zenarart was delightful. I loved being able to browse through so many unique artworks. My order arrived quickly, and the painting is perfect for my dining room. I’m happy to support artists through this platform!",5
radiant-love-a-colorful-masterpiece-that-speaks-to-the-soul,Luke,"I had a frustrating time with my first order. The painting arrived late, which ruined the surprise I had planned as a gift. While the art itself was beautiful, I think I’ll be more cautious next time with timing.",2
radiant-love-a-colorful-masterpiece-that-speaks-to-the-soul,Chloe,"My experience purchasing from Zenarart was stellar! I found exactly what I was looking for, and the checkout process was simple. The painting adds so much character to my home. I can’t wait to recommend Zenarart to my friends!",5
radiant-love-a-colorful-masterpiece-that-speaks-to-the-soul,Henry,"I had a good experience, but the painting I received was slightly smaller than I imagined. It’s still a lovely piece, but adding more dimensions in the description could help future buyers. Overall happy but room for improvement.",4
radiant-love-a-colorful-masterpiece-that-speaks-to-the-soul,Zoe,"Zenarart has a fantastic selection of art, but my purchase process was somewhat tedious. The loading times were longer than expected. However, I love my painting, which brightens my space beautifully. I might come back just for the art.",3
radiant-love-a-colorful-masterpiece-that-speaks-to-the-soul,Owen,"My experience with Zenarart was lovely! I was impressed by the quality of my chosen painting. It arrived beautifully packaged, which was a nice touch. Zenarart is a gem for anyone looking to enhance their space with unique art.",5
radiant-love-a-colorful-masterpiece-that-speaks-to-the-soul,Layla,"I had a mixed experience with Zenarart. The painting was stunning, but I encountered issues on the website while checking out. I hope they fix the minor glitches for a smoother experience next time.",3
radiant-love-a-colorful-masterpiece-that-speaks-to-the-soul,Michael,"Top-notch experience from Zenarart! The website is user-friendly, making it easy to browse and purchase. My painting arrived right on time and looks fantastic on my wall. I’ll definitely be a returning customer!",5
radiant-love-a-colorful-masterpiece-that-speaks-to-the-soul,Ella,"Zenarart has a wonderful selection indeed! I was thoroughly impressed by the detailed descriptions of each piece. The painting I ordered perfectly matched my decor. However, it took a little longer to arrive than I was told. Still satisfied overall!",4
radiant-love-a-colorful-masterpiece-that-speaks-to-the-soul,Samuel,"The artwork I received was beautiful, but the entire purchasing experience could have been better. I dealt with an uncertainty during shipping, which caused unnecessary stress. The art is worth it; just wish the process was smoother.",3
radiant-love-a-colorful-masterpiece-that-speaks-to-the-soul,Audrey,"I'm so pleased with my purchase from Zenarart! The painting arrived well-packaged and in pristine condition. It has added a lovely touch to my room. This was my first purchase, and I'm looking forward to buying more in the future.",5
radiant-love-a-colorful-masterpiece-that-speaks-to-the-soul,Gabriel,"Overall, I had a decent experience, but there were some hiccups. The painting I ordered was stunning, but I encountered issues with my payment processing. It resolved itself, but it made the experience less enjoyable. Still appreciate the art though!",3
radiant-love-a-colorful-masterpiece-that-speaks-to-the-soul,Savannah,"Zenarart is a fantastic platform for art lovers! I recently purchased a piece, and it complements my aesthetic perfectly. The delivery was prompt, and the whole process was hassle-free. I’ll definitely be coming back for more unique pieces!",5
radiant-love-a-colorful-masterpiece-that-speaks-to-the-soul,Carter,"I had an average experience with my order. The painting is beautiful, but I was underwhelmed with the customer service. They were not very communicative when I needed help. The artwork is lovely, but I’m not sure I’d buy again.",3
radiant-love-a-colorful-masterpiece-that-speaks-to-the-soul,Nora,"I'm thrilled with my recent Zenarart purchase! The website made it easy to find stunning paintings, and my order arrived quickly. The piece I chose looks incredible in my living space. Zenarart is a fantastic option for art enthusiasts!",5
radiant-love-a-colorful-masterpiece-that-speaks-to-the-soul,Isaac,"The experience was a bit of a mixed bag for me. While there’s a lot to love about their art selection and quality, the checkout process felt sluggish. Thankfully, the painting I received was worth the wait. I might give it another shot!",4
elegant-rose-blossom,Liam,"I recently bought a painting from Zenarart, and I couldn't be happier! The colors are vibrant, and it adds a beautiful touch to my living room. The shipping was also very fast. I will definitely be a returning customer.",5
elegant-rose-blossom,Emma,"Zenarart has an amazing selection of unique artwork. I found exactly what I was looking for, and the checkout process was smooth. However, the delivery took longer than expected, which was a bit disappointing.",4
elegant-rose-blossom,Noah,"I had high hopes when ordering my first piece, but I was a little let down. The colors weren't as bright in person. I might try a different piece next time, but this one wasn’t for me.",2
elegant-rose-blossom,Olivia,"Absolutely love my new painting! It fits perfectly in my office and inspires me every day. It was well packaged, arrived in great condition, and the website was super easy to use.",5
elegant-rose-blossom,Oliver,"The artwork I ordered is stunning and exactly as described. The only issue I had was with customer service being a bit slow to respond. Nonetheless, I’m pleased overall with my purchase.",4
elegant-rose-blossom,Ava,"I had a very frustrating experience with Zenarart. My item arrived damaged, and it took ages to get a replacement. I was really looking forward to hanging the piece, but now I'm hesitant to order again.",1
elegant-rose-blossom,Elijah,"Zenarart offers a fantastic variety of paintings. I ordered a piece for my wife’s birthday, and she was thrilled! It’s now the centerpiece of our home. Thanks for making her day extra special!",5
elegant-rose-blossom,Isabella,The site is so user-friendly. I appreciated the detailed descriptions and images of the art. I received my painting within a week and it looks fantastic. Will be recommending to friends!,5
elegant-rose-blossom,James,"While I love the painting, I had trouble tracking my order. The delivery took longer than the estimated time. It would be great if they improved their logistics.",3
elegant-rose-blossom,Sophia,"I purchased a large abstract painting for my new apartment, and I am in love! It brings life to the space, and the quality is top-notch. Highly recommend Zenarart!",5
elegant-rose-blossom,Benjamin,"The colors in my painting were slightly different than what was shown online. I still like it, but it was a bit misleading. Hopefully, this will improve.",3
elegant-rose-blossom,Mia,Zenart is my go-to for modern art. Great service and beautiful products! I always find something unique that fits my style. Can't wait for my next purchase!,5
elegant-rose-blossom,Lucas,"I had a minor issue with my order, but the customer service was quick to resolve it. The painting itself is flawless! I’m satisfied with my experience.",4
elegant-rose-blossom,Charlotte,The artwork I received was not what I expected. It looked more vibrant in the photos. I think I might try other styles next time.,2
elegant-rose-blossom,Henry,Zenarart has exceeded my expectations! The piece I bought looks exquisite and has become a great conversation starter. I look forward to adding more to my collection.,5
elegant-rose-blossom,Amelia,"I appreciate the variety offered on the site, but I wish they had more literature about each artist. It would add a nice touch to the shopping experience.",3
elegant-rose-blossom,Alexander,"Absolutely amazing! My painting arrived ahead of schedule, and it was as beautiful as I hoped. I've gotten so many compliments from guests!",5
elegant-rose-blossom,Evelyn,"While I loved the art, I was disappointed with the packaging. It seemed a bit flimsy for a piece worth so much. Improved packaging would make me feel more secure.",4
elegant-rose-blossom,Daniel,"The customer service was rather unhelpful when I had questions about my order. I expected better communication. The artwork is nice, but I might look elsewhere next time.",2
elegant-rose-blossom,Harper,I love Zenarart! The selection of artwork is diverse and fascinating. My painting was the perfect addition to my bedroom. I'm thrilled with my purchase!,5
elegant-rose-blossom,Matthew,"I ordered a couple of pieces, and one arrived with a small scratch. The replacement was sent quickly, but it did cause some inconvenience. The art is unique, though!",3
elegant-rose-blossom,Sofia,"My experience with Zenarart was overall fantastic. The website is easy to navigate, and I found the perfect piece for my empty wall. The delivery was on time too!",5
elegant-rose-blossom,Jackson,"I was thrilled with the quality, but the colors were a bit dull compared to the images online. I'm not disappointed enough to return it, but it wasn’t 100% as expected.",3
elegant-rose-blossom,Avery,Zenarart is an artist's haven. My recent purchase has transformed my space and adds so much character. Will definitely be back for more!,5
elegant-rose-blossom,Caleb,"I was really excited about my order, but it took longer to arrive than I anticipated. However, the piece itself is beautiful! I hope the shipping improves in the future.",4
elegant-rose-blossom,Ella,"The selection of abstract art was impressive, but I wish there were more options in soft colors. I found one piece I liked, but it wasn't exactly what I envisioned.",3
elegant-rose-blossom,Isaac,Freaking love my painting! It’s bold and captivating! Zenarart’s quality and choice really shine through. I’m already planning my next purchase!,5
elegant-rose-blossom,Aiden,"Honestly, the quality of my piece surpassed my expectations. I was worried about the price, but it was worth every dollar. I’m considering buying another for my office.",5
elegant-rose-blossom,Emily,"The variety of artwork is fantastic, but I feel like the price points vary too much. Some pieces feel a bit overpriced for what they are.",3
elegant-rose-blossom,Gabriel,"Zenarart offers a seamless shopping experience! Fast checkout, great selections, and quick delivery time. I’m very pleased with my purchase!",5
elegant-rose-blossom,Lily,"I found a beautiful piece that fits my style perfectly. The buying process was easy, and the delivery was smooth. I would definitely recommend it to my friends!",5
elegant-rose-blossom,Wyatt,"Although my painting arrived quickly, I felt slightly let down with the color saturation. When I saw it in person, it just didn’t have that pop I expected.",2
elegant-rose-blossom,Scarlett,"I had a wonderful experience! The painting arrived in perfect condition, and I’m so happy with how it looks in my home. Thank you, Zenarart!",5
elegant-rose-blossom,Sebastian,"The experience was pretty good, although I was confused about some of the sizes listed. Make sure to check the dimensions carefully before purchasing.",4
elegant-rose-blossom,Madison,"Simply put, I am in love with my purchase! This painting speaks to me. The process was easy, and it arrived right on schedule.",5
elegant-rose-blossom,Joseph,"The variety is impressive, but I wish there were more filters available when browsing. Overall, I found what I wanted and am satisfied with my order.",4
timeless-elegance,Alice,"I absolutely love the painting I purchased from Zenarart! The vibrant colors brighten up my living room, and the delivery was prompt. Highly recommend to anyone looking to add a touch of art to their home!",5
timeless-elegance,Bob,"My experience was pretty good. I found the selection to be extensive, though the checkout process was a bit confusing. Overall, I’m satisfied with my purchase and would consider buying again.",4
timeless-elegance,Catherine,"I was disappointed with my order. The painting arrived damaged, and customer service took a while to respond. They eventually sent a replacement, but the hassle was frustrating.",2
timeless-elegance,David,"Zenarart has a great selection of modern art! I found the perfect piece that fits my aesthetic. The quality is exceptional, and it looks even better in person!",5
timeless-elegance,Eva,"The website was easy to navigate, but I wish there were more filters. My painting arrived on time, but it wasn’t mounted as I expected, which was a bit disappointing.",3
timeless-elegance,Frank,Great service! I'm so happy with my new abstract painting. It was well packaged and arrived intact. I’ll definitely be returning to make more purchases.,5
timeless-elegance,Grace,"I found the perfect piece for my office! The colors fit my décor perfectly, although it took longer to arrive than I anticipated. But the art itself is beautiful!",4
timeless-elegance,Henry,Boring selection. I didn’t find much to choose from. I ended up settling for a piece that was just okay. Not sure if I’ll shop here again.,2
timeless-elegance,Isabella,"Fantastic experience overall! The art is stunning, and the process was smooth. Really happy with the support I received when I had questions about my order.",5
timeless-elegance,Jack,"I was really excited about my purchase, but when it arrived, it didn’t quite match the colors from the website. Still nice, just not what I expected.",3
timeless-elegance,Kathy,"I adore my new painting! The colors are so vibrant and lively. It truly enhances my space. Also, the shipping was faster than anticipated!",5
timeless-elegance,Liam,"Not impressed. The painting was smaller than I expected, and the quality wasn’t what I thought it would be based on the photos.",1
timeless-elegance,Mia,"Excellent quality! The details in the artwork are stunning, and it looks amazing on my wall. I’ve received so many compliments from friends!",5
timeless-elegance,Noah,"A solid experience. The painting was beautiful when it arrived, but the shipping took longer than promised. I’d still recommend the site.",4
timeless-elegance,Olivia,"I love the unique designs available! My painting has a nice message, and I’m proud to display it. The customer service was also very helpful when I had questions.",5
timeless-elegance,Paul,Mediocre experience. Like the art but was annoyed about the long delivery time. Customer support was slow to respond as well.,2
timeless-elegance,Quinn,What a treasure I found! This painting brings me so much joy every time I see it. The colors are even more vibrant than depicted online. I recommend Zenarart to everyone!,5
timeless-elegance,Rita,"It was okay. I wish there were more options that fit my taste. The one I got is pretty, but not quite what I had envisioned based on the website.",3
timeless-elegance,Sam,"Couldn’t be happier with my purchase! The artwork arrived in perfect condition, and it is exactly as described. I will definitely return for more art pieces!",5
timeless-elegance,Tina,"My experience was just fine. The website is pretty straightforward, and my painting is of good quality. However, the prices felt a bit high.",3
timeless-elegance,Ursula,Gorgeous art! My painting adds a wonderful touch to my art collection. Fast shipping and great service made this a five-star experience!,5
timeless-elegance,Victor,"Had a lot of issues with my order. It took too long to arrive, and the customer service wasn’t very helpful. I would not recommend.",1
timeless-elegance,Wendy,"Really enjoyed my shopping experience! The selection is fabulous, and the artwork I chose looks stunning in my home. Highly recommend Zenarart!",5
timeless-elegance,Xander,"Pretty good overall. The art is nice, but I felt the shipping costs were a bit high. Still, I’m happy with the piece I bought.",4
timeless-elegance,Yara,Delighted with my purchase! The layered colors of my painting blend beautifully. It turned out to be a fantastic addition to my collection!,5
timeless-elegance,Zach,"Purchasing was simple, and the art arrived as expected. However, I feel like there was a lack of variety in styles. It’s nice but not perfect.",3
timeless-elegance,Ava,"From browsing to delivery, everything was smooth and easy. The painting I received is breathtaking and truly highlights my space beautifully.",5
timeless-elegance,Ben,Had my doubts about the site initially but was pleasantly surprised by the quality. The painting adds depth to my room and came in perfect condition!,4
timeless-elegance,Clara,"I was a bit let down unfortunately. The colors in the painting were muted compared to what I saw on the site. It's still nice, but I had hoped for more.",2
timeless-elegance,Daniel,"Amazing service! I received my order quickly, and the artwork is even better in person. Very satisfied with the entire process!",5
timeless-elegance,Ella,"Mixed feelings about my experience. The painting is okay, but customer service was super helpful when I had issues with shipping.",3
timeless-elegance,Felix,"Love my new piece! It really brings my room to life. The shopping experience was seamless, and I appreciated the detailed product descriptions.",5
timeless-elegance,Gemma,"Had issues with the order not arriving on time, which was frustrating. However, the painting itself is beautiful when it finally got here.",2
timeless-elegance,Henry,"Fantastic choices available! I finally found a painting that resonates with me personally, and I'm over the moon with my purchase!",5
timeless-elegance,Irene,"Had a decent experience overall. The painting came in good shape, but I wish there were more art styles to choose from for my taste.",3
timeless-elegance,Jake,So impressed with my painting! It looks amazing in my living room. The shipping was fast and smooth too.,5
timeless-elegance,Kylie,"I was hoping for a wider selection of styles. The painting I chose is nice, but it wasn’t quite what I had in mind when I started shopping.",3
timeless-elegance,Luca,"Very happy with Zenarart! The artwork exceeded my expectations in every way. The experience was hassle-free, and the service was excellent.",5
timeless-elegance,Molly,"The painting arrived quickly, but it was not as vibrant in color as shown online. Still a good piece, but not what I hoped for.",3
serenity-in-solitude,Alice,"I recently purchased a painting from Zenarart and couldn't be happier! The design is vibrant and fits perfectly in my living room. The quality of the canvas and the colors really pop, adding a fresh touch to my decor. Shipping was prompt, and the packaging ensured it arrived in perfect condition. I highly recommend this website for anyone looking to enhance their space with beautiful art. Five stars for sure!",5
serenity-in-solitude,Brian,"My experience with Zenarart was a mixed bag. On one hand, I love the abstract painting I chose; it’s striking and unique. However, the delivery took longer than expected, which was disappointing. I tried reaching customer service, but response times were slow. Overall, I'm happy with the art piece but a bit frustrated with the process. I’d give it a three-star rating.",3
serenity-in-solitude,Carla,"Zenarart has an incredible selection of paintings! I was drawn to a piece that features intricate shapes and colors. Ordering was seamless, and it arrived quicker than anticipated. The quality is fantastic, exceeding my expectations. I've received so many compliments from friends and family. I’m absolutely thrilled and will definitely shop here again. Five stars all the way!",5
serenity-in-solitude,David,"Honestly, my experience with Zenarart was quite disappointing. The painting I received did not match the colors shown on the website, which left me feeling cheated. The customer service was unhelpful when I brought it up. I won’t be purchasing again, and I’d rate this experience a one star. Save your money and time.",1
serenity-in-solitude,Ella,"I absolutely adore my new painting from Zenarart! The colors are so vivid and uplifting. It truly stands out in my home office, providing me with inspiration every day. The delivery was punctual, and the item was well-protected during transit. I couldn’t be happier with my purchase and highly recommend others to explore their collection. Five stars without a doubt!",5
serenity-in-solitude,Frank,"Zenarart has some beautiful pieces, and I decided to buy a painting for my son's room. However, I was let down by the quality of the frame. It felt cheap and didn’t hold up well during shipping. While the artwork itself is nice, I wish the entire experience had been better. I’d give it a two-star rating for the painting but one star for the frame.",2
serenity-in-solitude,Grace,"I'm blown away by my recent purchase from Zenarart! The painting adds so much character to my dining area. The vibrant colors and abstract design really draw the eye. It was easy to order, and it arrived in perfect condition. I can’t wait to buy more pieces from this incredible site. Definitely a five-star experience!",5
serenity-in-solitude,Henry,"I had a decent experience with Zenarart. The paintings are lovely, but I found the website a little confusing to navigate. I eventually found a piece I liked, and it arrived on time, which I appreciated. However, I expected a little more guidance during the selection process. I’ll give it a three-star rating overall.",3
serenity-in-solitude,Isla,"Zenarart is a hidden gem! I stumbled upon it while searching for unique wall art, and I'm so glad I did. The piece I chose has become the centerpiece of my living room decor. The quality and craftsmanship are outstanding, and I’ve already received so many compliments. I will definitely be returning to browse for more! Five stars from me!",5
serenity-in-solitude,James,"I was really excited about my purchase from Zenarart, but it fell short of expectations. The painting itself is lovely, but the customer service was rather unresponsive. I had questions regarding my order that took longer than expected to get answers to. I'm satisfied with the art but not the process, so I’m giving it a three-star rating.",3
serenity-in-solitude,Katherine,"Zenarart is my go-to for unique artwork! I recently purchased a stunning abstract piece that has transformed my living space. The colors and patterns are mesmerizing, making it a perfect addition to my home. The ordering process was straightforward, and it arrived well-packaged and on time. Highly recommend it to anyone looking to upgrade their decor! Five stars!",5
serenity-in-solitude,Liam,"My experience with Zenarart was okay. I found a painting that I liked, but the price felt a bit steep for what I received. While the artwork is nice, I expected more from the quality of the materials. It’s good, but it could have been better. I’d rate it a two-star because of the price.",2
serenity-in-solitude,Mia,"I had a fantastic experience with Zenarart! The abstract piece I ordered not only fits my aesthetic perfectly but also sparks conversation among my guests. The colors are vibrant, and the quality is superb. Packaging was secure, ensuring no damage during transit. I’m so pleased with my purchase and will definitely shop here again. Five stars all the way!",5
serenity-in-solitude,Noah,"I wasn’t overly impressed with my purchase from Zenarart. The artwork looked different in person compared to the picture online. While I still like it, it wasn’t what I was expecting. The shipping was also slower than advertised, which added to my frustration. I would rate it a three-star, as it was an average experience overall.",3
serenity-in-solitude,Olivia,"Absolutely loved my experience with Zenarart! The painting arrived on time, beautifully wrapped, and it exceeded my expectations. It has transformed my space into something incredibly special. I've already received compliments from friends and family. I'm planning to purchase another piece soon. Five stars for creativity and service!",5
serenity-in-solitude,Paul,"Zenarart's painting felt rushed. While I really liked the art style, I noticed some paint smudges and imperfections. For the price I paid, I expected better quality control. Customer service was decent, but it didn't make up for the disappointment with the artwork itself. I would give it a two-star rating.",2
serenity-in-solitude,Quinn,"I am quite pleased with my recent purchase from Zenarart. The painting I chose has a calming aesthetic, making it perfect for my bedroom. The colors are soothing, and the quality of the canvas is great. Delivery was quick and hassle-free. I’m definitely considering buying a few more pieces for other rooms! I would rate it a four-star overall.",4
serenity-in-solitude,Ryan,"I love browsing Zenarart! There are so many unique pieces. I ended up choosing a vibrant painting that completely shifts the mood in my office. The order process was simple, and the delivery was right on time. I was pleasantly surprised by the quality. I can’t wait to explore more of their collection. Five stars!",5
serenity-in-solitude,Sophia,"Zenarart left me underwhelmed. I received my painting, but it was a bit damaged during transit. Customer service was helpful but took several days to respond. The piece itself is lovely, but I wish the experience had been smoother. I would give it a three-star rating due to the damage and delays.",3
serenity-in-solitude,Thomas,"Zenarart exceeded my expectations! I acquired this striking abstract piece for my office, and it's a fantastic conversation starter. The colors are vibrant, and the quality is top-notch. I appreciate the fast shipping and careful packaging. I’ll definitely be recommending this website to friends. Five stars without hesitation!",5
serenity-in-solitude,Uma,"Initially, I was thrilled with the painting from Zenarart, but the delivery was delayed, causing frustration. When it finally arrived, it was beautiful, but the wait dampened my excitement. While I appreciate the art, the overall experience was just average. I’d give it a three-star rating, as it was nice but not without flaws.",3
serenity-in-solitude,Victor,"I had a splendid experience with Zenarart! The vivid tones of the painting bring life to my otherwise plain wall. The ordering process was effortless, and it arrived well-packaged. Everything about the transaction was smooth, making it a delightful experience. I’m already eyeing a few more pieces for my collection. Five stars from me!",5
serenity-in-solitude,Wendy,"My experience with Zenarart was satisfactory. The artwork I chose is nice but didn’t completely wow me. Also, the picture on the website seemed a bit different from the actual piece. I think they could improve their quality control. I would rate my experience as a three-star affair.",3
serenity-in-solitude,Xander,"Zenarart is outstanding! The unique designs captured my attention, and one particular piece caught my eye instantly. It's an incredible addition to my living room, and I've received many compliments. The service was excellent, and the artwork was well-packaged. I can't wait to shop here again! Five stars for sure!",5
serenity-in-solitude,Yara,"I had mixed feelings about my order from Zenarart. The artwork is pretty, but the colors were not as vibrant in person, which was disappointing. The delivery was prompt, and the packaging was secure, though. I might consider trying again, but I’d rate it a two-star experience this time.",2
serenity-in-solitude,Zach,"I’m thrilled with my purchase from Zenarart! I found a striking piece that perfectly encapsulates my style. The process was super easy from selection to delivery. The art arrived promptly and beautifully packaged. It’s added such character to my home, I cannot recommend Zenarart enough! Definitely a five-star experience.",5
minimalist-haven,Alice,I recently purchased a beautiful painting from Zenarart. The colors are vibrant and it adds so much life to my living room! The process was easy and the delivery was prompt. I’m very happy with my experience and would definitely recommend them to friends. The customer service was also very helpful.,5
minimalist-haven,Bob,"My recent purchase from Zenarart was a mixed bag. The selection is impressive, but my painting arrived with a minor scratch. Customer service was quick to respond and offered me a discount on my next purchase. Overall, I’m satisfied, but I wish the quality control was better.",3
minimalist-haven,Charlie,"Zenarart has a fantastic collection of artworks! I found exactly what I was looking for and the transaction was smooth. The shipping was timely, and my painting was well-packaged. I would love to shop here again!",4
minimalist-haven,Daisy,"I had a great experience shopping at Zenarart! The website is user-friendly, and I was able to find a fantastic piece that suits my style perfectly. Shipping took a few days longer than expected, but the artwork was worth the wait.",4
minimalist-haven,Ethan,"Honestly, I was disappointed with my experience. I ordered a painting, but it arrived damaged. I reached out to customer support, but they were slow to respond. I expected better service given the price point. Not sure if I’ll order again.",2
minimalist-haven,Fiona,"I absolutely love my new painting! The quality is top-notch and it looks amazing in my home. The entire buying process was effortless, from selection to checkout. I will definitely be back for more! Highly recommend Zenarart.",5
minimalist-haven,George,"Zenarart's selection is quite good, but my painting took longer to arrive than anticipated. When it finally got here, the artwork itself was stunning and of high quality. Next time, I’ll just be more patient.",4
minimalist-haven,Hannah,"My experience with Zenarart was pretty average. The art itself is fantastic, but I found the browsing experience on the site a bit chaotic. There should be more filtering options. Still, I love what I got!",3
minimalist-haven,Ian,"I was blown away by the variety available on the Zenarart website. I managed to find a unique piece that really stands out in my office. The checkout process was smooth, and my shipment arrived quickly!",5
minimalist-haven,Julia,"I had a mixed experience. While I loved the painting I purchased, I felt the website could use some improvements. The descriptions of the artworks weren’t very detailed, which made it hard to decide. But overall, I’m happy with my piece.",3
minimalist-haven,Kevin,I’m thrilled with my purchase from Zenarart! The artwork is stunning and really complements my home decor. The ordering process was easy and my painting arrived in perfect condition. Would definitely buy again!,5
minimalist-haven,Laura,"The painting I bought from Zenarart is beautiful, but the delivery process was frustrating. My item took longer than expected to arrive. That said, the art is gorgeous and it was well-packaged.",4
minimalist-haven,Mike,"I wasn't pleased with my experience. The website was hard to navigate and customer service was unhelpful when I had questions about my order. I received the painting eventually, but it was not worth the hassle.",1
minimalist-haven,Nina,"Absolutely delighted with my order! The colors are vibrant and it brings so much joy to my space. The customer service was fantastic, too! So helpful and responsive. I would recommend Zenarart to anyone looking for quality art.",5
minimalist-haven,Oscar,"The painting I ordered exceeded my expectations! It’s a stunning piece. However, the tracking information was a bit confusing, which made me anxious about when it would arrive. But once it got here, I forgot all that!",4
minimalist-haven,Paula,"Zenarart is a great place to find unique artwork. My experience was smooth, although the site could use some design improvements. Still, I came away with a beautiful painting that I absolutely love!",4
minimalist-haven,Quentin,"I have mixed feelings about my order. The painting is beautiful, but it took longer than expected to arrive and I didn’t get timely updates. Still, I might give them another chance since the artwork is fantastic.",3
minimalist-haven,Rachel,"I had an excellent shopping experience! The browsing options were vast, and I found the perfect piece for my living room. Shipping was quick and the painting arrived in perfect condition. Highly satisfied!",5
minimalist-haven,Steve,"My order process was smooth, but when the painting arrived, there was a small issue with the frame. Customer service took care of it quickly, but I still felt a bit let down by the initial care.",3
minimalist-haven,Tina,I cannot express how much I love my new painting! It has completely transformed my space. The ordering and shipping process was seamless. I will definitely be showcasing Zenarart to my friends!,5
minimalist-haven,Ursula,"The artwork I received from Zenarart is lovely, but I wish the site had more visual aids to help choose sizes. My painting was larger than I anticipated, but still an excellent addition to my decor!",4
minimalist-haven,Victor,Disappointed by my purchase. The painting didn’t match the colors depicted on the website. It feels like false advertising. I don't think I’ll return. Customer service was unhelpful as well.,2
minimalist-haven,Wendy,"I’m in love with my painting! The quality is exceptional and it arrived on time. The customer journey was great, from browsing to purchase. Highly recommend to anyone looking for unique artworks!",5
minimalist-haven,Xander,"The selection is impressive, but I had issues with the checkout process. It seemed glitchy and I almost gave up. Thankfully, my artwork is gorgeous and arrived well packaged, which kept me from losing my mind.",4
minimalist-haven,Yara,"Very happy with my order! The service was quick and professional. My painting looks amazing in my home office. I enjoyed browsing the site, there are so many options! Can’t wait to buy from Zenarart again!",5
minimalist-haven,Zane,"I have mixed feelings. The painting is beautiful, but the shipping time was longer than I expected. I had to reach out for updates multiple times. It's a great piece, but the logistics need work.",3
minimalist-haven,Amelia,"The process of purchasing from Zenarart was very user-friendly! I was able to find the perfect painting for my bedroom, and it arrived right on time and well packaged. I couldn't be happier!",5
minimalist-haven,Brian,"I was really excited to order from Zenarart, but my experience left me feeling let down. The art arrived, but it wasn’t what I expected—it looked a lot different online. However, it may just not have been the right choice for me.",2
minimalist-haven,Clara,Zenarart exceeded my expectations! Quick shipping and an easy-to-navigate website made the whole experience enjoyable. The artwork is stunning and I’ll definitely return for my future decor needs.,5
minimalist-haven,Dylan,"Overall, a good experience! I love my painting, but the delivery was quite delayed. I understand things happen, but communication could have been better. Happy with the final product though!",4
minimalist-haven,Eva,"Fantastic shopping experience! The variety of artwork is impressive. I found the perfect piece that matches my style. The shipping was quick, and everything arrived in excellent condition. Highly recommend!",5
minimalist-haven,Frank,"I had a bumpy ride. The site was somewhat confusing when trying to navigate through the collections. There was a delay in delivery as well, though the artwork is exquisite. I might give them another shot.",3
minimalist-haven,Grace,"I love my new painting. It looks perfect in my space! The order was easy, and the delivery time was just right. Will definitely shop here again, it’s nice to find such unique pieces! Thank you, Zenarart!",5
minimalist-haven,Henry,"Great experience overall! The selection is wonderful. Just had a bit of trouble figuring out the sizing. I ended up with a piece that looks fantastic, but I suggest you double-check the dimensions before purchasing.",4
minimalist-haven,Ivy,I am very satisfied with my order! The painting I received is even more beautiful than I expected. The process was smooth from start to finish. I’ll definitely be spreading the word about this site!,5
mesmerizing-circles-of-blue-and-white,Emma,"I was ecstatic with my purchase from Zenarart! The vibrant colors of the painting truly brighten up my living room. The website was easy to navigate, and I found exactly what I was looking for. Shipping was fast too! Highly recommend!",5
mesmerizing-circles-of-blue-and-white,Liam,"I had a pretty good experience overall. The selection of paintings is excellent, but I found some of the prices a bit higher than I expected. Still, the quality of the artwork was top-notch when it arrived.",4
mesmerizing-circles-of-blue-and-white,Sophia,"Honestly, I was really disappointed with my purchase. The painting looked different in person than on the website. It’s a lovely piece, but not what I expected at all. I won’t be buying again.",2
mesmerizing-circles-of-blue-and-white,Noah,"Fantastic experience! I was a little nervous about ordering art online, but Zenarart exceeded my expectations. The piece was well-packaged and arrived in perfect condition. Definitely shopping here again!",5
mesmerizing-circles-of-blue-and-white,Olivia,"I love my new painting! The colors are so bold and beautiful, just as promised. The only drawback was that it took a bit longer to arrive than I would have liked.",4
mesmerizing-circles-of-blue-and-white,Ethan,"I had mixed feelings about my order. While the painting itself is stunning, the customer service was not very helpful when I encountered an issue with shipping. Hoping this gets resolved soon.",3
mesmerizing-circles-of-blue-and-white,Ava,Incredible selection of unique artwork! I spent hours browsing and finally found the perfect piece for my office. The checkout process was smooth. Would recommend to any art lover!,5
mesmerizing-circles-of-blue-and-white,Mason,"Great purchase! The painting is even better in person. I appreciate the variety that Zenarart offers, and I can't wait to show off my new art to friends and family!",5
mesmerizing-circles-of-blue-and-white,Isabella,"I appreciate the quality of the painting I received. However, I was frustrated by the delays in shipping. Still, the artwork is beautiful and fits perfectly in my home.",4
mesmerizing-circles-of-blue-and-white,Lucas,"I was a bit underwhelmed. The painting didn't match the colors shown online, and I felt let down. I reached out to customer service, but didn’t receive much help.",2
mesmerizing-circles-of-blue-and-white,Mia,"Absolutely love my painting! It has transformed my space and adds so much character. The service was quick and efficient too, making the whole experience pleasant.",5
mesmerizing-circles-of-blue-and-white,Logan,"The artwork is lovely, but I wish there were more detailed descriptions on the website. I didn’t realize the size would be different from what I imagined.",3
mesmerizing-circles-of-blue-and-white,Charlotte,"What an amazing experience! From browsing to buying, everything was seamless. I am thrilled with my new piece, and it has received so many compliments from visitors!",5
mesmerizing-circles-of-blue-and-white,James,"The painting I ordered was perfect. It was packaged well, and the colors are breathtaking. It was a bit pricey, but worth every penny for such quality art!",5
mesmerizing-circles-of-blue-and-white,Amelia,"While the artwork is beautiful, my package arrived late. I was disappointed with the shipping service but am glad I love my new painting.",4
mesmerizing-circles-of-blue-and-white,Oliver,"This was my first time buying art online, and it was a mixed bag. The site was easy to use, but I found the images a bit misleading. The real deal was beautiful but not what I anticipated.",3
mesmerizing-circles-of-blue-and-white,Harper,I cannot recommend Zenarart enough! The variety and quality are outstanding. The painting I bought fits perfectly with my decor and has become the centerpiece of the room!,5
mesmerizing-circles-of-blue-and-white,Benjamin,"I had high hopes but was left feeling disappointed. The customer service was slow to respond, and it took weeks to receive my order. Not sure if I will order again.",2
mesmerizing-circles-of-blue-and-white,Ella,Such a fantastic shopping experience! The website was easy to navigate and I found the perfect piece that complements my style. Couldn't be happier!,5
mesmerizing-circles-of-blue-and-white,Jack,"The painting looked better online than in person. I’m not saying it’s bad, just different. I may look for something else next time.",3
mesmerizing-circles-of-blue-and-white,Sofia,"My experience with Zenarart was amazing. The painting arrived well-packaged, and I adore the art style! It really stands out in my apartment.",5
mesmerizing-circles-of-blue-and-white,Alexander,"It was okay. The painting was lovely but lacked the vibrancy I expected. The shipping was prompt, though, and it came in one piece.",3
mesmerizing-circles-of-blue-and-white,Grace,The painting I received is stunning! I loved how quickly it arrived and the overall quality. This will not be my last purchase for sure.,5
mesmerizing-circles-of-blue-and-white,Jackson,"Good shopping site but the customer service could use improvement. I had some questions and didn’t get much assistance. The art, however, is truly nice.",4
mesmerizing-circles-of-blue-and-white,Chloe,I love Zenarart! The artwork I purchased is unique and adds so much charm to my home. Highly recommend their products and service!,5
mesmerizing-circles-of-blue-and-white,Aiden,"I hoped for more variety. The painting I chose was nice, but I feel like something was missing. I may explore other sites as well.",3
mesmerizing-circles-of-blue-and-white,Zoe,Fantastic experience! I bought a beautiful abstract piece that has completely transformed my living space. I can’t stop staring at it!,5
mesmerizing-circles-of-blue-and-white,Daniel,The art is lovely but the wait for delivery was unacceptable. I was excited and then frustrated by the delay. Would recommend for patience!,3
mesmerizing-circles-of-blue-and-white,Natalie,"I absolutely adore my painting from Zenarart! The colors are vibrant and it really brings the room alive. Great service, too!",5
mesmerizing-circles-of-blue-and-white,Matthew,"I wish I had more guidance while shopping. I ended up with a piece that wasn’t quite what I envisioned. The quality is good, though.",3
mesmerizing-circles-of-blue-and-white,Lily,Incredible selection and quality! I couldn't be happier with my purchase. It's the perfect addition to my home decor.,5
mesmerizing-circles-of-blue-and-white,Henry,"I feel like I didn’t get my money’s worth. The painting is pretty, but shipping took too long and I wasn’t kept updated.",2
mesmerizing-circles-of-blue-and-white,Victoria,Absolutely fabulous artwork! The vibrant colors just pop and it fits perfectly in my living space. Fast shipping and great service!,5
mesmerizing-circles-of-blue-and-white,Sebastian,"Artwork is good, but I had a hard time understanding the sizing details. I ended up with a smaller piece than I anticipated.",3
serenity-in-motion,Alice,"I recently bought a vibrant painting from Zenarart, and it has transformed my living room. The colors are even more stunning in person! The website was user-friendly, and my order arrived on time. I'll definitely be back for more pieces.",5
serenity-in-motion,Bob,"The artwork I purchased was just okay. While the website was easy to navigate, the quality of the painting didn't live up to my expectations. It has potential, but I'm not completely satisfied.",3
serenity-in-motion,Cathy,"Zenarart exceeded my expectations! The painting I selected is a bold piece that sparked joy the moment I unwrapped it. The customer service was also top-notch, always ready to assist. Highly recommend!",5
serenity-in-motion,David,"I had a mixed experience. The painting itself is beautiful, but the delivery took longer than expected. Communication could have been better, but I'm happy with the final product.",4
serenity-in-motion,Eva,"I'm in love with my new painting! The colors pop and get compliments from friends. The whole purchasing process was smooth, and I appreciated the care in packaging. Worth every penny!",5
serenity-in-motion,Frank,"Found the selection a bit limited when compared to other sites. I ended up purchasing something that was nice, but I wish there were more options in my preferred style.",3
serenity-in-motion,Grace,"What a fantastic experience! The painting arrived sooner than expected, and it was even more beautiful than it looked online. Great quality and attention to detail. I'm very happy!",5
serenity-in-motion,Henry,"While the painting is nice, I expected something more given the price. The online pictures didn’t capture the subtleties of the artwork. It's not bad, just didn’t meet my hopes.",2
serenity-in-motion,Irene,"Absolutely adore my new piece! Zenarart offers amazing artwork. The quality is exceptional, and it truly brings a new life to my home. Customer service was also very helpful during my purchase.",5
serenity-in-motion,Jack,"Had some issues with my order, but the staff were very accommodating. In the end, I received a lovely painting, but the hassle made the experience a bit unpleasant.",3
serenity-in-motion,Kim,"So thrilled with my purchase! The painting fits perfectly in my office and really inspires me. The website was easy to use, and my order came well-packaged and on time.",5
serenity-in-motion,Liam,"The painting is gorgeous, but I found the website a bit tricky to navigate. Still, the quick service and quality of the product made up for it in the end.",4
serenity-in-motion,Megan,"I bought a piece for my gallery wall, and my friends keep asking where I got it! The colors are so vibrant, and it adds character to the room. Highly recommend Zenarart!",5
serenity-in-motion,Nate,"The artwork arrived with a small defect. Zenarart's customer service was responsive and offered a discount as compensation, but I was hoping for a perfect piece.",3
serenity-in-motion,Olivia,"Such a unique selection of art! I found exactly what I was looking for, and my expectation was met with high quality. I made a second purchase right after my first!",5
serenity-in-motion,Paul,"Didn’t quite live up to the hype for me. The painting is nice, but the service fell short with delayed shipping. I may consider buying again if improvements are made.",2
serenity-in-motion,Quinn,"Fabulous experience! The site is easy to use, and the fast shipping was a major plus. My new painting brightens up my space, and I couldn't be happier with it!",5
serenity-in-motion,Rachel,"The art piece is lovely and fits nicely in my home. I had some confusion regarding the shipping details, but customer service was quick to clarify. Overall, I’m satisfied.",4
serenity-in-motion,Sam,"I was disappointed with my purchase. The painting looked much better online, and the colors weren't as vibrant in person. I might try another artist next time.",2
serenity-in-motion,Tina,"Wow! The painting got here fast and looks phenomenal in my bedroom! Each time I walk by, I feel uplifted. Definitely will shop here again!",5
serenity-in-motion,Uma,"The variety of styles was refreshing! I found something that resonates with my aesthetic, but I wished for better prices for some of the pieces.",4
serenity-in-motion,Victor,"The piece I chose was stunning but arrived with a minor scratch. Zenarart was prompt in addressing it, but it left me feeling a little underwhelmed.",3
serenity-in-motion,Wendy,"From start to finish, I had an amazing shopping experience! The painting is perfect for my home office and encourages creativity while I work. I’ll be sharing this shop with friends.",5
serenity-in-motion,Xena,"The site iscool, but the painting I received was slightly off from what I imagined. Still, I can appreciate the artistry and unique style of it.",4
serenity-in-motion,Yara,"Great shopping experience! The painting arrived in perfect condition, and the colors are stunning. I love how it complements my decor.",5
serenity-in-motion,Zach,"The artwork looked amazing online, but when I received it, the colors were a lot duller. Still, I find it has a certain charm.",3
serenity-in-motion,Ashley,"Absolutely beautiful! I was so excited to receive my order, and it did not disappoint. The colors are vibrant, and it’s a great conversation starter!",5
serenity-in-motion,Benny,"The process was okay, but I had issues with tracking my order. The painting is nice, but the experience left me wanting more.",3
serenity-in-motion,Chloe,I adore Zenarart! The selection of art is incredibly diverse. I found a piece that resonates with me and brings life to my living room.,5
serenity-in-motion,Derek,"The artwork is beautiful, but I had a difficult time reaching customer service with my inquiries. Once I finally got an answer, I was satisfied with the outcome.",4
serenity-in-motion,Emily,"My painting is even more stunning in person! The ordering process was simple, and the shipping was quicker than expected. Couldn’t ask for a better experience!",5
serenity-in-motion,Freddie,"I had high hopes, but the painting arrived late and didn’t quite match its online photo. I might consider trying a different artist next time.",2
serenity-in-motion,Gina,Such exquisite art! It brought a whole new energy to my space. I'll certainly recommend Zenarart to my friends and family. Thank you for the fantastic experience!,5
abstract-beauty-in-purple-and-black,Alice,"I absolutely loved my experience at Zenarart! The selection of paintings is breathtaking. I found a beautiful piece that perfectly fits my living room. The purchase process was seamless, and my artwork arrived quickly and in perfect condition. I appreciate the quality and craftsmanship of the piece I received. Can't wait to buy again!",5
abstract-beauty-in-purple-and-black,Ben,"I had high hopes for my order, but the painting I received didn't match the online description. The colors were off, and it looked different in person. I reached out to customer service for a return, but the process was a bit tedious. I’m hoping for a better experience next time.",2
abstract-beauty-in-purple-and-black,Cathy,"Great experience overall! I found the perfect abstract painting that speaks to me. The website was user-friendly, and the checkout process was hassle-free. Plus, I received my piece ahead of schedule! The only downside was the packaging; it could have been more secure to prevent any damages during shipping. Still, I highly recommend Zenarart.",4
abstract-beauty-in-purple-and-black,David,"Five-star service! I had a few questions about the size and frame options, and the staff was incredibly helpful. Once I made my purchase, I was thrilled to see how vibrant the painting was! It adds so much energy to my office. Can't wait to explore more of their collection.",5
abstract-beauty-in-purple-and-black,Eva,"I’m very disappointed. While the website seemed promising, the painting I received was poorly made. I noticed some flaws in the finish and the canvas was not stretched properly. I reached out for a refund but received no response. I hate to say it, but I won’t be returning.",1
abstract-beauty-in-purple-and-black,Frank,"Zenarart has an amazing collection of modern art. I spent hours browsing through their pieces and finally settled on one that stood out to me. The checkout was smooth, and my painting arrived in perfect condition. It has transformed my space completely! Highly recommend!",5
abstract-beauty-in-purple-and-black,Gina,"The painting is beautiful, but I had some trouble navigating the site. It felt a bit cluttered, and I had a hard time finding what I was looking for. However, the final product is stunning. I might try browsing again with a clearer goal in mind next time.",3
abstract-beauty-in-purple-and-black,Henry,"I love supporting independent artists, and Zenarart makes it super easy! I purchased a painting that not only looks great but also tells a story. The vibrant colors and unique design have become a great conversation starter. Plus, my order arrived promptly!",5
abstract-beauty-in-purple-and-black,Isla,"The experience was okay. I loved the artwork, but it took longer than expected to arrive. When it finally got here, I was thrilled with the quality, but I wish they had better communication about the shipping process. I would purchase again but hope for quicker delivery.",3
abstract-beauty-in-purple-and-black,Jack,"Absolutely thrilled with my purchase! The team was very supportive while I selected the perfect piece for my home. I adore the artistic style of my new painting, and friends have complimented it numerous times. Definitely a five-star experience from start to finish!",5
abstract-beauty-in-purple-and-black,Katie,"I expected more from Zenarart. While there are some beautiful pieces, the one I received had some discoloration that wasn't visible in the online picture. I contacted support, and they offered a partial refund, which I appreciated. Overall, it was just an average experience for me.",3
abstract-beauty-in-purple-and-black,Leo,"What a fantastic online art store! I was looking for something unique and found several options I loved. I ended up purchasing a stunning piece that pulls together my living room perfectly. The quality was far above my expectations, and it was shipped quickly.",5
abstract-beauty-in-purple-and-black,Mia,"I bought a painting for my bedroom, and I couldn't be happier! The colors are so calming, and it was exactly as described on the website. The purchase process was straightforward, and my order arrived without any issues. Well done, Zenarart!",5
abstract-beauty-in-purple-and-black,Nate,"It was a mixed experience. I loved the artwork I chose, but the customer service left something to be desired. When I had a question about the delivery, I didn’t get a satisfactory response. Still, the painting was worth the hassle. I will think twice before ordering again.",3
abstract-beauty-in-purple-and-black,Olivia,"Zenarart has really unique and eclectic pieces! I found a gorgeous painting that perfectly matches my aesthetic. The checkout was smooth, but I wish they offered more payment options. Overall, a positive shopping experience!",4
abstract-beauty-in-purple-and-black,Paul,"I was very happy with my purchase. The painting arrived in great condition and looks even better than I hoped. I placed my order without any complications, and I appreciate the attention to detail in the art. Will definitely purchase again in the future.",5
abstract-beauty-in-purple-and-black,Quinn,Disappointed this time around. The artwork was not what I hoped for. It was smaller than the dimensions listed and didn’t fit my space at all. The return process was confusing. Will likely shop elsewhere next time.,2
abstract-beauty-in-purple-and-black,Rachel,"Exceptional service and quality! I picked out a beautiful landscape piece, and it arrived with impeccable packaging. I loved the personal touch in the communication from Zenarart. It’s a joy to support such a fantastic platform!",5
abstract-beauty-in-purple-and-black,Sam,"The artwork I received was stunning. However, my experience browsing the site was less than desirable. The filters didn’t work properly, making it difficult to find what I wanted. Despite this, I'm very satisfied with my purchase!",4
abstract-beauty-in-purple-and-black,Tina,"What a pleasant experience! I was thrilled with the variety available on Zenarart. My chosen painting arrived sooner than expected, and it complements my decor perfectly. I’ll definitely be recommending this site to my friends who appreciate art!",5
abstract-beauty-in-purple-and-black,Ulysses,"Purchased a piece that I thought was gorgeous but was disappointed upon arrival. It didn’t match my decor as I had imagined. Still, the return process was easy, and customer service was friendly. I might consider buying again but will choose more carefully next time.",3
abstract-beauty-in-purple-and-black,Vera,"Zenarart has some truly unique and breathtaking pieces. I was drawn to a specific painting, and when it arrived, it exceeded my expectations! The colors and attention to detail are magnificent. I couldn't be more pleased!",5
abstract-beauty-in-purple-and-black,Will,"A bit of a rocky start, but in the end, I love the painting I chose! There was a hiccup with shipping, but customer service kept me informed. The art piece is fantastic, and I’m proud to have it on my wall. Worth the wait!",4
abstract-beauty-in-purple-and-black,Xena,"Not my best experience. The painting I chose looked washed out compared to what I saw online. I did reach out for customer support, but it took a while to get a response. I would hesitate to recommend for that reason.",2
abstract-beauty-in-purple-and-black,Yani,"Just want to say how impressed I am with Zenarart! Their collection is stunning, and the painting I received is a true masterpiece. It brightens up my entire living room, and I couldn’t be happier with my experience. Five stars without a doubt!",5
abstract-beauty-in-purple-and-black,Zach,"The painting looks great, but the purchasing process wasn’t without its challenges. There was some confusion regarding the delivery date, and I would have appreciated a bit more clarity from the customer service team. Still, I love the art piece itself.",3
ethereal-rings-a-delicate-touch-of-pink-and-white,Alice,"I recently purchased a painting from Zenarart, and I must say, it was an incredible experience! The selection was diverse, and I found the perfect piece that complements my living room. The checkout process was smooth, and my painting arrived beautifully packaged. It’s even more stunning in person! Highly recommend!",5
ethereal-rings-a-delicate-touch-of-pink-and-white,Bob,"Zenarart provides a unique collection of artworks. I liked the piece I chose, but I felt the shipping took a bit longer than expected. Nonetheless, it was worth the wait! The colors are vibrant and really brighten up my space. Would shop again!",4
ethereal-rings-a-delicate-touch-of-pink-and-white,Catherine,"Disappointed with my purchase! The painting looked different from what was shown online, and the colors weren't as vivid. I reached out to customer service, but their response time was slow. I don't think I'll be buying again.",2
ethereal-rings-a-delicate-touch-of-pink-and-white,David,"Absolutely love my new painting from Zenarart! The artwork is exquisite, and it fits perfectly with my décor. I appreciated the detailed descriptions for each piece. Highly knowledgeable staff too! Will definitely revisit.",5
ethereal-rings-a-delicate-touch-of-pink-and-white,Eva,"The range of art on Zenarart is impressive! I found a quirky piece that suits my aesthetic. Shipping was a bit pricey, though, and it took longer than expected. Overall, a good experience but could improve on delivery times.",3
ethereal-rings-a-delicate-touch-of-pink-and-white,Frank,"I had a wonderful shopping experience! The website is easy to navigate, and I found exactly what I was looking for. The painting was wrapped securely and arrived in perfect condition. Thank you, Zenarart!",5
ethereal-rings-a-delicate-touch-of-pink-and-white,Gina,"I was a bit skeptical about ordering art online, but Zenarart proved me wrong! The painting exceeded my expectations. It has become a focal point in my home. The customer service team was also very helpful!",4
ethereal-rings-a-delicate-touch-of-pink-and-white,Henry,"I received my painting, but it had a small defect. Zenarart’s customer support was responsive and offered a replacement quickly. Apart from that hiccup, I really enjoy the piece!",3
ethereal-rings-a-delicate-touch-of-pink-and-white,Isabella,"Highly recommend Zenarart for unique and beautiful art! I purchased a stunning abstract painting, and it arrived right on time. The colors are so vibrant—it brings my room to life!",5
ethereal-rings-a-delicate-touch-of-pink-and-white,Jack,"I’m an art lover and was thrilled with the variety at Zenarart. However, my order was delayed, which was a bummer. The artwork is lovely, though, so I’ll likely give them another chance!",3
ethereal-rings-a-delicate-touch-of-pink-and-white,Karen,"Just received my painting, and I couldn’t be happier! It’s a perfect fit for my home office. The website was user-friendly, and the quality of the artwork is outstanding. Will be back for more!",5
ethereal-rings-a-delicate-touch-of-pink-and-white,Leo,"I took a chance on a modern piece from Zenarart, and it paid off! It’s so unique, just what I was looking for. The checkout was straightforward, but I wish there were more payment options.",4
ethereal-rings-a-delicate-touch-of-pink-and-white,Mia,"What a great experience! The painting looks stunning on my wall. Cheers to the Zenarart team for their creativity. Delivery was on time, which is always a plus!",5
ethereal-rings-a-delicate-touch-of-pink-and-white,Nina,"I found a lot of beautiful options, but the one I selected didn’t match my room as well as I hoped. Nonetheless, I appreciate the artistic variety they offer!",3
ethereal-rings-a-delicate-touch-of-pink-and-white,Oliver,"The art selection at Zenarart is impressive, but my painting had some minor imperfections. The quality control could be better. Customer service was kind and offered a discount on my next purchase, which was a nice gesture.",2
ethereal-rings-a-delicate-touch-of-pink-and-white,Paul,"Thrilled with my new artwork! The colors and texture are gorgeous, and I love how it fits into my home. The shipping was free, which is a bonus!",5
ethereal-rings-a-delicate-touch-of-pink-and-white,Quinn,"I love supporting online art businesses! Zenarart has a great collection, and my experience shopping was pleasant overall. Would love to see more contemporary pieces in the future.",4
ethereal-rings-a-delicate-touch-of-pink-and-white,Rachel,"The art I received is breathtaking, but the delivery took longer than I would have liked. Still, the quality of the painting made up for it. I would recommend Zenarart to friends!",4
ethereal-rings-a-delicate-touch-of-pink-and-white,Steve,"I was looking for something unique and found it at Zenarart. The colors in the painting I bought are amazing, and it adds so much character to my room! Definitely a satisfied customer here!",5
ethereal-rings-a-delicate-touch-of-pink-and-white,Tina,"The whole process was seamless, and my painting arrived in perfect shape. The attention to detail in the artwork is commendable. I appreciate the clear policies and guidance while shopping.",5
ethereal-rings-a-delicate-touch-of-pink-and-white,Ursula,"Zenarart offers a vibrant selection of pieces, but I encountered a few technical issues on the site. Once I managed to order, it was smooth sailing from there. Happy with my choice!",4
ethereal-rings-a-delicate-touch-of-pink-and-white,Victor,"I was disappointed with my experience. The painting arrived later than promised, and the colors in person are not as rich as depicted online. Not sure if I’ll return.",2
ethereal-rings-a-delicate-touch-of-pink-and-white,Wendy,"I found the perfect piece for my bedroom. The website was intuitive to navigate, and the checkout process was smooth. It arrived on time and in flawless condition. Couldn’t be happier!",5
ethereal-rings-a-delicate-touch-of-pink-and-white,Xander,"I think the paintings are priced a bit high compared to similar online shops. However, I do love the art I purchased. Customer service was very helpful with my queries, so that’s a plus!",3
ethereal-rings-a-delicate-touch-of-pink-and-white,Yara,The painting I ordered has become the centerpiece of my home. I appreciate the quality and attention to detail on the Zenarart website. The clear photos helped a lot in my decision-making!,5
ethereal-rings-a-delicate-touch-of-pink-and-white,Zane,"Overall, I enjoyed my experience with Zenarart. The art selection is customizable to various tastes, but my painting's delivery took too long for my liking.",3
ethereal-rings-a-delicate-touch-of-pink-and-white,Amy,"Fantastic selection of artwork that suits every home! I really enjoyed browsing their website. My painting arrived on time, and it's just perfect for my space. I would recommend it to everyone!",5
ethereal-rings-a-delicate-touch-of-pink-and-white,Brian,"While I found a lovely piece, the shipping took longer than expected. The painting is nice, but I would have preferred quicker delivery. Would still consider shopping again.",3
ethereal-rings-a-delicate-touch-of-pink-and-white,Chloe,"What a great experience! My painting is absolutely stunning and adds such warmth to my living room. The ordering process was simple, and I was kept informed about shipping. Highly recommend!",5
ethereal-rings-a-delicate-touch-of-pink-and-white,Derek,"Amazing variety of art pieces! I found a unique piece, but the colors were slightly different than advertised. I reached out, and they were accommodating and offered to exchange it.",4
ethereal-rings-a-delicate-touch-of-pink-and-white,Ella,I'm beyond happy with my purchase! The whole experience at Zenarart was smooth from browsing to checkout. My painting arrived in perfect condition and is truly a statement piece.,5
ethereal-rings-a-delicate-touch-of-pink-and-white,Finn,"I like the concept behind Zenarart, but the artwork I received wasn't as stunning in person. I feel the photos could use better lighting to reflect true colors. Not sure if I’ll buy again.",2
ethereal-rings-a-delicate-touch-of-pink-and-white,Grace,Fantastic shopping experience! The selection is eclectic and full of creative options. My painting arrived quickly and made my office space so much more inspiring. I will definitely return!,5
ethereal-rings-a-delicate-touch-of-pink-and-white,Hank,"The art was what I expected, but the shipping was delayed. Communication about the delay was lacking, which was frustrating. On the plus side, the artwork itself is beautiful.",3
ethereal-rings-a-delicate-touch-of-pink-and-white,Ivy,"I'm in love with my new wall art! The colors are perfect, and it looks even better in person! The ordering process was hassle-free. Can't wait to shop here again!",5
ethereal-rings-a-delicate-touch-of-pink-and-white,Jackie,"Had a good experience overall, although my chosen painting had a minor flaw. Zenarart’s customer service was fantastic and offered a discount, which was appreciated!",4
ethereal-rings-a-delicate-touch-of-pink-and-white,Kurt,"I wish the website had more detailed descriptions and close-up images of the paintings. Nevertheless, the one I bought is nice, although I expected it to be larger than it turned out to be.",3
embracing-love-a-vibrant-pink-and-yellow-masterpiece,Alice,"I recently purchased a vibrant painting from Zenarart, and I couldn't be happier! The colors are even more stunning in person. It arrived quickly and was beautifully packaged. This artwork has truly transformed my living room. I highly recommend their collection to any art lover.",5
embracing-love-a-vibrant-pink-and-yellow-masterpiece,Brian,"The buying experience on Zenarart was smooth and straightforward. However, I found the shipping to be a bit slow, which was frustrating. The painting itself is decent, but not as impressive as I expected based on the website images. I might try again in the future.",3
embracing-love-a-vibrant-pink-and-yellow-masterpiece,Catherine,"Zenarart has a unique selection, which is refreshing. I enjoyed browsing their site, but I had some questions about the style of a painting. The customer service was quick to respond, which was great. The painting fits perfectly in my office. Overall, a good experience.",4
embracing-love-a-vibrant-pink-and-yellow-masterpiece,David,"I am absolutely in love with my new abstract painting from Zenarart! It has a way of brightening my workspace and inspiring creativity. The checkout process was seamless, and it arrived on time without any issues. I will definitely purchase from here again!",5
embracing-love-a-vibrant-pink-and-yellow-masterpiece,Emily,"After searching for the perfect piece, I finally found it at Zenarart. The art is beautiful and adds a modern touch to my home. However, the price was a bit steep for my budget, but the quality justified the expense. Highly recommend!",4
embracing-love-a-vibrant-pink-and-yellow-masterpiece,Frank,"My experience with Zenarart was not great. The painting I received had some minor defects, which was disappointing. Although the customer service was helpful in addressing my concerns, I expected better quality for the price. I might not purchase again.",2
embracing-love-a-vibrant-pink-and-yellow-masterpiece,Grace,I’m thrilled with my recent purchase! The canvas painting has such vivid colors that it brings joy to everyone who sees it. It was well packaged and arrived in perfect condition. I will be recommending Zenarart to all my friends!,5
embracing-love-a-vibrant-pink-and-yellow-masterpiece,Henry,"Almost everything was perfect about my purchase from Zenarart. I loved the wide range of options, but I wish I could have filtered by color more easily. The delivery was timely, and I adore my new piece. Will shop here again!",4
embracing-love-a-vibrant-pink-and-yellow-masterpiece,Isabelle,"Zenarart offers some unique and striking pieces, but I found it tough to decide which to buy. Thankfully, the detailed descriptions helped. The painting I chose is beautiful and adds character to my home! Well worth the effort.",4
embracing-love-a-vibrant-pink-and-yellow-masterpiece,Jack,"I purchased a painting as a gift, and it was a huge hit! I appreciated the option to include a personalized note. The recipient loved it, and I was impressed with how quickly it arrived. Definitely a great shopping experience.",5
embracing-love-a-vibrant-pink-and-yellow-masterpiece,Katherine,"I was looking for something special and found it at Zenarart. The painting is stunning, but the shipping took longer than expected, which was frustrating. I hope they can work on their logistics for future orders.",3
embracing-love-a-vibrant-pink-and-yellow-masterpiece,Liam,"Zenarart has a modern collection that really captures my style. I was drawn to a particular piece, and buying it was easy. However, I do wish there were more photos available to see the artwork from different angles.",4
embracing-love-a-vibrant-pink-and-yellow-masterpiece,Megan,Absolutely love my painting from Zenarart! The colors are vibrant and it’s the focal point of my living room now. It arrived on time and I found the overall experience delightful. Will definitely check back for more!,5
embracing-love-a-vibrant-pink-and-yellow-masterpiece,Nathan,"I had a mixed experience with Zenarart. The selection was good, but the painting I received didn’t match my expectations based on the photos. It's still nice, but I was hoping for more. Customer service was responsive though.",3
embracing-love-a-vibrant-pink-and-yellow-masterpiece,Olivia,My shopping experience at Zenarart was fantastic! They have a beautiful selection of paintings that suit various tastes. The one I got exceeded my expectations in terms of quality. Shipping was prompt and hassle-free as well!,5
embracing-love-a-vibrant-pink-and-yellow-masterpiece,Paul,"I was excited about my order, but unfortunately, my experience turned out disappointing. I received the wrong painting. Zenarart's customer service was helpful in resolving the issue, but it took a long time. Wish it could have gone smoother.",2
embracing-love-a-vibrant-pink-and-yellow-masterpiece,Quinn,"This was my first purchase from Zenarart, and I'm pleasantly surprised by how easy it was. The wide variety of art styles available kept me engaged. The painting I chose fits perfectly in my space. Will return for sure!",5
embracing-love-a-vibrant-pink-and-yellow-masterpiece,Rachel,"I found the perfect piece at Zenarart, and it instantly brightened my home. The ordering process was straightforward, but I wished for more processing updates while the painting was being shipped. Overall, a positive experience!",4
embracing-love-a-vibrant-pink-and-yellow-masterpiece,Steve,"I love the whimsical painting I purchased from Zenarart! It was a unique find, and I appreciate that they support independent artists. The delivery was quick, and the artwork brings a smile to my face every day.",5
embracing-love-a-vibrant-pink-and-yellow-masterpiece,Tina,"I had high hopes for my purchase from Zenarart based on the reviews, but the painting didn't meet my expectations. The colors were less vibrant than shown online, which was disappointing. Customer service was adequate in addressing my concerns.",2
embracing-love-a-vibrant-pink-and-yellow-masterpiece,Uri,"I really enjoy browsing the Zenarart website! They have a fantastic curation of artists. My latest purchase arrived in excellent condition, although the packaging could have been more eco-friendly. Overall, a great shopping experience.",4
embracing-love-a-vibrant-pink-and-yellow-masterpiece,Vera,"I had a great time exploring Zenarart's collection! The piece I selected is a conversation starter, and it enhances my living space beautifully. Check-out was simple, and shipping was swift. I’ll definitely be back for more.",5
embracing-love-a-vibrant-pink-and-yellow-masterpiece,William,"While the site is nice, I found the options a bit overwhelming. Too many choices! I finally settled on a painting, but the colors didn’t match what I saw online. It’s still a lovely piece, just different from expected.",3
embracing-love-a-vibrant-pink-and-yellow-masterpiece,Xena,"Zenarart has fabulous pieces! I absolutely adore my painting which fits perfectly with my decor. The transaction was smooth, and the staff were responsive to my inquiries before purchase. Highly recommended!",5
embracing-love-a-vibrant-pink-and-yellow-masterpiece,Yvonne,"I was impressed with Zenarart's art selection, but the delivery took longer than I anticipated. The painting itself is lovely, but I wish I had received it in time for a gathering I hosted. Still, I do love it!",4
embracing-love-a-vibrant-pink-and-yellow-masterpiece,Zach,"I stumbled upon Zenarart while looking for unique art. I’m impressed with the variety, but I had some trouble navigating the site. The painting I did buy is stunning in person! Would love to see a more user-friendly interface.",4
embracing-love-a-vibrant-pink-and-yellow-masterpiece,Amy,"My recent experience with Zenarart was wonderful! The painting captures my personality perfectly. It shipped quickly and was well packaged. This has become my favorite piece in my home, and I’m thankful for the great service!",5
embracing-love-a-vibrant-pink-and-yellow-masterpiece,Ben,"The purchase process at Zenarart was easy enough, but I felt the prices were a bit high for what was offered. The painting I chose is nice yet didn’t spark the joy I was hoping for. I might explore other options next time.",3
embracing-love-a-vibrant-pink-and-yellow-masterpiece,Chloe,Absolutely wonderful experience from start to finish! I was thrilled to receive my painting and it was even more beautiful than I remembered. And the material quality is phenomenal! I’ll be spreading the word about Zenarart.,5
embracing-love-a-vibrant-pink-and-yellow-masterpiece,Dylan,"I have mixed feelings about Zenarart. The painting itself is lovely, but shipping took longer than expected. The customer support helped me track my order, which was appreciated. Just wish the wait had been shorter.",3
embracing-love-a-vibrant-pink-and-yellow-masterpiece,Ella,"I truly enjoy the art I bought from Zenarart! The colors are vibrant, and it really enlivens my space. The checkout process was easy, and delivery was done right on time. I would recommend them to anyone looking for unique art!",5
embracing-love-a-vibrant-pink-and-yellow-masterpiece,Finn,"My experience shopping at Zenarart was decent. The variety is impressive, but I struggled with some of the site’s features. Nonetheless, the painting I chose is now a favorite in my home. Would shop again!",4
embracing-love-a-vibrant-pink-and-yellow-masterpiece,Gina,"Purchasing from Zenarart was a pleasant surprise! The website is easy to use, and I received my order very quickly. The painting is whimsical and has sparked joy in my home. I will definitely explore their collection again!",5
embracing-love-a-vibrant-pink-and-yellow-masterpiece,Henry,"I really had high hopes for my Zenarart purchase, but the painting arrived with a scratch on it. The customer service was accommodating and sorted it quickly. I’m still a bit disappointed but grateful for their help.",3
embracing-love-a-vibrant-pink-and-yellow-masterpiece,Ivy,Zenarart has an excellent collection of unique paintings! I was mesmerized by the creativity. The piece I picked has become a centerpiece in my living room. The ordering process was straightforward and painless.,5
embracing-love-a-vibrant-pink-and-yellow-masterpiece,Jack,"Good selection of art pieces at Zenarart, but I had a bit of a hard time choosing one. The one I ended up with is beautiful, but the packaging left some room for improvement. Still, will consider purchasing again!",4
embracing-love-a-vibrant-pink-and-yellow-masterpiece,Laura,"My overall shopping experience at Zenarart was positive! I loved the beautiful paintings and found just the thing for my office. Shipping was on time, and their customer service was very responsive.",5
embracing-love-a-vibrant-pink-and-yellow-masterpiece,Mark,"I found my experience to be satisfactory. The painting I received is great, but the whole process felt a little impersonal. I’d like to see more interaction from them throughout the process next time.",3
embracing-love-a-vibrant-pink-and-yellow-masterpiece,Nina,"I'm enamored with my new artwork from Zenarart! It arrived promptly, beautifully packaged. The colors are stunning in person. I’ve already received compliments from friends. I cannot wait to buy another piece!",5
embracing-love-a-vibrant-pink-and-yellow-masterpiece,Oscar,"I liked my Zenarart purchase well enough, but I felt the price was a bit high for what I got. The painting is nice but not groundbreaking. I may look for something more unique next time.",3
embracing-love-a-vibrant-pink-and-yellow-masterpiece,Paula,"Fantastic experience all around! Zenarart’s selection is diverse and exciting. My painting adds such a beautiful touch to my entryway. The process was straightforward, and I couldn’t be more satisfied!",5
vibrant-hearts,Alice,"I recently purchased a vibrant painting from Zenarart, and I couldn't be happier! The colors are stunning, and it has completely transformed my living room. The purchasing process was smooth, and the delivery was prompt. I felt informed every step of the way, which I really appreciated. Will definitely buy from here again!",5
vibrant-hearts,Bob,"To be honest, I was a bit disappointed with my experience. The painting I received looked a bit different from what I saw online. While the quality is good, it just didn't feel as 'wow' as I expected based on the website. Customer service was helpful, but I think more accurate representations would help.",3
vibrant-hearts,Cathy,"Absolutely love my new artwork from Zenarart! The colors pop beautifully and really add life to my office. The website was user-friendly, and checkout was a breeze. It arrived on time and was securely packaged. I’ll definitely recommend Zenarart to my friends!",5
vibrant-hearts,David,The selection of abstract art on Zenarart is fantastic! I spent hours browsing through various pieces and finally decided on one. It exceeded my expectations when it arrived. Great craftsmanship and excellent customer service. Very satisfied with the whole experience!,5
vibrant-hearts,Eva,"I had trouble navigating the website initially, which made my purchasing experience a bit frustrating. However, once I figured it out, I found a beautiful piece. Shipping was timely, but the tracking information was unclear. The painting itself is lovely, though!",4
vibrant-hearts,Frank,"My experience was a mixed bag. I found a painting I adored, but the checkout was cumbersome. It took a while to process the payment, which was annoying. When it finally arrived, it was beautiful, but the initial hassle made me hesitant to order again.",3
vibrant-hearts,Grace,"Fantastic experience from start to finish! I found a gorgeous painting that perfectly matches my aesthetic. Customer service was prompt in answering my questions. The delivery was quicker than expected, and the artwork itself is breathtaking. Highly recommend Zenarart!",5
vibrant-hearts,Henry,"I ordered a painting as a gift, and it was perfect! The recipient loved it, and I was pleased with the purchase process. The website was informative, and shipping was quick. Just an overall solid experience. Will return for more gifts in the future.",4
vibrant-hearts,Isla,"I was looking for unique wall art, and Zenarart did not disappoint. The piece I chose captures attention and sparks conversations. The entire buying process was seamless, and I appreciated the tracking updates. Absolutely thrilled with my purchase!",5
vibrant-hearts,Jake,"I really wanted to love my purchase, but the painting didn't match the dimensions listed on the site. It was smaller than I expected. The colors were nice, though. Customer support helped rectify the situation, but it left me a little wary.",2
vibrant-hearts,Karen,"I’m an art lover and try to support local artists. My experience with Zenarart was fantastic! I found a unique piece that speaks to me. The quality is superb, and it arrived beautifully packaged. Definitely a place I’ll return to!",5
vibrant-hearts,Liam,"The variety of styles available on Zenarart is impressive! I spent a long time selecting the perfect piece. While shipping took a few days longer than expected, the wait was worth it. The painting enhances my home decor beautifully!",4
vibrant-hearts,Mona,"I had high hopes for my purchase, but unfortunately, my experience was disappointing. The painting arrived slightly damaged. I contacted customer service, and they were responsive, but it took longer than I expected to get a resolution. Hope it’s just a one-off mishap.",2
vibrant-hearts,Nate,"Great website with plenty of options. I found a vibrant abstract painting that immediately caught my eye. The ordering process was quick, and my artwork got here in perfect condition. I would definitely recommend them to anyone looking for unique art!",5
vibrant-hearts,Olivia,Browsing Zenarart was a wonderful experience! I loved the layout of the website and found it easy to search by category. My chosen painting is just perfect and has brought so much color into my home office. Will shop here again for sure!,5
vibrant-hearts,Paul,"I found the painting I wanted, but I had difficulty applying a discount code at checkout. It was a bit frustrating, but customer service helped me figure it out. The art piece itself is amazing, and I’m overall happy with my purchase.",4
vibrant-hearts,Quinn,"I purchased two smaller paintings for my gallery wall, and they both turned out fantastic! The vibrant colors are even better in person. I love how my space feels now. Easy purchase process and fast delivery. Couldn't be happier! Thank you, Zenarart!",5
vibrant-hearts,Rita,"While the selection is good, I was a little overwhelmed by the choices. It took me some time to decide on a piece. Once I did, the purchase went smoothly, and the art arrived quickly. The artwork is lovely, but next time, I'll plan better!",4
vibrant-hearts,Sam,"I wasn’t thrilled with my purchase. The painting is beautiful, but it took longer than expected to arrive, and I didn’t receive clear updates. When it arrived, I was pleased with the quality, but the delay could deter me from buying again.",3
vibrant-hearts,Tina,"What an amazing experience! I absolutely adore my new painting. The colors and details are stunning, much prettier than I anticipated! The shipping was prompt, and it was well-packed. Zenarart is officially my go-to for art shopping!",5
vibrant-hearts,Ursula,"I’m new to purchasing art online, so I was a bit hesitant. My experience with Zenarart was positive. The painting is beautiful and fits perfectly in my space. The only downside was slightly confusing shipping options. Overall, a great purchase!",4
vibrant-hearts,Victor,"Not sure I would recommend Zenarart. The painting quality is good, but the website was clunky to navigate. I had trouble finding specific styles, and it felt overwhelming at times. I might try another site next time.",2
vibrant-hearts,Wendy,"I found the perfect painting to tie my living room together, and I couldn't be happier! The ordering process was simple, and shipping was quick. It arrived in perfect shape, and I appreciate the follow-ups from customer service. Highly satisfied!",5
vibrant-hearts,Xander,"My overall experience was decent, but I expected more from the colors in the painting. They look a little dull compared to what I saw online. Customer service was great, though, and helped with my questions promptly.",3
vibrant-hearts,Yara,Absolutely loved shopping on Zenarart! The different styles and vibrant colors drew me in. My painting arrived quickly and looks stunning on my wall. I received compliments from friends already. Will definitely shop here for more art!,5
vibrant-hearts,Zara,"I ordered a custom piece and the process was interesting! It took some back-and-forth, but the team was fantastic. The final artwork is exactly what I envisioned, and I really appreciate their attention to detail. Looking forward to future projects!",5
sunset-serenity,Emily,"I recently purchased a painting from Zenarart, and I couldn't be happier! The colors are vibrant, and the artwork truly adds life to my living room. The purchasing process was smooth, and the delivery was prompt. I highly recommend this site to anyone looking for unique pieces. It’s a great investment for your home!",5
sunset-serenity,Michael,"The artwork I received was absolutely stunning. However, I found the website somewhat hard to navigate. A clearer categorization would have been helpful. Nonetheless, the painting itself exceeded my expectations. I appreciate the effort that goes into each piece, but I hope to see improvements in the user experience.",4
sunset-serenity,Sophia,"I was quite disappointed with my purchase. The painting arrived damaged, and customer service took a while to respond to my inquiries. While the artwork looked beautiful online, the quality was not what I expected when it arrived. I hope my experience is a one-off, but I’m hesitant to purchase again.",2
sunset-serenity,Luke,"The selection at Zenarart is fantastic! There's something for every taste, from modern abstracts to classic styles. I loved the painting I chose, but the shipping took longer than expected. Still, the art is worth the wait, and I would definitely shop here again despite the hiccup!",4
sunset-serenity,Aria,"Buying from Zenarart was a delightful experience! The vivid colors and unique designs drew me in. I feel like I've added a piece of joy to my home. Customer service was friendly, which made me feel valued as a customer. I’ll be back for more soon!",5
sunset-serenity,James,"I found the painting I purchased to be excellent in terms of quality, but the customer service could use some improvement. It took a while to get a response about my delivery. Overall, I’m satisfied with the artwork, but the buying process could be enhanced.",3
sunset-serenity,Grace,"I wanted artwork that would brighten my office, and I found just the right piece! The colors are cheerful, and I receive compliments from visitors. The only downside was navigating the payment options, which could be simplified. Nevertheless, I am thrilled with my purchase!",4
sunset-serenity,Noah,"I had high hopes for Zenarart, but my experience was underwhelming. The painting I received wasn’t as vibrant as I expected, and the sizing was off. It served its purpose, but I'm not sure I’ll make another purchase. They need to provide better previews of the artwork.",2
sunset-serenity,Mia,"What a joyful shopping experience! The website is easy to use, and my order arrived quickly. The painting is now the centerpiece of my home. I love that it brings out happy vibes. I will surely recommend Zenarart to all my friends. Great job!",5
sunset-serenity,Ethan,"I was searching for a unique gift for my partner and found a gorgeous painting. The transaction was smooth, but I encountered issues with tracking the shipment. It arrived a bit late, but the quality more than made up for it. My partner loved it. Thank you, Zenarart!",4
sunset-serenity,Lily,"This was my first time buying art online, and I had some apprehensions. But once the painting arrived, I felt reassured. The quality is exceptional! However, the website could benefit from more customer reviews to guide new buyers. Overall, a positive experience!",4
sunset-serenity,Oliver,"While I found the art to be captivating, the site felt overwhelming with its countless options. I wish there were better sorting features. Still, I’m satisfied with my choice, and the delivery was prompt. I might return for another exploration soon!",3
sunset-serenity,Emma,"Absolutely love my new painting! It arrived yesterday and is even more beautiful in person. The colors are vibrant, and the details are stunning. It really brightens up my home office. I will be sharing this site with all my friends. Thank you, Zenarart!",5
sunset-serenity,Jacob,"This service has its ups and downs. I appreciate the variety of styles, but my order took longer than promised. The painting is decent, but I was hoping for more based on the online images. I might give it another chance in the future.",3
sunset-serenity,Isabella,"My experience was mostly positive. I’m happy with my artwork, but I did feel the checkout process was a bit cumbersome. It just took longer to finalize than I anticipated. I’d love to see that streamlined for better user experience.",4
sunset-serenity,Ava,Zenarart is a gem! I found the perfect painting for my bedroom. The colors are soft and calming. The online photos didn’t do it justice; it looks fantastic in person! Thank you for offering such wonderful pieces. I’ll definitely be back!,5
sunset-serenity,Logan,"I bought a painting for my living room, and while I love the art itself, the shipping took a bit longer than I expected. It would have been nice to receive updates on my order status. The piece was so worth the wait, though!",4
sunset-serenity,Zoe,"I wasn’t very pleased with my purchase. The colors of the painting were not as vivid as shown online, and the canvas felt flimsy. Customer service was friendly but not very helpful. I probably won’t be shopping here again after this.",2
sunset-serenity,Liam,"Shopping at Zenarart was a mixed bag for me. The painting I ordered is quite beautiful, but the delivery process was frustratingly slow. I wish there was better communication throughout the shipping. I enjoyed the artwork itself, though.",3
sunset-serenity,Chloe,"What a fantastic website! I found exactly what I was looking for and the checkout was simple. My painting arrived on time, and it sparks joy every time I walk past it. I’ll definitely be browsing again! Highly recommend to anyone needing art.",5
sunset-serenity,Jackson,"I loved my shopping experience! The artwork selection is diverse and intriguing. My order was shipped promptly, and I was delighted with the quality upon arrival. This site makes buying art enjoyable. I appreciate how unique each piece is!",5
sunset-serenity,Charlotte,"I was trying to find something that would match my modern decor, and I stumbled upon Zenarart. The painting is breathtaking but I faced some hurdles during checkout. It was a bit glitchy, but I’m glad I finalized the purchase. Overall, I’m happy.",4
sunset-serenity,Henry,"Disappointing! I loved the painting online, but what arrived didn’t match my expectations. The colors were muted and the canvas was not stretched properly. I reached out to customer service but didn’t get a satisfactory response. I’m quite upset.",1
sunset-serenity,Sofia,"I've bought several paintings here, and each one has exceeded my expectations! The quality is unmatched, and the artists featured are so talented. I highly recommend Zenarart for anyone looking to fill their space with beautiful art. Can't wait to shop again!",5
sunset-serenity,Daniel,"The service at Zenarart was alright, but I ran into issues with my order confirmation. Thankfully, the painting arrived intact and looks fantastic on my wall. I would advise checking your order thoroughly after purchase. Not bad overall.",3
sunset-serenity,Avery,Such a unique selection of art! I enjoyed browsing through the website and found the perfect piece for my new apartment. The checkout was straightforward and the delivery was on time. I love my new painting—it's a conversation starter!,5
sunset-serenity,Ryan,"My experience was disappointing. The painting I ordered arrived late, and the colors were different from what I expected. I wasn’t very satisfied with the customer service either. I understand issues can happen, but I don’t think I’d shop here again.",2
sunset-serenity,Ella,Fantastic art selection and wonderful quality! I'm so pleased with the painting I received and the website was easy to navigate. I felt like I found a hidden treasure. I’ll definitely be recommending Zenarart to my friends and family!,5
sunset-serenity,David,"I appreciated the variety available but the payment process was a bit cumbersome. After finally completing my order, the painting arrived quickly and looks beautiful. Still, I think there’s room for improvement in making the buying experience smoother.",3
sunset-serenity,Luna,"Zenarart did not disappoint me! I adore my new painting, and it changes the whole mood of my room. The colors are vibrant, and it’s clear that solid craftsmanship went into it. The site was easy to use, from selection to checkout.",5
sunset-serenity,Cooper,"My purchase from Zenarart was just okay. I loved the art but found delivery times to be longer than advertised. The artwork is beautiful, but the shipping delays were frustrating. I may return for future purchases, but it might take some convincing.",3
sunset-serenity,Scarlett,"I love the art I found on Zenarart! The process was entertaining, but I wish there were more filters when browsing. It can be overwhelming to see so many choices. However, the painting fits perfectly in my home, and I couldn’t be happier overall.",4
sunset-serenity,Elijah,"I had high expectations for my order, and it unfortunately fell short. The artwork arrived a week later than promised, and I was disappointed with the quality. Communication about my order status could have been better. I might need to reconsider before my next purchase.",2
sunset-serenity,Madison,"What an enjoyable experience! Zenarart had such a unique selection and I found the perfect piece. The purchase process was seamless, and the art arrived in pristine condition. It’s the highlight of my room. I’ll definitely be back for more!",5
enjoying-a-ride-with-my-favorite-person,Alice,"I absolutely loved my experience buying from Zenarart! The website was easy to navigate, and I found exactly what I was looking for. The painting arrived quickly and was even better in person. The colors are so vibrant! I’ll definitely be back for more. Highly recommend!",5
enjoying-a-ride-with-my-favorite-person,Bob,"My experience with Zenarart was decent, but there were a few hiccups. The paintings took longer to arrive than expected, and I had to reach out to customer service for updates. However, the painting was worth the wait, it's stunning and exactly what I wanted.",4
enjoying-a-ride-with-my-favorite-person,Chloe,"I was really disappointed with my order. The colors in the painting were not as vivid as shown online. I reached out for a return, but customer service was not very helpful. This was my first purchase, and I expected better.",2
enjoying-a-ride-with-my-favorite-person,David,"Fantastic selection! I spent ages browsing through the collections. The painting I chose arrived safely, well-packaged, and looks incredible in my living room. I couldn’t be happier! Will recommend to my friends for sure.",5
enjoying-a-ride-with-my-favorite-person,Ella,"The process of ordering was seamless. I loved receiving emails keeping me updated on my order status. The painting itself is beautiful, though I wish it had arrived a day sooner. Overall, a positive experience!",4
enjoying-a-ride-with-my-favorite-person,Frank,"While I loved the painting itself, there were some issues with delivery. It took longer than promised to arrive, which was frustrating. However, the quality of the artwork is top-notch! I might try them again.",3
enjoying-a-ride-with-my-favorite-person,Grace,"Zenarart is a gem! I found the unique artwork I was searching for, and the transaction was smooth. The quality of the piece exceeded my expectations, and it looks perfect in my home office. Will shop again soon!",5
enjoying-a-ride-with-my-favorite-person,Henry,"I have mixed feelings. The painting was stunning, but the website was hard to navigate. I had trouble finding the information I needed. Hopefully, they’ll improve their layout. Still, I love my artwork.",3
enjoying-a-ride-with-my-favorite-person,Isabella,"What a fabulous shopping experience! From browsing to checkout, everything was easy and straightforward. My painting arrived quickly and is a conversation starter at home. I’m definitely coming back!",5
enjoying-a-ride-with-my-favorite-person,Jake,"The art is cool, but I had trouble connecting with customer support regarding my order. Eventually, I got it sorted, but it was a bit stressful. The painting itself shines though, which makes up for it!",3
enjoying-a-ride-with-my-favorite-person,Liam,I was blown away by the variety offered on Zenarart! The art I purchased was delivered promptly and looked even better than online. I'm excited to buy more pieces in the future.,5
enjoying-a-ride-with-my-favorite-person,Mia,"Not the best experience. I received the wrong painting at first, which was disappointing. However, their customer service was quite helpful in resolving the issue, and I did finally get my order.",2
enjoying-a-ride-with-my-favorite-person,Noah,My painting from Zenarart is everything I hoped for! The detail and craftsmanship are truly extraordinary. It arrived on time and was packaged properly. I highly recommend this site to anyone looking for unique art!,5
enjoying-a-ride-with-my-favorite-person,Olivia,"A solid experience overall! I loved the painting and the colors were spot on. The checkout process was smooth, but I did have an issue with the tracking information. Still, would purchase again!",4
enjoying-a-ride-with-my-favorite-person,Paul,"I really liked the painting but felt a little misled by the size dimensions provided on the website. It turned out smaller than I envisioned. However, the quality is good and looks nice in my space.",3
enjoying-a-ride-with-my-favorite-person,Quinn,"Absolutely thrilled with my purchase! The artwork is stunning, and it adds a perfect touch to my living room. The purchasing process was smooth, and I appreciated how fast the delivery was. Will buy again!",5
enjoying-a-ride-with-my-favorite-person,Riley,"Great website, but my painting arrived slightly damaged. I was disappointed but the return process was easy. I managed to get a replacement, which is lovely! I’ll give them another shot.",3
enjoying-a-ride-with-my-favorite-person,Sophie,"I can't express how happy I am with my painting! It really ties the room together. The Zenarart site was easy to use, and I loved the updates on my order. But the shipping could be speedier.",4
enjoying-a-ride-with-my-favorite-person,Tyler,"I had high expectations, but the painting didn't resonate with me as much in person. The quality was fine, but the colors weren't quite what I expected. I might try a different piece next time.",2
enjoying-a-ride-with-my-favorite-person,Uma,Zenarart exceeded my expectations! The selection is fantastic and the service was great. My painting arrived in perfect condition and I love how it brightens my home. Can’t wait to shop again!,5
enjoying-a-ride-with-my-favorite-person,Victor,"My order was delayed a bit longer than I'd like, which was frustrating. However, the customer service team was responsive. The painting is stunning and definitely worth the wait!",4
enjoying-a-ride-with-my-favorite-person,Wendy,"Such a creative collection! I found a unique piece that fits my style perfectly. The ordering process was straightforward, and the package arrived on time. A very positive experience overall!",5
enjoying-a-ride-with-my-favorite-person,Xavier,"I loved my painting, but I wish there were more detailed pictures available on the website. It was hard to gauge the texture and finish before purchasing. Otherwise, the experience was good.",3
enjoying-a-ride-with-my-favorite-person,Yara,"Fantastic service and beautiful art! I felt supported during my entire shopping experience, and I love my painting. It's a perfect addition to my collection. Highly recommend Zenarart!",5
enjoying-a-ride-with-my-favorite-person,Zoe,"The painting is nice, but the shipping time was a bit too long for my liking. I get that these things happen, but I wish it had arrived quicker. Overall, I'm satisfied with my purchase.",3
enjoying-a-ride-with-my-favorite-person,Anna,"Super happy with my painting! The colors leap out at you and really add life to my room. Zenarart has a fantastic selection, and I found exactly what I wanted without any hassle!",5
enjoying-a-ride-with-my-favorite-person,Brian,"My experience was a mixed bag. The website was user-friendly, but my painting took forever to arrive. When it finally got here, though, it was gorgeous and well worth the wait.",4
enjoying-a-ride-with-my-favorite-person,Catherine,Absolutely love the piece I bought! It's one-of-a-kind and has quickly become a favorite in my home. The website was easy to navigate and shipping was efficient. Will be back for more!,5
enjoying-a-ride-with-my-favorite-person,Daniel,"I had an average experience. The painting took longer than expected to arrive, and while it was nice, it didn't completely match my expectations based on the website image. A bit disappointed.",3
enjoying-a-ride-with-my-favorite-person,Emily,"What a fantastic experience! The painting I purchased arrived quickly and looks beautiful in my house. Zenarart has such a wide variety of art, I’ll definitely return for more!",5
enjoying-a-ride-with-my-favorite-person,Felix,"The order process was straightforward, but my painting arrived with some minor defects. Customer service was quick to help, but I was hoping for a flawless product right away.",3
enjoying-a-ride-with-my-favorite-person,Gina,I truly enjoyed shopping at Zenarart! My painting is vibrant and full of life. It adds an amazing touch to my space. The staff was friendly and the service was efficient. Very pleased!,5
enjoying-a-ride-with-my-favorite-person,Hank,"I had high hopes for my painting, but it fell a bit flat when it arrived. Still nice, but not quite what I imagined. The delivery was slow, which added to the disappointment.",2
enjoying-a-ride-with-my-favorite-person,Ivy,"My experience buying at Zenarart was fantastic! The artwork is exquisite and completely transformed my living space. The ordering process was simple and efficient, making for an overall enjoyable shopping experience.",5
enjoying-a-ride-with-my-favorite-person,Jack,"Had a good experience purchasing my painting. The delivery was on time which I appreciate. The artwork itself is beautiful, although I expected it to be a tad larger based on the images.",4
enjoying-a-ride-with-my-favorite-person,Karen,"Overall, I’m happy with my purchase! The unique style of the painting attracted me. However, I found the checkout process a little tedious. But once the painting arrived, I was delighted!",4
enjoying-a-ride-with-my-favorite-person,Leo,"Zenarart has a great selection of paintings. My purchase went smoothly, and the artwork looks stunning in my office. I received my order quite quickly, which was a pleasant surprise!",5
enjoying-a-ride-with-my-favorite-person,Monica,"A delightful experience! The painting I ordered is beautiful and it adds a chic vibe to my home. The website was easy to use, and I appreciated the order tracking made available.",5
enjoying-a-ride-with-my-favorite-person,Natalie,"Sadly, my experience was not positive. The painting arrived with a small scrape, and I felt the customer service could have responded quicker. The painting itself is lovely, but the problems overshadowed it.",2
embracing-the-power-of-love,Emma,"I was thrilled with my purchase from Zenarart! The painting arrived quickly and was even more beautiful in person. The colors are vibrant, and it fits perfectly in my living room. I appreciated the customer service, too, as they answered all my questions promptly. Highly recommend!",5
embracing-the-power-of-love,Liam,"The artwork I ordered took longer to arrive than expected. While the piece itself is stunning, I was disappointed with the shipping process. I reached out to customer support, and they were helpful, but the delay was frustrating. Still, I love the painting!",3
embracing-the-power-of-love,Olivia,"Zenarart is my new favorite place to buy art! The selection is unique, and I found a piece that speaks to me. It was securely packaged and arrived in perfect condition. I can't stop staring at it! Definitely recommend to fellow art lovers!",5
embracing-the-power-of-love,Noah,"Honestly, I was a bit underwhelmed when my painting arrived. The colors weren't as vivid as they appeared online. I might be a bit picky, but I expected more based on the photos. The quality is still decent, but it didn’t quite meet my expectations.",2
embracing-the-power-of-love,Ava,"Love the painting I got from Zenarart! It adds such a unique touch to my home. The checkout process was smooth, and they even included a thank-you note, which was a lovely gesture. Can't wait to purchase more art from them in the future!",5
embracing-the-power-of-love,Logan,"While the piece I ordered was nice, I found the website a bit confusing to navigate. It took me a while to find what I wanted. The art itself is beautiful, but I think they could improve the user experience on the site.",3
embracing-the-power-of-love,Sophia,"Absolutely delighted with my order! The painting is stunning, and it fits perfectly in my office. The shipping was prompt, which I really appreciated. It was packed securely and arrived undamaged. Will definitely buy more in the future!",5
embracing-the-power-of-love,Mason,"The artwork is fine, but it wasn't the same scale that I thought it would be based on the pictures. I should have checked the dimensions more carefully. Customer service was responsive, but I wouldn’t buy again without double-checking sizes.",2
embracing-the-power-of-love,Isabella,"I couldn't be happier with my painting! It was a gift for my sister, and she absolutely loved it. The colors are vibrant and the details are incredible. The whole process was easy, and I’ll definitely return for future gifts!",5
embracing-the-power-of-love,Ethan,"The painting I received was nice, but the delivery was a hassle. It got delayed, and I had to contact support multiple times. They finally sorted it out, but I wish it had gone more smoothly. Still, I appreciate the artwork itself.",3
embracing-the-power-of-love,Mia,"Zenarart has such a great collection! I found a piece perfect for my bedroom. It was priced reasonably, and the colors are exactly what I was looking for. The delivery was prompt, and the artwork was well-packaged. Highly recommend!",5
embracing-the-power-of-love,Lucas,"I had some doubts about ordering online, but Zenarart exceeded my expectations! The quality of the painting is top-notch, and the colors are even better than shown on the website. I will shop here again!",5
embracing-the-power-of-love,Charlotte,"I love the design of the website but found the checkout process a bit confusing. I had trouble applying a discount code. However, my painting turned out beautifully, so I’m overall satisfied despite the minor hassle.",4
embracing-the-power-of-love,James,"The art is great, but I had an issue with the print quality when it arrived. It looked kind of blurry compared to what I saw online. Customer service was helpful, but I ended up returning it. It's a hit or miss, I guess.",2
embracing-the-power-of-love,Amelia,"What a delightful experience! The painting was delivered within days, and it was just as amazing in person as online. I love how unique my artwork is, and it sparks joy every time I see it!",5
embracing-the-power-of-love,Benjamin,"Not my favorite experience. The color accuracy was off, and the canvas was stretched poorly. I contacted support for a return, and they were helpful, but I expected better quality for the price.",2
embracing-the-power-of-love,Harper,"So happy with my purchase! The colors in the painting are vibrant and exactly what I wanted. Packaging was secure, and it arrived without a scratch. I recommend Zenarart for anyone looking to brighten up their space!",5
embracing-the-power-of-love,Daniel,"The selection on Zenarart is impressive, but I had trouble finding exactly what I wanted. I spent a long time browsing. The painting I eventually chose is nice, but I wish there had been more filters to help narrow it down!",3
embracing-the-power-of-love,Ella,"I bought a painting for my new apartment and couldn't be happier! It fits perfectly with my decor, and I've received loads of compliments from friends. Shipping was quick and hassle-free. Would definitely shop here again!",5
embracing-the-power-of-love,Aiden,"Overall, my experience was okay. The artwork is decent, but I felt the shipping time was unusually long. It took weeks to arrive, which was disappointing. The customer service was decent, though they did provide updates.",3
embracing-the-power-of-love,Sofia,"What a gem of a shop! I found the perfect piece that matched my aesthetic. The service was excellent, and the delivery was prompt. The painting is gorgeous and I couldn’t ask for more!",5
embracing-the-power-of-love,Matthew,"I had a mediocre experience. The painting itself is nice, but the website was glitchy, and I faced some challenges during checkout. I managed to complete my order, but it took longer than expected to navigate.",3
embracing-the-power-of-love,Zoe,"Stunning artwork! The colors are bold and the piece has transformed my living space. The ordering process was straightforward, and it shipped quickly. Very happy with my purchase!",5
embracing-the-power-of-love,Michaela,"The art I purchased is beautiful, but the size I got was way too small for the space I envisioned. I should have double-checked the dimensions. I’ll keep looking for something bigger but still think the quality is good.",3
embracing-the-power-of-love,Jackson,"So impressed with the quality and vibrancy of the painting! I’ve been searching for something unique for my room, and Zenarart delivered. The customer service was friendly and efficient, which made the experience even better.",5
embracing-the-power-of-love,Chloe,"The art is okay, but I had an issue with the colors not matching the online images. It's still a decent piece, but I expected more. Support was decent, but it left me hesitant about ordering again.",2
embracing-the-power-of-love,Joshua,"Wonderful experience overall! The shipping was prompt, and the painting was even more impressive in person. I love how it has transformed my space and brought more personality into my home. Highly recommend!",5
embracing-the-power-of-love,Lily,"I had high hopes for my order, but it fell a bit flat. The painting is just okay; it didn’t translate well from the screen. Shipping was fine, but I wish I had researched the artist more.",2
embracing-the-power-of-love,Gabriel,What a seamless process! I love how easy it was to find the exact painting I was looking for. The colors are vibrant and the quality is fabulous. I will be back for more pieces in the future!,5
embracing-the-power-of-love,Jessica,"The artwork is lovely, but I did have a tough time with the checkout process. The website could use some improvements, but once I received my piece, I was very happy with it. It really brightens my space!",4
embracing-the-power-of-love,Anthony,"The art is really nice, but the packaging was lacking. My painting arrived with a small dent. Thankfully, it was repairable, but I did not expect that. I appreciate the quality of the artwork but still felt let down by the delivery.",3
embracing-the-power-of-love,Natalie,"Absolutely love my new painting! It fits perfectly in my gallery wall, and I've received so many compliments. The ordering process was straightforward, and it arrived in perfect condition. I will definitely be a repeat customer!",5
embracing-the-power-of-love,Samuel,"Great selection of art! I managed to find a masterpiece that fits my taste. However, I felt the website could use some more images for each piece to get a better idea of what to expect. Still, happy with the purchase overall.",4
embracing-the-power-of-love,Grace,"Zenarart is fantastic! I was impressed by the quality of craftsmanship in the painting I received. It brightens my home and makes me smile every time I see it. The service was top-notch, and I’ll be back soon for more!",5
embracing-the-power-of-love,Carter,"The painting is nice, but shipping took a long time. I was excited about my order, but the delay was disappointing. I can understand things happen, but I wish there were better communication about the shipping timeline.",3
embracing-the-power-of-love,Victoria,"This was my first time purchasing art online, and I was a bit nervous. However, Zenarart made it easy! The painting arrived quickly, it’s beautiful, and looks perfect on my wall. I’ll definitely recommend them!",5
embracing-the-power-of-love,Joshua,"The art itself looks decent, but I experienced several issues with payment. My card was charged twice, which caused a lot of frustration. Nobody wants that stress when buying something new. Comfortable with the art, but the process was annoying.",2
love-is-the-masterpiece-of-life,Alice,"I had a wonderful experience purchasing a painting from Zenarart. The website is user-friendly, and I found exactly what I was looking for. The colors of the artwork are vibrant, and it arrived quickly and in perfect condition. I highly recommend this site to anyone looking for unique art pieces!",5
love-is-the-masterpiece-of-life,Bob,"The selection on Zenarart is impressive! I spent hours browsing through various categories. However, I felt overwhelmed with so many choices. Eventually, I picked a piece I adore. It was delivered in a timely manner, but the packaging could have been better protected.",4
love-is-the-masterpiece-of-life,Charlie,"I was not satisfied with my purchase. The painting looked different in person than it did on the website. I reached out to customer service, but my concerns were not addressed promptly. I might think twice before ordering again.",2
love-is-the-masterpiece-of-life,Dana,Absolutely love my new painting! The colors are even more stunning in person. The ordering process was smooth and hassle-free. I appreciate the detailed descriptions and images on the site. Will definitely come back for more!,5
love-is-the-masterpiece-of-life,Evan,"My experience with Zenarart was satisfactory. The painting quality is good, but the delivery took longer than expected. I understand delays happen, but it would have been nice to receive updates along the way.",3
love-is-the-masterpiece-of-life,Fiona,"I discovered Zenarart through social media and decided to give it a shot. I ordered a modern abstract piece that complements my decor beautifully. The checkout process was straightforward, and my order arrived in perfect condition. Total win!",5
love-is-the-masterpiece-of-life,George,"I ordered a commissioned piece from Zenarart. The artist was incredibly responsive and captured my vision perfectly. It was a bit pricier than I anticipated, but the final result was worth every penny. Highly recommended!",5
love-is-the-masterpiece-of-life,Hannah,"I felt the website could use an upgrade. It was somewhat clunky to navigate, and I found myself getting frustrated at times. However, once I found the artwork I liked, the purchasing process was simple. The painting is nice, but I'm not sure I'll order again.",3
love-is-the-masterpiece-of-life,Ian,"I bought a painting as a gift, and it was a big hit! The recipient loved it, and everyone comments on how unique and beautiful it is. Ordering was easy, and it arrived on time. I will be back for future gifts!",5
love-is-the-masterpiece-of-life,Jenna,"My experience was quite disappointing. The painting arrived with a slight scratch. I contacted customer service, but getting a response took too long. While the artwork is lovely, I hesitate to recommend Zenarart due to this issue.",2
love-is-the-masterpiece-of-life,Kyle,"Great collection! I found a stunning piece that fits my style perfectly. The transaction was smooth, and I appreciate that I received tracking information for my order. It's always nice when you know when to expect your new art!",4
love-is-the-masterpiece-of-life,Laura,"Zenarart has an amazing array of artworks. I stumbled upon a piece that I couldn't resist. The checkout was seamless, and to my surprise, it arrived earlier than expected. I am thrilled with my purchase!",5
love-is-the-masterpiece-of-life,Mike,"I have mixed feelings about my experience. The artwork itself is beautiful and well-made, but the customer service could have been better. I had questions regarding the shipping that went unanswered. I’m still happy with my painting, though.",3
love-is-the-masterpiece-of-life,Nina,"As an art lover, I really appreciate the curation on Zenarart. The pieces they feature are unique and captivating. My latest purchase arrived safely, and I can’t stop admiring it every day. I’ll be back for more!",5
love-is-the-masterpiece-of-life,Owen,"I received fantastic help from Zenarart's customer service team when I had questions about my order. They were quick to respond and very friendly. The painting I chose is striking, but the buying process could be a little smoother.",4
love-is-the-masterpiece-of-life,Paula,"Found the perfect piece for my living room! Ordering was easy and efficient. I loved the artwork so much, I ended up ordering another piece shortly after. Zenarart is definitely my go-to now for art!",5
love-is-the-masterpiece-of-life,Quinn,"I was a bit skeptical at first, but after my purchase, I can confidently say I’m pleased. The quality of the painting exceeded my expectations, and it looks fantastic in my space. Will recommend to friends!",4
love-is-the-masterpiece-of-life,Rachel,"My experience with Zenarart was okay. I enjoyed the variety of art available, but I found the navigation a bit challenging. Nevertheless, the painting I chose is lovely and looks stunning on my wall!",3
love-is-the-masterpiece-of-life,Sam,"I can't express how much I love my new painting! It adds such character to my room. The delivery was prompt, and the packaging was secure. Thanks, Zenarart, for a great shopping experience!",5
love-is-the-masterpiece-of-life,Tina,"While browsing Zenarart, I found a unique abstract piece that caught my eye. The website is beautiful, but I think it could use better filtering options. Nonetheless, my art arrived promptly and in great condition.",4
love-is-the-masterpiece-of-life,Ursula,"I bought a piece I fell in love with, but it didn’t meet my expectations in person. The colors weren’t as vibrant as pictured. I wouldn’t say I had a terrible experience, but I hope for better clarity in images.",2
love-is-the-masterpiece-of-life,Victor,"What an amazing experience! I loved everything about ordering from Zenarart. My painting arrived quickly and in perfect condition. I’m already planning my next purchase, and I can’t wait to see more pieces from amazing artists!",5
love-is-the-masterpiece-of-life,Wendy,"The artwork is nice, but the delivery was quite delayed. I had to follow up a couple of times, which was frustrating. I appreciate the art itself, but I’m uncertain about purchasing again due to the shipping issue.",2
love-is-the-masterpiece-of-life,Xander,"Really enjoyed my shopping experience! The artwork I received is fantastic and brightens up my space. Shipping was quick, and I appreciated the excellent customer service I received when I had questions.",4
love-is-the-masterpiece-of-life,Yara,"I stumbled across Zenarart by accident, but I’m so glad I did! The selection is amazing, and the quality of my painting is top-notch. It arrived in perfect condition and exactly when expected. Highly recommended!",5
love-is-the-masterpiece-of-life,Zane,"Overall, my experience was mediocre. The painting is decent, but it took longer than usual to arrive. I expected better communication regarding shipping. I might consider other options next time.",3
love-is-the-masterpiece-of-life,Amy,"I am thrilled with my purchase! The quality of the painting is spectacular, and it has become the focal point of my room. The website was easy to navigate, making my shopping experience enjoyable. Highly recommend!",5
love-is-the-masterpiece-of-life,Ben,"I was looking for something unique, and I found it on Zenarart! The selection is fantastic. Delivery was prompt, and I received updates along the way. Very pleased with the whole process!",5
love-is-the-masterpiece-of-life,Carmen,"I was disappointed with my purchase. The color representation on the website was misleading, and I didn’t end up loving the piece as much as I hoped. Customer service was slow to respond, which was frustrating.",2
love-is-the-masterpiece-of-life,Derek,"Zenarart has a great range of styles. I found a piece that fits my aesthetic perfectly. The artwork arrived safely, and I was surprised at how well it was packaged. I will definitely return for more!",4
love-is-the-masterpiece-of-life,Eva,"Had a wonderful experience from start to finish. The website is aesthetically pleasing, and I loved exploring the art. My piece arrived quickly and in perfect condition. It's brightening up my home beautifully!",5
love-is-the-masterpiece-of-life,Frank,"I enjoyed my purchase experience overall. The painting is beautiful and adds a nice touch to my decor. The only downside was the shipping time, which was longer than I expected.",3
love-is-the-masterpiece-of-life,Grace,"Absolutely loved the painting I received! The colors are breathtaking, and it looks incredible on my wall. The purchasing process was easy, and my order arrived right on time. Fantastic service!",5
love-is-the-masterpiece-of-life,Henry,"It was exciting browsing through Zenarart. However, I guess I had high expectations, and the piece I chose didn’t fully deliver. I received it okay, but I’m unsure if I’ll order again. Mixed feelings.",3
love-is-the-masterpiece-of-life,Ivy,"I found the perfect contemporary piece at Zenarart! The website is easy to use, and checking out was a smooth process. The delivery was prompt, and I'm thrilled with my purchase. Will definitely order again!",5
radiant-love-a-colorful-masterpiece-that-speaks-to-the-soul,Alice,"I recently bought a stunning abstract painting from Zenarart, and I couldn't be happier with my purchase! The colors are vibrant, and it fits my living room perfectly. The shipping was fast, and the packaging was secure. I highly recommend Zenarart for anyone looking for unique artwork.",5
radiant-love-a-colorful-masterpiece-that-speaks-to-the-soul,Bob,"The selection at Zenarart is incredible, but my experience was marred by shipping delays. The painting I received was beautiful, but waiting longer than expected was frustrating. I love the art, but I wish the service was faster.",3
radiant-love-a-colorful-masterpiece-that-speaks-to-the-soul,Charlie,"I adore my new painting! It adds a lovely touch to my office space. The website is easy to navigate, and I found exactly what I was looking for. Will definitely purchase more in the future.",5
radiant-love-a-colorful-masterpiece-that-speaks-to-the-soul,Diana,"The art I ordered was beautiful, but I was disappointed with the customer service when I had a question about my order. I felt like my concerns weren't addressed promptly. Great art, but the service could improve.",2
radiant-love-a-colorful-masterpiece-that-speaks-to-the-soul,Ethan,"Zenarart has an amazing collection! I purchased a large piece for my dining area, and it fits perfectly. The colors are even more striking in person. Highly satisfied with my purchase and the overall experience.",5
radiant-love-a-colorful-masterpiece-that-speaks-to-the-soul,Fiona,"The painting I ordered was lovely, but it took longer than expected to arrive. I appreciate the quality of the artwork, but I would recommend improving the shipping times.",3
radiant-love-a-colorful-masterpiece-that-speaks-to-the-soul,George,"Absolutely love my painting! It's a conversation starter in my home. The checkout process was smooth, and I appreciated the detail on product pages. Highly recommend Zenarart!",5
radiant-love-a-colorful-masterpiece-that-speaks-to-the-soul,Hannah,"My experience with Zenarart was okay. The painting is nice, but I had issues with tracking my shipment. Customer service was helpful, but it took several tries to resolve my concerns.",3
radiant-love-a-colorful-masterpiece-that-speaks-to-the-soul,Ian,"Zenarart is my new favorite place to shop for art! I was blown away by the variety and quality of paintings available. Plus, the delivery was swift. Will definitely return for more unique pieces!",5
radiant-love-a-colorful-masterpiece-that-speaks-to-the-soul,Jasmine,"I received my painting today, and it's even better than I imagined! The colors and quality are phenomenal. The only downside was that the website could use more filters for easier browsing.",4
radiant-love-a-colorful-masterpiece-that-speaks-to-the-soul,Kevin,"I was a bit disappointed with my order. The painting had some defects that I didn't notice in the picture on the website. Nevertheless, customer service was responsive and helped me with a return.",2
radiant-love-a-colorful-masterpiece-that-speaks-to-the-soul,Lily,What a delightful shopping experience! The art is gorgeous and exactly what I needed to brighten up my space. The entire process from browsing to checkout was seamless.,5
radiant-love-a-colorful-masterpiece-that-speaks-to-the-soul,Mike,"I love my new painting! It was a bit pricier than I expected, but the quality makes it worth it. Zenarart offers unique designs that you can't find elsewhere.",4
radiant-love-a-colorful-masterpiece-that-speaks-to-the-soul,Nina,"The artwork arrived earlier than expected, and it looks perfect in my home! I'm thrilled with my purchase and how smooth the transaction was. Would recommend to friends!",5
radiant-love-a-colorful-masterpiece-that-speaks-to-the-soul,Oliver,"While the art is beautiful, the order arrived with a small dent. Although customer service offered a solution, it was somewhat frustrating. I might consider buying again if improvements are made.",3
radiant-love-a-colorful-masterpiece-that-speaks-to-the-soul,Pam,Zenarart really impressed me! The painting I got transformed my living room completely. I found the perfect piece easily and the checkout was hassle-free.,5
radiant-love-a-colorful-masterpiece-that-speaks-to-the-soul,Quinn,"I had higher expectations based on the reviews. The painting I ordered didn't match the colors I saw online, which was disappointing. However, the quality is still good.",3
radiant-love-a-colorful-masterpiece-that-speaks-to-the-soul,Ray,Simply amazing! The art is vibrant and made my dull office come alive. I received many compliments from colleagues. Zenarart’s process was smooth and easy!,5
radiant-love-a-colorful-masterpiece-that-speaks-to-the-soul,Sarah,"I enjoyed browsing Zenarart's collection. The painting I purchased was decent, but the experience was a bit lackluster. I expected more from the customer service.",3
radiant-love-a-colorful-masterpiece-that-speaks-to-the-soul,Tom,What a fantastic experience! My painting arrived in perfect condition and on time. I love that the artist's background is provided; it gives a personal touch to my purchase!,5
radiant-love-a-colorful-masterpiece-that-speaks-to-the-soul,Ursula,"I’m a fan of abstract art, and Zenarart has a great selection. The piece I bought was really nice, but I wish the descriptions had more details regarding size and texture.",4
radiant-love-a-colorful-masterpiece-that-speaks-to-the-soul,Vince,"Unfortunately, I had a hard time with shipping. While the artwork is fantastic, it took weeks to arrive. I wish they could improve this aspect of their service.",2
radiant-love-a-colorful-masterpiece-that-speaks-to-the-soul,Wendy,"This was my first time purchasing art online, and I was pleasantly surprised! The painting is beautiful and looks just like it did on the website. Great experience overall!",5
radiant-love-a-colorful-masterpiece-that-speaks-to-the-soul,Xander,"I love my new piece! It’s intriguing and fits perfectly in my home. The process was easy, but I wish there were more customer reviews available for each item.",4
radiant-love-a-colorful-masterpiece-that-speaks-to-the-soul,Yara,"The art I received is stunning! Very happy with how it looks on my wall. However, I did face a slight hiccup with the payment process that was a bit annoying.",4
radiant-love-a-colorful-masterpiece-that-speaks-to-the-soul,Zane,"Unfortunately, my delivery was a disaster. The painting arrived damaged. Zenarart was quick to assist with my return, but it messed up my excitement for the piece.",1
radiant-love-a-colorful-masterpiece-that-speaks-to-the-soul,Amy,"Painting is gorgeous and exactly what I wanted! The quality exceeded my expectations. I appreciated the updates during shipping, which kept me informed.",5
radiant-love-a-colorful-masterpiece-that-speaks-to-the-soul,Brad,"My experience was mixed. The piece I bought was perfect, but the customer support was hard to reach. I think they should invest in better service.",3
radiant-love-a-colorful-masterpiece-that-speaks-to-the-soul,Clara,"I found the process easy and straightforward. Zenarart provided a fantastic selection of artworks, and my new painting fits flawlessly in my living room!",5
radiant-love-a-colorful-masterpiece-that-speaks-to-the-soul,David,"The painting is beautiful, but the website was a bit clunky to navigate. It took me longer than expected to find what I was looking for, even though I eventually succeeded.",3
radiant-love-a-colorful-masterpiece-that-speaks-to-the-soul,Ella,"I cannot express how much I love my new painting. It perfectly complements my decor! The delivery was fast, and everything was packaged well. Will recommend to others!",5
radiant-love-a-colorful-masterpiece-that-speaks-to-the-soul,Francis,"The artwork I received was stunning, but my order arrived late. While the quality made it worth the wait, I think they can improve their shipping process.",4
radiant-love-a-colorful-masterpiece-that-speaks-to-the-soul,Grace,"What a enjoyable experience! I found a unique piece that truly speaks to me. The checkout process was quick and easy, and I loved receiving my order sooner than expected.",5
radiant-love-a-colorful-masterpiece-that-speaks-to-the-soul,Henry,"I was excited about my painting, but there was some delay in delivery. Once it arrived, it was breathtaking, so I’m torn between rating it high and low.",4
radiant-love-a-colorful-masterpiece-that-speaks-to-the-soul,Isla,My first encounter with Zenarart was delightful! The painting is beautiful and adds an elegant touch to my home. My only complaint was the tracking info was not very clear.,4
radiant-love-a-colorful-masterpiece-that-speaks-to-the-soul,Jake,"I’m thoroughly impressed! The painting I ordered is stunning, and it arrived in perfect condition. The customer support team was also very friendly and helpful.",5
radiant-love-a-colorful-masterpiece-that-speaks-to-the-soul,Kara,"I had high hopes for my purchase, but I was underwhelmed. The art looked a bit different upon arrival. Zenarart has potential, but they need to improve their images online.",2
radiant-love-a-colorful-masterpiece-that-speaks-to-the-soul,Leo,"Fantastic service! My painting arrived quickly, and it looks even better on my wall. I appreciate the care that goes into their art selection.",5
radiant-love-a-colorful-masterpiece-that-speaks-to-the-soul,Maya,"My experience was a bit rocky. The painting quality is excellent, but I faced issues while trying to get customer support. They need to work on better communication.",3
radiant-love-a-colorful-masterpiece-that-speaks-to-the-soul,Noah,"I’m thrilled with my new painting! It’s unique, colorful, and truly stands out. The buying process was smooth, and I’m looking forward to shopping at Zenarart again.",5
radiant-love-a-colorful-masterpiece-that-speaks-to-the-soul,Opal,"I liked the art collection at Zenarart, but the shipping was really slow. My painting eventually arrived, and I love it, but the wait was frustrating.",3
radiant-love-a-colorful-masterpiece-that-speaks-to-the-soul,Paul,Absolutely loved my experience! The art is stunning and the website is user-friendly. I felt well-informed throughout the purchase process. Will be buying again soon!,5
radiant-love-a-colorful-masterpiece-that-speaks-to-the-soul,Quincy,"Decent experience overall. I love my new piece, though there were communication gaps during shipping. The quality of the artwork is what saved my experience.",4
radiant-love-a-colorful-masterpiece-that-speaks-to-the-soul,Ruby,The painting I received is phenomenal. I'm so happy every time I walk in the room! Zenarart exceeded my expectations in terms of quality and service.,5
radiant-love-a-colorful-masterpiece-that-speaks-to-the-soul,Steve,"I was expecting more from Zenarart. While the art is fine, my shipping experience was less than stellar. It took way too long to reach me, which dampened my excitement.",2
radiant-love-a-colorful-masterpiece-that-speaks-to-the-soul,Tina,"The art I found at Zenarart perfectly suits my style and adds character to my living space. The ordering process was simple, and I appreciate the artist's information given with the piece.",5
elegant-rose-blossom,Emily,"I recently purchased a vibrant piece from Zenarart that completely transformed my living room. The colors are bold and the texture is amazing! The shipping was swift, and the painting arrived in perfect condition. I highly recommend this site for art lovers like me!",5
elegant-rose-blossom,James,"My experience shopping at Zenarart was just okay. I found some great pieces, but the checkout process was a bit clunky. The painting arrived a week late, which was frustrating. Overall, the art is lovely, but I'd like better service next time.",3
elegant-rose-blossom,Sophie,"Zenarart feels like a hidden treasure! I stumbled upon this website while looking for unique wall art. The piece I got is striking and has become a conversation starter. The quality is top-notch, and I can't wait to explore more!",4
elegant-rose-blossom,Michael,"Unfortunately, my order was a major disappointment. The painting I received did not look like the online image at all. Poor quality and it took forever to get a response from customer service. Will not be purchasing again.",1
elegant-rose-blossom,Olivia,"What a fantastic selection on Zenarart! I found the perfect painting for my office. The customer service team was super helpful in answering my questions, and the artwork really adds life to my workspace. Totally worth it!",5
elegant-rose-blossom,Liam,"I had high expectations, but my experience with Zenarart was a mixed bag. The painting is beautiful, but it arrived with a small scratch, and the frames they offered were overpriced. I might give them another chance but cautiously.",2
elegant-rose-blossom,Isabella,"Absolutely stunning pieces! I purchased a painting for my bedroom, and it exceeded my expectations. The colors are more vibrant in person. Fast shipping too! I am considering getting more art soon!",5
elegant-rose-blossom,Noah,"The website is easy to navigate, and I found many pieces that caught my eye. However, the delivery took much longer than stated. The painting is nice, but I was disappointed in the wait. I'd rate my experience a solid 3.",3
elegant-rose-blossom,Mia,Zenarart has quickly become my go-to for art shopping! I love the abstract styles they offer. The piece I bought is now the focal point of my living room. Can't recommend them enough!,5
elegant-rose-blossom,Ethan,"I found a unique piece that I was excited about. However, the shipping was a hassle, and when the painting arrived, there was noticeable damage. Customer support took ages to respond. Not pleased with this visit.",2
elegant-rose-blossom,Charlotte,I adore my new painting from Zenarart! The colors pop and it looks fantastic in my kitchen. It's nice to support a site that showcases independent artists. Looking forward to adding more to my collection!,4
elegant-rose-blossom,Aiden,"While I loved the artwork I got, I faced issues with tracking my order. I thought it was lost! Finally, it arrived, and it's beautiful, but the wait was annoying. A little more transparency would help.",3
elegant-rose-blossom,Amelia,"Amazing selection! I found the perfect piece for my living room. The purchasing process was smooth, and the artwork arrived securely packaged. I'm already planning my next purchase!",5
elegant-rose-blossom,Lucas,"I came across Zenarart through social media and decided to give them a shot. The art is pretty, but my order did take longer than anticipated. Overall satisfied, though the shipping could improve.",3
elegant-rose-blossom,Harper,I'm thrilled with my purchase from Zenarart! The painting captures such emotion and creativity. I've received countless compliments from guests. Definitely a great find!,5
elegant-rose-blossom,Jackson,"The artwork I received is nice, but the customer service left much to be desired. I had a question about my order and didn't get a timely response. The art is good but the service not so much.",2
elegant-rose-blossom,Ella,Zenarart offers a fantastic experience! I bought a piece that matches perfectly with my home decor. Fast delivery and well-packed. I highly recommend this site for unique finds!,5
elegant-rose-blossom,Logan,"I just received my painting, and while it looks good, I had a hard time with the payment process initially. I got caught up on the site. Hoping for a smoother experience next time!",3
elegant-rose-blossom,Lily,So happy with my new artwork! It adds such a vibrant touch to my space. I loved the variety on offer and appreciate the details shared on each piece. Excellent experience overall!,5
elegant-rose-blossom,Mason,"I found a delightful piece on Zenarart, but unfortunately, it was out of stock. The team was helpful, but it took a long time before I could finalize my order. Definitely check back for updates, though!",3
elegant-rose-blossom,Chloe,"Perfect! I can't express how much I love my new painting. The hues are just stunning, and it arrived on time. I keenly await my next visit to Zenarart for more treasures!",5
elegant-rose-blossom,Caleb,"I was disappointed with my experience. The painting I received didn’t match the description online, and the return process was not clear at all. I might browse another website next time.",1
elegant-rose-blossom,Zoe,"Incredible experience overall! Zenarart showcases talent beautifully. I bought a large canvas, and it makes my space feel so inviting. Great service, and shipping was fast too!",5
elegant-rose-blossom,Benjamin,"It took a while to choose a piece, but the selection is splendid. I found exactly what I wanted. Just wish the site had clearer return policies upfront. Still, I'm pleased with my artwork.",4
elegant-rose-blossom,Emma,"Zenarart has some of the best pieces I've ever seen online! I received my painting in perfect condition, and it matches my decor seamlessly. Extremely satisfied!",5
elegant-rose-blossom,Wyatt,"The process was a bit bumpy when checking out, but once that was over, my painting arrived beautifully packaged. I am enjoying the artwork, but the site needs a little work!",3
elegant-rose-blossom,Victoria,"So impressed with Zenarart! The variety of artwork is unparalleled. I bought a piece for a gift, and it was well-received. Great quality and speedy delivery!",5
elegant-rose-blossom,Dylan,"The artwork is nice, but my experience with customer service was lacking. I felt overlooked when I had a question about my order. I wasn’t happy with the follow-up.",2
elegant-rose-blossom,Madison,"This site is wonderful! I love supporting local artists, and Zenarart makes it so easy. My painting is gorgeous, and I've already recommended the site to my friends!",5
elegant-rose-blossom,Gabriel,"It took forever to receive my order, and I was getting worried it was lost. Fortunately, the painting looks nice, but the shipping issue put a damper on my excitement.",2
elegant-rose-blossom,Scarlett,Absolutely love my new art piece! It’s perfect for my space and adds a lovely touch. Zenarart has an excellent selection that I can’t wait to explore more!,5
elegant-rose-blossom,Anthony,"I wasn’t thrilled with my experience. The painting was slightly damaged when it arrived, and getting a refund was a hassle. I hope they improve their quality control.",1
elegant-rose-blossom,Natalie,"An exciting shopping experience! Zenarart had just the right piece I was looking for. Delivery was quick, and the artwork is stunning—so happy with my purchase!",5
elegant-rose-blossom,Jonathan,"Great selection, but the quality didn’t meet my expectations. The colors seemed duller in person, and I wish I had a better experience from start to finish.",2
elegant-rose-blossom,Grace,"Fantastic art and service! Zenarart exceeded my expectations with my purchase. The painting fits perfectly in my home, and the transaction was seamless. Will definitely buy again!",5
elegant-rose-blossom,Alexander,"There are plenty of nice pieces, but my order took forever to arrive. When it did finally arrive, it was beautiful, but the wait was frustrating.",3
elegant-rose-blossom,Layla,Zenarart blew me away! I never expected to find such unique artwork at a reasonable price. Everything was just perfect. I've been singing their praises to everyone!,5
elegant-rose-blossom,Henry,"While I appreciate the effort, my experience wasn’t stellar. The piece arrived well after the estimated date. The art is okay, but I’m a bit hesitant to order again.",2
elegant-rose-blossom,Brooklyn,Such a fabulous platform for art enthusiasts! I acquired an incredible painting that fits my style perfectly. I had a brief question that was promptly answered. Highly recommend!,5
elegant-rose-blossom,Jayden,Not a great experience. The artwork I ordered wasn’t what I expected when it came. I had hoped for higher quality based on what was shown online.,1
elegant-rose-blossom,Riley,"Absolutely thrilled with my purchase! The art brings me joy every day. The delivery was quick, and customer service was friendly. I’m already eyeing more pieces to buy!",5
timeless-elegance,Alice,"My experience with Zenarart was exceptional! The selection of abstract paintings is vibrant and engaging. I bought a beautiful piece with vivid colors that brings life to my living room. The checkout process was smooth, and my painting arrived in pristine condition. I will definitely be shopping here again!",5
timeless-elegance,Bob,"I was a bit hesitant to buy art online, but Zenarart has changed my perspective. The painting I ordered exceeded my expectations. The color palette is stunning, and it really complements my decor. Shipping was fast too. Highly recommend to anyone looking for unique pieces!",4
timeless-elegance,Clara,"While the art pieces are lovely, my experience with customer service was lacking. I had a question regarding my order which took too long to be answered. The painting arrived okay, but I expected more attention to customer care. I think I’ll explore other options next time.",2
timeless-elegance,David,"Zenarart has a fantastic range of paintings! I fell in love with a floral design the moment I saw it. The order process was straightforward, and the delivery was timely. The quality of the print is great; it brightens my study. I’m thrilled with my purchase!",5
timeless-elegance,Eva,"I had a mixed experience. The painting I received was beautiful, but there were some issues with the tracking information. It took longer than expected to arrive. Once it was here, though, I was completely satisfied with the artwork itself. Would rate higher if not for the shipping issues.",3
timeless-elegance,Frank,"Absolutely love my new painting from Zenarart! The colors are so vibrant, and it truly matches my style. The packaging was secure, ensuring no damage during transit. I adore how it complements my home. Five stars without a doubt!",5
timeless-elegance,Grace,"I’m an artist myself, and I appreciate good art. My experience with Zenarart was delightful. The piece I purchased is a striking representation of floral abstract art. It has become a centerpiece in my living room. Shipping was prompt and the hassle-free process was much appreciated!",5
timeless-elegance,Henry,"I can’t say enough how much I love my latest purchase! The painting is vibrant, and it arrived earlier than anticipated. The whole process was easy to navigate, and I’ll definitely be back for more. Perfect addition to my wall!",5
timeless-elegance,Ivy,"The painting I ordered is stunning and fits perfectly in my bedroom. However, the customer service could use some improvement. It took some time for someone to get back to me regarding shipping delays. Overall, beautiful art but needs better support.",3
timeless-elegance,Jack,Great website with a variety of artistic styles! I was impressed by how easy it was to find exactly what I wanted. The painting is gorgeous and has received many compliments from friends. Shipping was hassle-free as well!,4
timeless-elegance,Katie,"My experience was more frustrating than enjoyable. I received the wrong painting initially, and it took a while to get everything sorted out. The art itself is beautiful, but the hassle with the order made me hesitant to shop here again.",2
timeless-elegance,Liam,What a fantastic experience! The painting I ordered arrived quickly and in perfect condition. The colors are so vibrant in person. It now has a prime position on my wall. Highly recommend Zenarart for anyone looking for unique art pieces to enhance their space!,5
timeless-elegance,Mia,"Zenarart has a wonderful collection! My painting is a perfect fit for my aesthetic. The quality is superb, though I had a little confusion with the payment method. The customer service resolved it quickly, which I appreciated. Overall, a great shopping experience!",4
timeless-elegance,Nina,"I wasn't overly impressed with my purchase. The painting looks good, but the shipping was slow and untracked, causing a lot of anxiety. I’m satisfied with the art itself, but I hope the logistics improve for future buyers.",3
timeless-elegance,Oliver,"This site is a gem! I found a beautiful piece that fits my office perfectly. The checkout process was smooth, and the painting arrived safely packaged. I’ve already received several compliments and will definitely return for more art shortly!",5
timeless-elegance,Paula,"I had high expectations, but the painting I received didn’t quite match the picture online. The colors were slightly different, but the quality was still decent. Customer service was alright but could be improved. Might explore other sources next time.",3
timeless-elegance,Quentin,"Absolutely love Zenarart! The artistic variety is amazing. I found a piece that resonates deeply with my taste in abstract art. Ordering was straightforward, and the painting came beautifully packaged. A perfect addition to my collection!",5
timeless-elegance,Rachel,"The artwork I purchased is beautiful! It was a bit pricier than I expected, but the quality justifies the cost. Shipping was done quickly, and the painting arrived undamaged. Overall, a pleasant experience shopping at Zenarart.",4
timeless-elegance,Steve,"I was really excited to purchase a painting from Zenarart, but the experience didn’t meet my expectations. The painting arrived later than promised without tracking updates, affecting my excitement. The art is nice, but I hope they improve their logistics.",2
timeless-elegance,Tina,"This was my first time buying art online, and it went surprisingly well. I’m really happy with my floral painting! It adds a lovely touch to my home office. The process was easy, and my painting arrived in great condition. Would recommend!",5
timeless-elegance,Ulysses,"The process was quite seamless. I found the painting of my dreams on Zenarart. It’s even more beautiful in person! Shipping was quick, and the piece was perfectly packaged. I look forward to purchasing more art to share!",5
timeless-elegance,Vera,"I had some trouble initially with my order, which was frustrating. I received a response from customer service, but it took longer than I’d have liked. Still, the painting itself turned out beautifully, so I’m at least pleased with that.",3
timeless-elegance,Will,"Zenarart really exceeded my expectations! My new painting looks even better than I imagined. The ordering process was user-friendly, and delivery was quick. I’ve already gotten compliments from friends and family. I’ll definitely be shopping here again!",5
timeless-elegance,Xena,"I loved the variety of paintings available! The colors in my artwork are vibrant. However, I wish the site had more filters to help narrow down searches. Overall, I’m satisfied with my purchase but would appreciate better tools for browsing.",4
timeless-elegance,Yara,"Zenarart has a delightful collection of paintings! My purchase experience was smooth, and the art arrived well-protected. It’s a striking piece that draws attention. The only minor issue was with the tracking information. Nevertheless, highly recommend them for quality art!",4
timeless-elegance,Zane,"Though the art is beautiful, my experience was marred by long shipping delays and insufficient communication. The customer service team was polite, but I expected more timely updates. I adore my painting, but I hope to see better service in the future.",3
serenity-in-solitude,Alice,"I was really impressed with the selection on Zenarart. The website is user-friendly, and I found the perfect painting for my living room. The colors are vibrant and match my decor beautifully. Shipping was quick, and the piece arrived in perfect condition!",5
serenity-in-solitude,Bob,"The art from Zenarart is stunning, but I had a bit of trouble navigating the site. Once I found what I liked, though, the checkout process was smooth. My painting looks great on my wall but took longer than expected to arrive.",4
serenity-in-solitude,Carol,"I love abstract art, so I was thrilled to stumble upon Zenarart. I ordered a piece that caught my eye, and it was even better in person! The colors are exquisite and really stand out. Highly recommend!",5
serenity-in-solitude,Daniel,"My experience was mediocre. While the artwork is nice, the customer service could be improved. I had questions that went unanswered for a bit too long. Overall, I'm satisfied but expect better service next time.",3
serenity-in-solitude,Eve,"I bought a beautiful piece last month, and it has transformed my space. The quality exceeded my expectations! I really appreciated the detailed descriptions provided for each item. A perfect shopping experience.",5
serenity-in-solitude,Frank,"I don't think I would order again. The painting I received had some minor damages. Customer support was helpful and issued a refund, but I was really looking forward to the art.",2
serenity-in-solitude,Grace,"Zenarart has a unique collection. I found a piece that really resonates with me. The checkout process was straightforward, and my art arrived quite quickly. I love it!",5
serenity-in-solitude,Henry,"The site has some beautiful artwork, but I found the prices a bit high compared to other places. I did end up purchasing, but I felt a twinge of buyer's remorse afterward.",3
serenity-in-solitude,Ivy,"Absolutely love my new painting! The colors are vibrant, and it fits perfectly in my home office. The website was easy to navigate, and delivery was quick. Will definitely be back for more!",5
serenity-in-solitude,Jack,"The art I received was lovely, but I wish there were more options for framing. As a first-time buyer, I was impressed with the artwork but felt the additional services were lacking.",4
serenity-in-solitude,Kathy,"I’m an artist myself, and I truly appreciate the creativity displayed on Zenarart. My painting is inspiring me for my own projects! The order process was flawless; I can’t wait to shop again.",5
serenity-in-solitude,Liam,"I wasn't too happy with my purchase. The painting looked different online, and the colors weren't as vibrant in person. I might consider giving it another try, but I’m hesitant.",2
serenity-in-solitude,Mona,"Fantastic selection of unique artworks! I found something that perfectly matches my style. The shipping was fast, and I appreciate the care taken in packaging. Overall, very satisfied.",5
serenity-in-solitude,Noah,"I had a pleasant experience purchasing art from Zenarart. The painting I chose looks great in my apartment. The only downside was a delay in shipping, but it was worth the wait.",4
serenity-in-solitude,Olivia,"I enjoyed browsing the website. However, I would appreciate more information about the artists behind the pieces. My painting was lovely, but I didn’t know much about its background.",3
serenity-in-solitude,Paul,Great art pieces! I bought a couple of paintings for my gallery. They complement each other beautifully. The whole shopping process was smooth from start to finish. Highly recommend Zenarart.,5
serenity-in-solitude,Quinn,I had a variable experience. The painting I selected arrived quickly but was slightly different from what I expected. It’s nice but not exactly as depicted. Will think twice before buying again.,3
serenity-in-solitude,Rachel,"Zenarart is a gem for art lovers! Found an amazing piece that I can't stop admiring. The delivery was prompt, and I appreciated how well it was packaged. So happy with my purchase!",5
serenity-in-solitude,Sam,"I didn't enjoy my shopping experience as much. The selection is decent, but I found the website a bit clunky. The painting itself was fine, but I expected a smoother process.",2
serenity-in-solitude,Tina,"I absolutely adore my painting from Zenarart! It looks amazing in my living room. The colors are stunning, and I received compliments from friends right away. Thank you for a great experience!",5
serenity-in-solitude,Victor,"The art selection is impressive! I did experience some difficulty during the checkout process, but once that was resolved, my art was shipped quickly. Overall, I’m happy with the purchase.",4
serenity-in-solitude,Wendy,"Not my best online shopping experience. The piece I ordered took longer to arrive and wasn’t as impressive in person as in the photos. Customer service was helpful, though.",3
serenity-in-solitude,Xander,"What a great experience! Zenarart's collection is exceptional, and I found a unique piece that speaks to me. I will definitely be shopping here again.",5
serenity-in-solitude,Yara,"I love the diversity of artists featured! I finally settled on a piece that showcases my favorite colors. It arrived in pristine condition, and the shopping experience was seamless.",5
serenity-in-solitude,Zach,"The art is fantastic, but I had a minor hiccup during the payment process. It was resolved, but I felt a bit frustrated at first. The painting itself is beautiful, though!",4
serenity-in-solitude,Alice,"I was skeptical at first, but my experience purchasing from Zenarart was wonderful! The painting I received is inspirational. Thank you for a fantastic service!",5
serenity-in-solitude,Brian,"Had some difficulty navigating the site initially, but I eventually found a gorgeous abstract piece. The delivery was a bit slow, but I’m satisfied with the artwork.",3
serenity-in-solitude,Clara,"The art is stunning and has become a showpiece in my home. The ordering process was simple, and it arrived sooner than expected. Overall, I am delighted!",5
serenity-in-solitude,Don,"Great unique pieces! I bought two paintings and will buy more soon. The site was easy to use, and everything arrived in great shape. Very happy!",5
serenity-in-solitude,Ella,"The painting I purchased isn’t as vibrant as it appeared online, but it's still a lovely piece. The transaction was smooth, and I appreciate the quick shipping.",3
serenity-in-solitude,Fred,"I've been looking for art to complement my study, and Zenarart delivered! The colors are beautiful, and it fits perfectly in the space. Very satisfied. Thank you!",5
serenity-in-solitude,Gina,"I was disappointed with my purchase. The colors weren't what I expected, and the painting seemed smaller in person. Customer service was responsive, but I don’t think I’d buy again.",2
serenity-in-solitude,Hank,"Wonderful experience overall! Zenarart’s collection is captivating, and I ended up with a piece that truly reflects my taste. The shipping was also swift and reliable.",5
serenity-in-solitude,Irene,"I must say, I love the range of art styles on Zenarart! The artwork I purchased looks fabulous in my hallway. The shipping was quick too. I’ll surely recommend this site to friends.",5
serenity-in-solitude,Jake,"While I found some nice pieces, I wished the site had more detailed descriptions on size and material. My painting looks okay, but I expected a more premium feel.",3
serenity-in-solitude,Laura,I fell in love with the piece at first sight! It’s a conversation starter and is just perfect. The whole purchasing process was easy. I’ll definitely shop here again.,5
serenity-in-solitude,Mark,"I had high hopes because of the reviews, but my experience was lackluster. The art arrived late and had a small scratch. Customer service was helpful but didn’t make up for my disappointment.",2
minimalist-haven,Alice,"I recently purchased a beautiful painting from Zenarart and I couldn't be happier! The selection is amazing, and the ordering process was smooth and easy. The painting arrived promptly and was even more stunning in person. The colors are vibrant and the quality is top-notch. I highly recommend this site to anyone looking for unique art pieces!",5
minimalist-haven,Bob,"I had a somewhat disappointing experience with Zenarart. While the artwork is unique, my order took longer to arrive than expected. When it did arrive, one corner was slightly damaged. Customer service was friendly but not very helpful. I still love the painting, but I wish the delivery process had been smoother.",3
minimalist-haven,Charlie,"Zenarart is a hidden gem! I stumbled upon this site while searching for wall art, and I'm so glad I did. The variety is impressive, and I found exactly what I was looking for. The shipping was fast, and the painting arrived in perfect condition. I’ve already started recommending it to my friends!",4
minimalist-haven,Dee,"Unfortunately, my experience with Zenarart was not great. The painting I ordered did not look like the image on the website, and I was quite disappointed. The colors were duller than expected, and the quality didn't match what I had hoped for. I probably won't order again.",2
minimalist-haven,Eva,"Absolutely love my new painting from Zenarart! The whole process was seamless. After browsing for a while, I found the perfect piece for my living room and it has transformed the space. It arrived on time, beautifully packaged. I got so many compliments on it already!",5
minimalist-haven,Frank,"The purchasing experience at Zenarart was straightforward and user-friendly. However, I wish there were more options to customize the frame styles. The painting I ordered is gorgeous, but it would have been nice to have a few more frame choices available.",4
minimalist-haven,Gina,"I was a bit skeptical at first, but my experience with Zenarart turned out to be wonderful! The art selection was fantastic, and the prices are reasonable. The painting arrived a little later than expected, but it exceeded my expectations in terms of quality and detail. Highly recommend!",4
minimalist-haven,Henry,"I’m genuinely disappointed with my experience at Zenarart. The painting I received had several visible flaws, which made it difficult to enjoy. I contacted customer service but did not receive a satisfactory resolution. I won’t be purchasing again.",1
minimalist-haven,Ivy,"Zenarart has an exceptional variety of paintings, and I truly appreciate the artistry. My order arrived swiftly, well-packaged, and the painting was exactly as described. I found the entire process enjoyable and stress-free. I’ll definitely be shopping here again!",5
minimalist-haven,Jake,"My experience was smooth overall, though the website could use a bit more user-friendly design. The painting is beautiful and fits perfectly in my office. It took a while to arrive, but the wait was worth it. I'll be back to explore more artwork!",4
minimalist-haven,Lara,"Zenarart is a fantastic site for art lovers! I’m amazed by the diverse styles available. My purchase was straightforward, and I was thrilled with the quality of the painting when it arrived. It brightens up my space, and I couldn’t be happier!",5
minimalist-haven,Mike,"The purchasing process was quick, but my initial excitement faded when the painting arrived. It was smaller than expected, and I misread the dimensions. I love the piece, but I highly recommend checking the sizes before purchasing.",3
minimalist-haven,Nina,"I'm absolutely in love with my new artwork! The colors are vibrant and it looks fantastic in my home. The shipment was fast, and the packaging was sturdy. Getting my order from Zenarart was a lovely experience, and I'll definitely return for more!",5
minimalist-haven,Owen,"I had a pretty average experience at Zenarart. The art selection is good, but the customer service could improve—my questions took some time to get answered. My painting is decent, though there’s nothing particularly special about it.",3
minimalist-haven,Paula,"Zenarart has quickly become my go-to for art! The website is easy to navigate, and the art styles cater to various tastes. Every piece I've ordered has received compliments. I can wholeheartedly recommend them to anyone looking for quality and variety in art.",5
minimalist-haven,Quinn,"I really wanted to love my purchase from Zenarart, but the quality was not up to par. The painting looked great online but had some flaws. Customer service was understanding but couldn't offer a replacement. It’s disappointing since I had high hopes.",2
minimalist-haven,Rita,"Fantastic site! The artwork selection is unparalleled, and I enjoyed browsing through all the different styles. I found a stunning piece that instantly caught my eye. The transaction was effortless, and the delivery was prompt. Highly satisfied!",5
minimalist-haven,Sam,"While I found the artwork appealing, my experience was marred by a shipping delay. It took longer than promised for the painting to arrive. When it finally got here, though, I was relieved to find it in great condition. Just hope for better shipping next time!",3
minimalist-haven,Tina,"Zenarart's collection is exquisite! Each piece I viewed seemed to tell its own story. I finally settled on a beautiful abstract piece, and it arrived promptly. The colors are even more striking in person, making it a perfect addition to my home. Definitely a five-star experience!",5
minimalist-haven,Ursula,"My experience on Zenarart left much to be desired. The painting I received looked different than what was pictured, and that made me quite dissatisfied. It seems like there could be better quality checks on the items before they are shipped.",1
minimalist-haven,Victor,"I'm very impressed with Zenarart! The curated selection of artwork is awesome, and the site was easy to navigate. I received my painting quickly, and it was packaged securely. Truly a delightful experience overall, and I will be returning for more!",5
minimalist-haven,Wanda,"It had been a while since I bought art, and Zenarart reignited my passion. I found a captivating piece that resonates with me. The ordering process was easy, and it was great to support artists directly. I’d recommend this to anyone looking to add charm to their home.",4
minimalist-haven,Xander,"Sadly, my expectations were not met. The painting wasn't as vivid as it appeared online, which really let me down. Delivery was timely, but I wouldn’t recommend this site based on my experience. Maybe others have had better luck?",2
minimalist-haven,Yvonne,"What a treasure trove Zenarart is! I was pleasantly surprised by the vast range of artwork. Every piece was enticing, and it took me a while to finally choose! The ordering was hassle-free, and my order arrived perfectly. I’d give them a solid five stars!",5
minimalist-haven,Zach,"I've ordered from Zenarart a few times now and my overall experience has been positive. Each painting I've received has been stellar, but there was a hiccup with one order. Customer service resolved it quickly, which I appreciated. Will continue to support!",4
minimalist-haven,Alina,"Absolutely thrilled with my purchase from Zenarart! I ordered a piece that perfectly complements my home decor. The transaction was quick, and the painting arrived without any hiccups. This is a fantastic site if you’re looking for something unique.",5
minimalist-haven,Blake,"Zenarart is good, but there were a few frustrations along the way. The site could use some improvements; it felt a bit clunky at times. Still, my painting is stunning, and that's what matters most to me. I hope for quicker site updates in the future!",3
minimalist-haven,Clara,"What a fantastic find! I adore my new artwork from Zenarart. It's unique and beautifully crafted. The shipping was very quick, and it came with a nice certificate of authenticity. I will definitely recommend this site to my friends, without a doubt.",5
minimalist-haven,Derek,"I had high hopes, but the painting I received didn’t match my expectations. The colors were less vibrant in person, which was disappointing. Zenarart has a good selection, but it seems like their quality control may need to be improved.",2
minimalist-haven,Ella,"I had such a great experience shopping at Zenarart! The collection is mesmerizing, and I found the perfect piece for my bedroom. The ordering process was straightforward, and it arrived ahead of schedule. I'm a very happy customer!",5
minimalist-haven,Felix,Not the best experience. The art I received had a scratch on it. Zenarart's customer service was friendly but slow to respond. I just wish my first experience had gone a little more smoothly. I hope they improve their quality control soon.,2
minimalist-haven,Grace,I’m very pleased with my purchase from Zenarart! The site opened up a world of unique art pieces I didn't even know I needed. My painting arrived safely and is just what I envisioned for my living room. I would recommend them to anyone!,5
minimalist-haven,Hugo,"While Zenarart has great pieces, I faced delays in my order. However, the painting itself is fantastic, with excellent detail and colors. They should aim for better communication regarding shipping times; apart from that, the site is solid.",3
minimalist-haven,Ines,"A wonderful discovery! I was searching for unique art and stumbled across Zenarart. The selection is impressive, and the piece I bought fits perfectly in my home. I enjoyed the experience from start to finish, and I plan to return soon for more!",5
minimalist-haven,Jack,"Okay experience overall. The artwork was lovely but took longer than expected to arrive. The site is easy to navigate, but I wish they had more filter options for searching. I'll consider buying again but with tempered expectations.",3
minimalist-haven,Kylie,"Absolutely love the vibrant piece I bought from Zenarart! The colors bring my room to life, and the quality is exceptional. It was a hassle-free purchase, and I appreciated the quick shipping. I can't wait to explore more pieces!",5
minimalist-haven,Leo,"Not pleased with my recent order. The painting arrived damaged, and although Customer Service tried to help, it took a while to resolve the issue. The art itself is lovely, but I’m hesitant to buy again due to this experience.",2
minimalist-haven,Maya,"Thrilled with my first purchase! Zenarart impressed me with the variety and quality available. The transaction was simple, and the painting is now the highlight of my home. Definitely coming back for more unique pieces!",5
minimalist-haven,Neil,"An average experience; my painting arrived later than anticipated. However, the piece itself is quite lovely. I think they need to improve their logistics, but the art selection is worth checking out. Would consider shopping here again.",3
minimalist-haven,Olivia,"Zenarart is an art lover's dream! I found stunning paintings that I couldn't resist. The site is easy to navigate, and my order arrived impeccably packaged. I’m extremely happy with my experience and can’t wait to purchase again!",5
minimalist-haven,Pete,"A little disappointed with the online representation of my painting. It arrived looking a bit different than I anticipated. Zenarart does have a decent selection, but I’ll be cautious with my next choice.",2
minimalist-haven,Quincy,"I had a fantastic experience overall! The selection at Zenarart is phenomenal, and it took me forever to choose. My painting arrived quickly and exceeded my expectations. Can't wait to add more pieces to my collection!",5
vibrant-colors-and-bold-shapes-collide-in-dreamscape,Alice,I absolutely love my new painting from Zenarart! The colors are vibrant and the quality is top-notch. It adds a beautiful touch to my living room. The shipping was fast and the packaging kept it safe. I couldn't be happier!,5
vibrant-colors-and-bold-shapes-collide-in-dreamscape,Bob,"The painting I purchased is stunning, but I had a bit of a hassle with the checkout process. It took longer than expected. However, the customer service was helpful when I reached out, so it ended well.",4
vibrant-colors-and-bold-shapes-collide-in-dreamscape,Charlie,"I was really excited to buy an abstract piece, but when it arrived, I felt it didn't match the colors on their website. It's still nice, but I expected something more in line with what I saw.",3
vibrant-colors-and-bold-shapes-collide-in-dreamscape,Diana,"Buying from Zenarart was a dream! The website is user-friendly, and there are so many beautiful options. My painting arrived in perfect condition and quickly. Highly recommend it to anyone looking for unique art!",5
vibrant-colors-and-bold-shapes-collide-in-dreamscape,Ethan,"Honestly, I wasn't satisfied with the painting I received. The texture felt different than what was shown online. I contacted customer service but didn't get a clear solution.",2
vibrant-colors-and-bold-shapes-collide-in-dreamscape,Fiona,"Zenarart has become my go-to for art. The selection is diverse, and I appreciate the detail they provide for each piece. My last canvas was a conversation starter in my home!",5
vibrant-colors-and-bold-shapes-collide-in-dreamscape,George,"I had high expectations but was let down by the quality of the frame that came with my piece. It feels a bit flimsy, though the artwork itself is lovely.",3
vibrant-colors-and-bold-shapes-collide-in-dreamscape,Hannah,I can't express how much I adore my new painting! It’s even more captivating in person. The process was smooth and the delivery was prompt. Will definitely buy again!,5
vibrant-colors-and-bold-shapes-collide-in-dreamscape,Ian,"The art is great, but I had issues with tracking my order. It took longer to arrive than I anticipated, which was a bit frustrating.",3
vibrant-colors-and-bold-shapes-collide-in-dreamscape,Julia,"Absolutely thrilled with my purchase! The painting is breathtaking, and it came well-packaged. Zenarart has a wonderful array of artists and styles. A true gem of a store!",5
vibrant-colors-and-bold-shapes-collide-in-dreamscape,Kevin,"I wasn't impressed with my shopping experience. The navigation on the website could be better, and the painting took longer to ship than I was told.",1
vibrant-colors-and-bold-shapes-collide-in-dreamscape,Laura,"Such a wonderful experience! The painting arrived beautifully wrapped and on time. It has transformed my workspace, making it feel more creative and lively!",5
vibrant-colors-and-bold-shapes-collide-in-dreamscape,Mark,"I love browsing their collection, but the checkout process felt a bit clunky. My painting was good, but I expected a more seamless experience overall.",3
vibrant-colors-and-bold-shapes-collide-in-dreamscape,Nina,"This was my first time buying art online, and it was a fantastic experience. The painting exceeded my expectations, and I am so grateful for the helpful customer service!",5
vibrant-colors-and-bold-shapes-collide-in-dreamscape,Owen,"The art is decent, but I received a different size than what I ordered. I was disappointed, but they offered a return. If that hadn’t happened, it could have been a higher rating.",2
vibrant-colors-and-bold-shapes-collide-in-dreamscape,Pam,"I’m a repeat customer and for good reason! The selections are diverse, and the quality is consistently excellent. My latest piece fits beautifully in my home!",5
vibrant-colors-and-bold-shapes-collide-in-dreamscape,Quinn,"Had some bumps with the delivery time, but the painting finally arrived, and it’s lovely! I appreciate how they resolve any issues quickly.",4
vibrant-colors-and-bold-shapes-collide-in-dreamscape,Ryan,"The artwork is gorgeous, but it was a bit pricey for what I received. It’s nice, but I think I could find similar pieces for less elsewhere.",3
vibrant-colors-and-bold-shapes-collide-in-dreamscape,Sophie,I was impressed with the variety available on Zenarart. My painting is unique and adds a special touch to my home office. The only downside was how long it took to reach me.,4
vibrant-colors-and-bold-shapes-collide-in-dreamscape,Tyler,"This site has a fantastic range of art, and I loved the specific details on each piece. My purchase came quickly and in excellent condition!",5
vibrant-colors-and-bold-shapes-collide-in-dreamscape,Uma,"Honestly, the painting didn't live up to my expectations. The colors were duller in person, and it felt a bit cheap. I don't think I would purchase again.",2
vibrant-colors-and-bold-shapes-collide-in-dreamscape,Victor,An exceptional buying experience! I found the perfect statement piece for my living room. The quality was superb and the service was excellent. Will recommend to friends!,5
vibrant-colors-and-bold-shapes-collide-in-dreamscape,Wendy,"I loved the quick shipping, but my painting arrived with a slight scratch. Zenarart was supportive in addressing my concerns, so I still appreciate the quality of the art!",4
vibrant-colors-and-bold-shapes-collide-in-dreamscape,Xander,"Purchasing was easy, but I expected more craftsmanship for the price. The painting is okay, but I don't feel it was worth the money.",2
vibrant-colors-and-bold-shapes-collide-in-dreamscape,Yara,"Absolutely stunning piece! It arrived in perfect condition, and the colors are vibrant. It’s exactly what I envisioned for my home. Thank you, Zenarart!",5
vibrant-colors-and-bold-shapes-collide-in-dreamscape,Zack,"The selection of artwork is impressive, but I was disappointed by the customer service when I had a question regarding my order. The art itself was fine.",3
vibrant-colors-and-bold-shapes-collide-in-dreamscape,Amy,"I had a delightful experience shopping on Zenarart! The painting is a gorgeous addition to my collection. The shipping was fast, and it arrived in great condition!",5
vibrant-colors-and-bold-shapes-collide-in-dreamscape,Brian,"The process was easy, but there were some minor issues with delivery. However, the painting itself is beautiful and worth the wait!",4
vibrant-colors-and-bold-shapes-collide-in-dreamscape,Clara,"Unfortunately, my expectations were not met with the recent purchase. The artwork wasn't as described. I wish the images online were more accurate.",2
vibrant-colors-and-bold-shapes-collide-in-dreamscape,Daniel,"I am beyond satisfied with my painting! The design is unique, and it fits my aesthetic perfectly. Shipping was quick, and the packaging was very secure!",5
vibrant-colors-and-bold-shapes-collide-in-dreamscape,Ella,"While the painting is decent, I found the ordering process a bit confusing. I feel there could be enhancements to user experience on the website.",3
vibrant-colors-and-bold-shapes-collide-in-dreamscape,Felix,"Wonderful experience from start to finish! The painting adds so much character to my home, and I am thrilled with my choice. Highly recommend!",5
vibrant-colors-and-bold-shapes-collide-in-dreamscape,Grace,"Good selection of art pieces, but my order took longer to arrive than expected. The painting looks nice in my space, though!",4
vibrant-colors-and-bold-shapes-collide-in-dreamscape,Henry,"Not my best purchase. The art didn’t match the description accurately, and I felt a bit let down. I might consider buying again if improvements are made.",2
vibrant-colors-and-bold-shapes-collide-in-dreamscape,Isla,"What an amazing find! Zenarart has unique pieces that stand out. My painting looks stunning in my home, and I received it in a timely manner.",5
vibrant-colors-and-bold-shapes-collide-in-dreamscape,Jake,"The art is nice, but I had issues with the payment process. After I placed my order, it was hard to get in touch with someone for support.",2
vibrant-colors-and-bold-shapes-collide-in-dreamscape,Kate,Delighted with my experience! The painting I chose has so much personality and arrived beautifully packaged. I've already shared Zenarart with family and friends!,5
vibrant-colors-and-bold-shapes-collide-in-dreamscape,Leo,"I enjoyed browsing the collection, but the shipping time was longer than advertised. The art itself is lovely, though.",3
vibrant-colors-and-bold-shapes-collide-in-dreamscape,Mia,"Incredibly satisfied with my recent purchase! The painting is even more breathtaking than I imagined. The site was easy to navigate, and everything went smoothly!",5
serene-beauty-captured-in-this-stunning-artwork,Alice,"I recently purchased a painting from Zenarart and I'm completely in love with it! The colors are vibrant, and it perfectly complements my living room. The checkout process was smooth, and my art arrived well-packaged and on time. Highly recommend!",5
serene-beauty-captured-in-this-stunning-artwork,Bob,"Honestly, my experience was pretty average. The selection is decent but I found the prices a bit high for what I received. The shipping took longer than expected, which was disappointing. Overall, it's okay, but I probably won't return.",3
serene-beauty-captured-in-this-stunning-artwork,Charlie,Zenarart is a hidden gem! I bought a beautiful abstract piece that was unique and really caught my eye. The whole process from browsing to purchase was seamless. I can't wait to show it off to my friends. Five stars from me!,5
serene-beauty-captured-in-this-stunning-artwork,Debbie,"I ordered a painting and it arrived with a small scratch. I contacted customer service, but the response was slow. While the artwork itself is beautiful, my overall experience was marred by this issue.",2
serene-beauty-captured-in-this-stunning-artwork,Edward,"I'm so impressed with Zenarart! The variety of art styles is fantastic and makes it hard to choose just one! However, I wish they offered more detailed descriptions for each piece. Still, I'm very satisfied with my selection.",4
serene-beauty-captured-in-this-stunning-artwork,Fiona,"What a fantastic website! The paintings are stunning and the shopping experience was fantastic, from browsing to checkout. I especially loved the painting I chose—it has become a focal point in my home.",5
serene-beauty-captured-in-this-stunning-artwork,George,"While I did love the painting, the delivery time was longer than I'd hoped. I had to reach out for updates, which was frustrating. The art itself exceeded my expectations, but the wait put a damper on my excitement.",3
serene-beauty-captured-in-this-stunning-artwork,Hannah,"Absolutely wonderful experience! I found the perfect piece for my office. The colors brighten up my space, and the quality is amazing for the price. Zenarart has definitely won me over. I'll be back for more!",5
serene-beauty-captured-in-this-stunning-artwork,Isaac,"I had high hopes for Zenarart, but the piece I received didn't match the online picture as closely as I'd liked. It's still a good painting, but I feel like I expected something different. A bit disappointing.",2
serene-beauty-captured-in-this-stunning-artwork,Jessica,"I adore my new painting from Zenarart! The colors are more vibrant in person, and it really stands out on my wall. The purchase process was easy and quick. I’d definitely recommend it to fellow art lovers!",5
serene-beauty-captured-in-this-stunning-artwork,Kevin,"Whew, I ran into some issues during checkout and had to contact support. While they were helpful in resolving it, it did add some stress to my experience. The painting ultimately was beautiful, though.",3
serene-beauty-captured-in-this-stunning-artwork,Lara,Zenartart has a lovely collection! I spent hours browsing before I settled on my favorite painting. it brings such warmth to my home. The service was friendly and responsive which is a plus in my book!,4
serene-beauty-captured-in-this-stunning-artwork,Mike,"Purchased a painting that arrived with a noticeable defect. I was disappointed and expected better quality control. While customer service was helpful, I don't think I'll be buying again anytime soon.",2
serene-beauty-captured-in-this-stunning-artwork,Nina,"Fantastic shopping experience! The website is user-friendly, and I found exactly what I was looking for. My painting arrived quickly and securely packaged. Couldn't be happier with my purchase!",5
serene-beauty-captured-in-this-stunning-artwork,Owen,"The selection of abstract art at Zenarart is truly inspiring. I found a piece that resonated with me, but I thought the shipping fees were steep. Overall, a solid experience, even with the extra cost.",4
serene-beauty-captured-in-this-stunning-artwork,Paula,"I had a mixed experience. The art is of good quality, but I dealt with some delays in shipping. I appreciate the art but not sure if I’d add more pieces due to the timing issues.",3
serene-beauty-captured-in-this-stunning-artwork,Quinn,"I love my new painting! It arrived quickly, and the colors match perfectly with my decor. The whole process was a breeze. Zenarart will be my go-to for future art acquisitions!",5
serene-beauty-captured-in-this-stunning-artwork,Rita,"I ordered a large piece, and it came in perfect condition. The quality is excellent, and it really tied my room together. Can't complain at all; I would definitely purchase from Zenarart again!",5
serene-beauty-captured-in-this-stunning-artwork,Sam,"I found the ordering process simple and enjoyable. However, the painting looked different from the photo on the website, which was slightly disappointing. But it’s still a nice piece and fits well in my home.",3
serene-beauty-captured-in-this-stunning-artwork,Tina,"I was blown away by the selection—so much to choose from! I finally settled on one that's perfect for my bedroom. The process was smooth, and my painting arrived sooner than expected. Just amazing!",5
serene-beauty-captured-in-this-stunning-artwork,Ulysses,"My experience was pretty average. The artwork is good, but I expected more variety in styles. It took a while to receive my order, which put a damper on my excitement initially.",3
serene-beauty-captured-in-this-stunning-artwork,Vera,"Zenarart is fantastic! I found a piece that speaks to my soul. The quality is evident, and it makes a great conversation starter. Looking forward to purchasing more art in the near future!",5
serene-beauty-captured-in-this-stunning-artwork,Walter,"I had a frustrating experience with my order. The painting had a small defect, and while they offered a replacement, it took too long. I appreciate the effort but need faster resolutions.",2
serene-beauty-captured-in-this-stunning-artwork,Xena,"What an easy shopping experience! My painting is exactly what I hoped for—striking and original. The website is gorgeous and intuitive, making the whole process enjoyable.",5
serene-beauty-captured-in-this-stunning-artwork,Yasmine,"I purchased a lovely abstract piece and it absolutely transformed my living space. The delivery was prompt, and the customer service was helpful when I had questions. I am a satisfied customer!",5
serene-beauty-captured-in-this-stunning-artwork,Zach,"The art is pretty nice, but I was disappointed with the delivery time. It took longer than stated, which affected my enthusiasm for the piece. I would still recommend them for the quality, though.",3
serene-beauty-captured-in-this-stunning-artwork,Aria,"I can't say enough good things about my experience! The painting I chose is stunning, and the shipping was super quick. It's already a focal point in my office, and everyone admires it!",5
serene-beauty-captured-in-this-stunning-artwork,Ben,"The website is easy to navigate, and the selection is impressive. I struggled to decide but am happy with my final choice. The quality is great overall, but I'm not sure about the pricing.",4
serene-beauty-captured-in-this-stunning-artwork,Clara,"I had a wonderful experience buying a painting from Zenarart! The colors are vibrant and lively in person. It truly enhances my home decor! I'll be returning for more pieces, that’s for sure!",5
serene-beauty-captured-in-this-stunning-artwork,Derek,"I appreciate the effort Zenarart puts into their art, but my painting arrived later than expected and was different than what I anticipated. Still, it complements my collection well. Mixed feelings overall.",3
serene-beauty-captured-in-this-stunning-artwork,Elena,I'm over the moon with my recent purchase! The painting arrived in perfect condition and looks stunning on my wall. Zenarart has a unique collection that stands out from other sites.,5
serene-beauty-captured-in-this-stunning-artwork,Finn,"Great experience overall, but I expected my order to ship faster. The painting is beautiful and fits nicely with my decor. I'd likely buy again, provided the shipping times improve.",4
serene-beauty-captured-in-this-stunning-artwork,Grace,Zenarart provided me with a pretty good shopping experience. The site has a wealth of options to choose from. My painting looks amazing in my dining area. I’ll recommend it to my friends!,4
serene-beauty-captured-in-this-stunning-artwork,Hunter,"I experienced some hiccups with my order, and the response time from customer service was slower than I'd like. However, the artwork itself is beautiful, which saves the day!",3
serene-beauty-captured-in-this-stunning-artwork,Isla,"My shopping experience was delightful! Zenarart has a wonderful selection, and the colors in my painting are just captivating. Definitely planning to purchase more for different rooms!",5
serene-beauty-captured-in-this-stunning-artwork,Jake,"The art did not quite meet my expectations regarding vibrancy and detail compared to the photos online. However, it’s still an impressive piece. I would suggest improvements in the online display.",3
serene-beauty-captured-in-this-stunning-artwork,Kara,"Incredible quality and even better than I imagined! The entire purchasing process was easy, and my painting arrived quickly. I am excited to start my own art collection with Zenarart!",5
serene-beauty-captured-in-this-stunning-artwork,Leo,"I ordered a print that turned out to be less vibrant in color than I had expected. The overall quality is decent, but I might explore other options for my next purchase.",3
serene-beauty-captured-in-this-stunning-artwork,Maya,"From selection to delivery, Zenarart made the entire experience enjoyable! The painting I selected has become a conversation starter, and I couldn't be happier with my purchase.",5
serene-beauty-captured-in-this-stunning-artwork,Noah,"I had a frustrating experience with a delayed shipment. The artwork was beautiful once it arrived, but the wait was a drawback. I’d consider buying again if they improve delivery times.",3
serene-beauty-captured-in-this-stunning-artwork,Olivia,What a beautiful selection of art! The piece I chose is simply stunning and adds so much character to my home. I was very pleased with the service and fast shipping.,5
serene-beauty-captured-in-this-stunning-artwork,Paul,"The art is nice, but there was a little mishap during shipping that dented my piece slightly. However, customer service was quick to assist me, which I appreciate. Overall impression is mixed.",3
serene-beauty-captured-in-this-stunning-artwork,Renee,"Just received my order, and I am thrilled! Beautiful painting that looks even better in person. The shipping was fast, and I loved how well it was packaged. Thank you, Zenarart!",5
serene-beauty-captured-in-this-stunning-artwork,Steve,"The selection at Zenarart is quite extensive. I found a unique piece; however, the delivery took longer than I anticipated. Would love to see improvements in this aspect.",3
serene-beauty-captured-in-this-stunning-artwork,Tara,"I’m absolutely delighted with my new artwork! The process was smooth, and my painting arrived in perfect condition. It adds such a personal touch to my space. Highly recommend!",5
